<?xml version="1.0" encoding="utf-8"?>
<COLLADA xmlns="http://www.collada.org/2005/11/COLLADASchema" version="1.4.1" xmlns:xsi="http://www.w3.org/2001/XMLSchema-instance">
  <asset>
    <contributor>
      <author>Blender User</author>
      <authoring_tool>Blender 4.5.3 LTS commit date:2025-09-08, commit time:12:46, hash:67807e1800cc</authoring_tool>
    </contributor>
    <created>2025-10-12T03:03:30</created>
    <modified>2025-10-12T03:03:30</modified>
    <unit name="meter" meter="1"/>
    <up_axis>Z_UP</up_axis>
  </asset>
  <library_effects>
    <effect id="capo-effect">
      <profile_COMMON>
        <newparam sid="coche_png-surface">
          <surface type="2D">
            <init_from>coche_png</init_from>
          </surface>
        </newparam>
        <newparam sid="coche_png-sampler">
          <sampler2D>
            <source>coche_png-surface</source>
          </sampler2D>
        </newparam>
        <technique sid="common">
          <lambert>
            <emission>
              <color sid="emission">0 0 0 1</color>
            </emission>
            <diffuse>
              <texture texture="coche_png-sampler" texcoord="UVMap"/>
            </diffuse>
            <reflectivity>
              <float sid="specular">1</float>
            </reflectivity>
            <index_of_refraction>
              <float sid="ior">1.5</float>
            </index_of_refraction>
          </lambert>
        </technique>
      </profile_COMMON>
    </effect>
  </library_effects>
  <library_images>
    <image id="coche_png" name="coche_png">
      <init_from>/C:/Users/joses/OneDrive/Escritorio/coche.png</init_from>
    </image>
  </library_images>
  <library_materials>
    <material id="capo-material" name="capo">
      <instance_effect url="#capo-effect"/>
    </material>
  </library_materials>
  <library_geometries>
    <geometry id="Plane_005-mesh" name="Plane.005">
      <mesh>
        <source id="Plane_005-mesh-positions">
          <float_array id="Plane_005-mesh-positions-array" count="4536">0.1838673 -0.1039753 -0.03087419 0.1833108 -0.1087866 -0.02709001 0.1836861 -0.1046199 -0.02846115 0.1833634 -0.1063808 -0.02710574 0.1783327 -0.1047318 -0.03547948 0.1746106 -0.1088092 -0.03581511 0.1797929 -0.1300526 -0.03581225 0.1749225 -0.1067317 -0.03561472 0.1765736 -0.1087983 -0.03007745 0.1782226 -0.1046213 -0.03049117 0.1768285 -0.1063867 -0.0299313 0.181236 -0.1039753 -0.03147393 0.1796541 -0.1087908 -0.0281226 0.1807546 -0.1046203 -0.02914673 0.1798157 -0.106383 -0.02807623 0.1865237 -0.1039753 -0.0309028 0.1872745 -0.1087867 -0.027134 0.1868268 -0.1046199 -0.02848762 0.18721 -0.1063809 -0.02714604 0.189117 -0.1039753 -0.03156822 0.1908765 -0.1087914 -0.02827316 0.1897201 -0.1046205 -0.02924877 0.1907047 -0.1063833 -0.02821737 0.191233 -0.1039753 -0.03319805 0.1938543 -0.1087992 -0.03036612 0.1921759 -0.1046214 -0.03070896 0.1935921 -0.1063871 -0.03020852 0.1918761 -0.1047318 -0.03573119 0.1784007 -0.1280118 -0.0354616 0.1903514 -0.1300397 -0.03587013 0.1850891 -0.1280139 -0.03259807 0.1850871 -0.1317004 -0.03825432 0.1850843 -0.1300143 -0.03394865 0.1815126 -0.128021 -0.03309339 0.1818832 -0.1299661 -0.03426027 0.177627 -0.1277341 -0.03771936 0.179277 -0.129777 -0.03795331 0.1917323 -0.1280093 -0.03551387 0.1910282 -0.1297578 -0.03817421 0.1886588 -0.1280098 -0.03310662 0.1884285 -0.131501 -0.03829783 0.1882842 -0.1299666 -0.03429478 0.1815479 -0.1313142 -0.03591626 0.1886406 -0.131362 -0.03604537 0.1762254 -0.105296 -0.03549641 0.1940031 -0.1052973 -0.03582686 0.1850882 -0.1316214 -0.03597104 0.1953176 -0.106736 -0.03599399 0.195632 -0.1088157 -0.03620618 0.1937065 -0.1046229 -0.03329145 0.1927331 -0.1277365 -0.03800606 0.1956712 -0.1088102 -0.03375279 0.1953241 -0.1063929 -0.03349775 0.1746014 -0.108809 -0.0333479 0.1749444 -0.1063923 -0.03310519 0.1790199 -0.1039753 -0.03296345 0.1765524 -0.1046227 -0.03295987 0.1817842 -0.1314683 -0.03816872 0.1742049 -0.106395 -0.03466552 0.1738417 -0.108814 -0.03489845 0.1768993 -0.1279969 -0.03682881 0.1787625 -0.1303145 -0.03709375 0.1886452 -0.1322458 -0.0374723 0.1850817 -0.1324585 -0.03742593 0.1944158 -0.1046238 -0.03486573 0.1960349 -0.1063956 -0.03507131 0.1964007 -0.1088151 -0.03531783 0.1934605 -0.1280043 -0.03714329 0.1782336 -0.1039753 -0.03450065 0.1919772 -0.1039753 -0.03475612 0.1915372 -0.1302979 -0.03733408 0.1815638 -0.1322112 -0.03733485 0.1758124 -0.1046237 -0.03451997 0.1851265 -0.1039753 -0.03308075 0.1851054 -0.1039753 -0.03462839 0.1851044 -0.1047318 -0.03560537 -0.1857908 -0.1039753 -0.03087419 -0.1852343 -0.1087866 -0.02709001 -0.1856097 -0.1046199 -0.02846115 -0.185287 -0.1063808 -0.02710574 -0.1802563 -0.1047318 -0.03547948 -0.1765342 -0.1088092 -0.03581511 -0.1817165 -0.1300526 -0.03581225 -0.1768461 -0.1067317 -0.03561472 -0.1784971 -0.1087983 -0.03007745 -0.1801462 -0.1046213 -0.03049117 -0.178752 -0.1063867 -0.0299313 -0.1831595 -0.1039753 -0.03147393 -0.1815776 -0.1087908 -0.0281226 -0.1826782 -0.1046203 -0.02914673 -0.1817392 -0.106383 -0.02807623 -0.1884472 -0.1039753 -0.0309028 -0.1891981 -0.1087867 -0.027134 -0.1887504 -0.1046199 -0.02848762 -0.1891336 -0.1063809 -0.02714604 -0.1910406 -0.1039753 -0.03156822 -0.1928001 -0.1087914 -0.02827316 -0.1916437 -0.1046205 -0.02924877 -0.1926283 -0.1063833 -0.02821737 -0.1931565 -0.1039753 -0.03319805 -0.1957778 -0.1087992 -0.03036612 -0.1940994 -0.1046214 -0.03070896 -0.1955157 -0.1063871 -0.03020852 -0.1937996 -0.1047318 -0.03573119 -0.1803243 -0.1280118 -0.0354616 -0.192275 -0.1300397 -0.03587013 -0.1870127 -0.1280139 -0.03259807 -0.1870107 -0.1317004 -0.03825432 -0.1870079 -0.1300143 -0.03394865 -0.1834362 -0.128021 -0.03309339 -0.1838067 -0.1299661 -0.03426027 -0.1795506 -0.1277341 -0.03771936 -0.1812006 -0.129777 -0.03795331 -0.1936559 -0.1280093 -0.03551387 -0.1929517 -0.1297578 -0.03817421 -0.1905823 -0.1280098 -0.03310662 -0.1903521 -0.131501 -0.03829783 -0.1902078 -0.1299666 -0.03429478 -0.1834715 -0.1313142 -0.03591626 -0.1905642 -0.131362 -0.03604537 -0.178149 -0.105296 -0.03549641 -0.1959266 -0.1052973 -0.03582686 -0.1870117 -0.1316214 -0.03597104 -0.1972411 -0.106736 -0.03599399 -0.1975556 -0.1088157 -0.03620618 -0.1956301 -0.1046229 -0.03329145 -0.1946566 -0.1277365 -0.03800606 -0.1975947 -0.1088102 -0.03375279 -0.1972476 -0.1063929 -0.03349775 -0.176525 -0.108809 -0.0333479 -0.176868 -0.1063923 -0.03310519 -0.1809435 -0.1039753 -0.03296345 -0.1784759 -0.1046227 -0.03295987 -0.1837078 -0.1314683 -0.03816872 -0.1761285 -0.106395 -0.03466552 -0.1757652 -0.108814 -0.03489845 -0.1788228 -0.1279969 -0.03682881 -0.1806861 -0.1303145 -0.03709375 -0.1905688 -0.1322458 -0.0374723 -0.1870052 -0.1324585 -0.03742593 -0.1963393 -0.1046238 -0.03486573 -0.1979584 -0.1063956 -0.03507131 -0.1983242 -0.1088151 -0.03531783 -0.1953841 -0.1280043 -0.03714329 -0.1801571 -0.1039753 -0.03450065 -0.1939007 -0.1039753 -0.03475612 -0.1934608 -0.1302979 -0.03733408 -0.1834874 -0.1322112 -0.03733485 -0.177736 -0.1046237 -0.03451997 -0.1870501 -0.1039753 -0.03308075 -0.187029 -0.1039753 -0.03462839 -0.1870279 -0.1047318 -0.03560537 -9.61782e-4 -1.010448 -0.1593025 -9.61797e-4 -1.036321 -0.163755 -9.61786e-4 -1.018448 -0.1598374 0.003490209 -1.010664 -0.1593667 6.98884e-4 -1.036401 -0.1637859 0.002645552 -1.018623 -0.1598941 0.007893502 -1.01131 -0.1595599 0.00234133 -1.036639 -0.1638784 0.006213366 -1.019146 -0.1600643 0.01219975 -1.012379 -0.1598823 0.003947556 -1.037033 -0.1640318 0.009702622 -1.020011 -0.1603478 0.01636177 -1.013857 -0.1603351 0.005500018 -1.037579 -0.1642451 0.01307499 -1.021207 -0.1607446 0.020334 -1.015726 -0.1609191 0.00698173 -1.038269 -0.1645168 0.01629358 -1.022721 -0.161254 0.02407294 -1.017965 -0.1616352 0.008376359 -1.039097 -0.1648448 0.01932311 -1.024535 -0.1618753 0.02753758 -1.020546 -0.1624833 0.009668767 -1.040052 -0.1652266 0.02213042 -1.026626 -0.1626067 0.03068995 -1.023439 -0.1634629 0.01084458 -1.041124 -0.1656594 0.02468472 -1.02897 -0.1634461 0.03349554 -1.026608 -0.1645719 0.01189112 -1.042301 -0.1661395 0.02695804 -1.03154 -0.1643899 0.03592365 -1.030017 -0.1658065 0.01279681 -1.043569 -0.1666629 0.02892541 -1.034305 -0.1654333 0.03794759 -1.033625 -0.1671612 0.01355177 -1.044914 -0.1672249 0.03056538 -1.037234 -0.1665701 0.03954529 -1.03739 -0.1686279 0.01414769 -1.046321 -0.1678203 0.03185993 -1.040291 -0.1677923 0.04069912 -1.041268 -0.1701962 0.0145781 -1.047774 -0.1684435 0.03279489 -1.043444 -0.1690903 0.04139655 -1.045215 -0.1718531 0.01483827 -1.049256 -0.1690881 0.03335994 -1.046654 -0.1704527 0.04162985 -1.049185 -0.1735826 0.0149253 -1.050753 -0.1697476 0.03354901 -1.049887 -0.1718659 0.04139655 -1.053134 -0.1753666 0.01483827 -1.052246 -0.1704146 0.03335994 -1.053106 -0.1733151 0.04069912 -1.057018 -0.1771843 0.0145781 -1.05372 -0.171082 0.03279489 -1.056275 -0.1747835 0.03954529 -1.060796 -0.1790129 0.01414769 -1.055159 -0.1717418 0.03185993 -1.059361 -0.1762534 0.03794759 -1.064427 -0.1808279 0.01355177 -1.056547 -0.1723863 0.03056538 -1.062331 -0.1777055 0.03592365 -1.067873 -0.1826037 0.01279681 -1.057869 -0.1730076 0.02892541 -1.065152 -0.1791203 0.03349554 -1.071099 -0.1843137 0.01189112 -1.059111 -0.173598 0.02695804 -1.067797 -0.1804776 0.03068995 -1.074073 -0.1859314 0.01084458 -1.06026 -0.1741498 0.02468472 -1.070237 -0.1817573 0.02753758 -1.076765 -0.187431 0.009668707 -1.061304 -0.1746559 0.02213042 -1.072449 -0.1829401 0.02407294 -1.07915 -0.1887877 0.008376419 -1.062232 -0.1751095 0.01932317 -1.074411 -0.1840075 0.020334 -1.081207 -0.1899785 0.00698173 -1.063034 -0.1755044 0.01629358 -1.076104 -0.1849423 0.01636177 -1.082914 -0.1909829 0.005500018 -1.063701 -0.1758354 0.01307499 -1.077511 -0.1857295 0.01219975 -1.084259 -0.1917834 0.003947556 -1.064228 -0.1760977 0.009702622 -1.078619 -0.1863558 0.007893502 -1.085227 -0.1923656 0.00234133 -1.064608 -0.1762878 0.006213366 -1.079418 -0.186811 0.003490209 -1.085812 -0.1927191 6.98899e-4 -1.064837 -0.1764029 0.002645552 -1.0799 -0.1870872 -9.61782e-4 -1.086007 -0.1928377 -9.61797e-4 -1.064914 -0.1764414 -9.61786e-4 -1.080061 -0.1871798 -0.00541377 -1.085812 -0.1927191 -0.002622425 -1.064837 -0.1764029 -0.004569113 -1.0799 -0.1870872 -0.009817063 -1.085227 -0.1923656 -0.004264831 -1.064608 -0.1762878 -0.008136928 -1.079418 -0.186811 -0.01412332 -1.084259 -0.1917834 -0.005871117 -1.064228 -0.1760977 -0.01162618 -1.078619 -0.1863558 -0.01828533 -1.082914 -0.1909829 -0.007423639 -1.063701 -0.1758354 -0.01499855 -1.077511 -0.1857295 -9.62115e-4 -1.05107 -0.1689722 -0.02225756 -1.081207 -0.1899785 -0.008905291 -1.063034 -0.1755044 -0.01821714 -1.076104 -0.1849423 -0.0259965 -1.07915 -0.1887877 -0.01029998 -1.062232 -0.1751095 -0.02124673 -1.074411 -0.1840075 -0.02946114 -1.076765 -0.187431 -0.01159232 -1.061304 -0.1746559 -0.02405399 -1.072449 -0.1829401 -0.03261351 -1.074073 -0.1859314 -0.01276814 -1.06026 -0.1741498 -0.02660828 -1.070237 -0.1817573 -0.0354191 -1.071099 -0.1843137 -0.01381468 -1.059111 -0.173598 -0.0288816 -1.067797 -0.1804776 -0.03784722 -1.067873 -0.1826037 -0.01472038 -1.057869 -0.1730076 -0.03084897 -1.065152 -0.1791203 -0.03987115 -1.064427 -0.1808279 -0.01547533 -1.056547 -0.1723863 -0.03248894 -1.062331 -0.1777055 -0.04146885 -1.060796 -0.1790129 -0.01607125 -1.055159 -0.1717418 -0.03378349 -1.059361 -0.1762534 -0.04262268 -1.057018 -0.1771843 -0.01650166 -1.05372 -0.171082 -0.03471845 -1.056275 -0.1747835 -0.04332011 -1.053134 -0.1753666 -0.01676183 -1.052246 -0.1704146 -0.0352835 -1.053106 -0.1733151 -0.04355341 -1.049185 -0.1735826 -0.01684886 -1.050753 -0.1697476 -0.03547257 -1.049887 -0.1718659 -0.04332011 -1.045215 -0.1718531 -0.01676183 -1.049256 -0.1690881 -0.0352835 -1.046654 -0.1704527 -0.04262268 -1.041268 -0.1701962 -0.01650166 -1.047774 -0.1684435 -0.03471845 -1.043444 -0.1690903 -0.04146885 -1.03739 -0.1686279 -0.01607125 -1.046321 -0.1678203 -0.03378349 -1.040291 -0.1677923 -0.03987115 -1.033625 -0.1671612 -0.01547533 -1.044914 -0.1672249 -0.03248894 -1.037234 -0.1665701 -0.03784722 -1.030017 -0.1658065 -0.01472038 -1.043569 -0.1666629 -0.03084897 -1.034305 -0.1654333 -0.0354191 -1.026608 -0.1645719 -0.01381468 -1.042301 -0.1661395 -0.0288816 -1.03154 -0.1643899 -0.03261351 -1.023439 -0.1634629 -0.01276814 -1.041124 -0.1656594 -0.02660828 -1.02897 -0.1634461 -0.02946114 -1.020546 -0.1624833 -0.01159232 -1.040052 -0.1652266 -0.02405399 -1.026626 -0.1626067 -0.0259965 -1.017965 -0.1616352 -0.01029992 -1.039097 -0.1648448 -0.02124667 -1.024535 -0.1618753 -0.02225756 -1.015726 -0.1609191 -0.008905291 -1.038269 -0.1645168 -0.01821714 -1.022721 -0.161254 -0.01828533 -1.013857 -0.1603351 -0.007423639 -1.037579 -0.1642451 -0.01499855 -1.021207 -0.1607446 -0.01412332 -1.012379 -0.1598823 -0.005871117 -1.037033 -0.1640318 -0.01162618 -1.020011 -0.1603478 -0.009817063 -1.01131 -0.1595599 -0.004264891 -1.036639 -0.1638784 -0.008136987 -1.019146 -0.1600643 -0.00541377 -1.010664 -0.1593667 -0.002622425 -1.036401 -0.1637859 -0.004569113 -1.018623 -0.1598941 0.003281176 -1.012631 -0.1594778 -9.61783e-4 -1.012424 -0.1594152 0.0074777 -1.013246 -0.1596658 0.01158171 -1.014265 -0.1599796 0.01554834 -1.015673 -0.1604198 0.01933407 -1.017454 -0.1609869 0.02289742 -1.019588 -0.1616812 0.0261994 -1.022048 -0.1625025 0.02920377 -1.024805 -0.1634493 0.03187763 -1.027826 -0.1645193 0.03419172 -1.031076 -0.1657086 0.03612065 -1.034516 -0.167011 0.03764325 -1.038107 -0.1684187 0.03874295 -1.041805 -0.1699212 0.03940761 -1.04557 -0.171506 0.03962999 -1.049358 -0.1731578 0.03940761 -1.053128 -0.1748591 0.03874295 -1.056836 -0.1765902 0.03764325 -1.060444 -0.1783295 0.03612065 -1.063912 -0.180054 0.03419172 -1.067205 -0.1817393 0.03187763 -1.070288 -0.1833609 0.02920377 -1.073132 -0.1848937 0.0261994 -1.075706 -0.1863136 0.02289742 -1.077988 -0.1875973 0.01933407 -1.079956 -0.1887236 0.01554834 -1.08159 -0.1896731 0.01158171 -1.082877 -0.1904296 0.0074777 -1.083804 -0.1909797 0.003281176 -1.084364 -0.1913137 -9.61783e-4 -1.084551 -0.1914257 -0.005204737 -1.084364 -0.1913137 -0.009401261 -1.083804 -0.1909797 -0.01350528 -1.082877 -0.1904296 -0.0174719 -1.08159 -0.1896731 -0.02125763 -1.079956 -0.1887236 -0.02482098 -1.077988 -0.1875973 -0.02812296 -1.075706 -0.1863136 -0.03112733 -1.073132 -0.1848937 -0.03380119 -1.070288 -0.1833609 -0.03611528 -1.067205 -0.1817393 -0.03804421 -1.063912 -0.180054 -0.03956681 -1.060444 -0.1783295 -0.04066652 -1.056836 -0.1765902 -0.04133117 -1.053128 -0.1748591 -0.04155355 -1.049358 -0.1731578 -0.04133117 -1.04557 -0.171506 -0.04066652 -1.041805 -0.1699212 -0.03956681 -1.038107 -0.1684187 -0.03804421 -1.034516 -0.167011 -0.03611528 -1.031076 -0.1657086 -0.03380119 -1.027826 -0.1645193 -0.03112733 -1.024805 -0.1634493 -0.02812296 -1.022048 -0.1625025 -0.02482098 -1.019588 -0.1616812 -0.02125763 -1.017454 -0.1609869 -0.0174719 -1.015673 -0.1604198 -0.01350528 -1.014265 -0.1599796 -0.009401261 -1.013246 -0.1596658 -0.005204737 -1.012631 -0.1594778 -9.61782e-4 -1.010023 -0.1608518 0.003490209 -1.010239 -0.1609158 -0.00541377 -1.010239 -0.1609158 0.007893502 -1.010882 -0.161108 0.01219975 -1.011945 -0.1614289 0.01636177 -1.013416 -0.1618796 0.020334 -1.015277 -0.1624609 0.02407294 -1.017505 -0.1631735 0.02753758 -1.020074 -0.1640177 0.03068995 -1.022953 -0.1649927 0.03349554 -1.026108 -0.1660964 0.03592365 -1.029501 -0.1673253 0.03794759 -1.033092 -0.1686736 0.03954529 -1.036839 -0.1701334 0.04069912 -1.040699 -0.1716943 0.04139655 -1.044627 -0.1733434 0.04162985 -1.048578 -0.1750648 0.04139655 -1.052508 -0.1768404 0.04069912 -1.056375 -0.1786496 0.03954529 -1.060135 -0.1804696 0.03794759 -1.063748 -0.1822761 0.03592365 -1.067178 -0.1840435 0.03349554 -1.070389 -0.1857454 0.03068995 -1.073349 -0.1873556 0.02753758 -1.076029 -0.1888482 0.02407294 -1.078403 -0.1901986 0.020334 -1.080449 -0.1913838 0.01636177 -1.082149 -0.1923835 0.01219975 -1.083487 -0.1931802 0.007893502 -1.084451 -0.1937596 0.003490209 -1.085033 -0.1941115 -9.61782e-4 -1.085227 -0.1942296 -0.00541377 -1.085033 -0.1941115 -0.009817063 -1.084451 -0.1937596 -0.01412332 -1.083487 -0.1931802 -0.01828533 -1.082149 -0.1923835 -0.02225756 -1.080449 -0.1913838 -0.0259965 -1.078403 -0.1901986 -0.02946114 -1.076029 -0.1888482 -0.03261351 -1.073349 -0.1873556 -0.0354191 -1.070389 -0.1857454 -0.03784722 -1.067178 -0.1840435 -0.03987115 -1.063748 -0.1822761 -0.04146885 -1.060135 -0.1804696 -0.04262268 -1.056375 -0.1786496 -0.04332011 -1.052508 -0.1768404 -0.04355341 -1.048578 -0.1750648 -0.04332011 -1.044627 -0.1733434 -0.04262268 -1.040699 -0.1716943 -0.04146885 -1.036839 -0.1701334 -0.03987115 -1.033092 -0.1686736 -0.03784722 -1.029501 -0.1673253 -0.0354191 -1.026108 -0.1660964 -0.03261351 -1.022953 -0.1649927 -0.02946114 -1.020074 -0.1640177 -0.0259965 -1.017505 -0.1631735 -0.02225756 -1.015277 -0.1624609 -0.01828533 -1.013416 -0.1618796 -0.01412332 -1.011945 -0.1614289 -0.009817063 -1.010882 -0.161108 -9.52509e-4 -1.008426 -0.1652689 0.003499507 -1.00864 -0.1653325 0.007902741 -1.009279 -0.1655237 0.01220899 -1.010337 -0.1658429 0.01637107 -1.0118 -0.1662911 0.0203433 -1.013651 -0.1668692 0.02408224 -1.015867 -0.167578 0.02754682 -1.018422 -0.1684176 0.03069925 -1.021285 -0.1693873 0.03350484 -1.024423 -0.170485 0.03593289 -1.027798 -0.1717072 0.03795689 -1.031369 -0.1730482 0.03955453 -1.035096 -0.1745001 0.04070842 -1.038935 -0.1760526 0.04140579 -1.042841 -0.1776927 0.04163914 -1.046771 -0.1794048 0.04140579 -1.05068 -0.1811707 0.04070842 -1.054526 -0.1829701 0.03955453 -1.058265 -0.1847803 0.03795689 -1.06186 -0.186577 0.03593289 -1.065271 -0.1883348 0.03350484 -1.068464 -0.1900276 0.03069925 -1.071408 -0.1916291 0.02754682 -1.074074 -0.1931136 0.02408224 -1.076435 -0.1944566 0.0203433 -1.07847 -0.1956355 0.01637107 -1.080161 -0.1966298 0.01220899 -1.081492 -0.1974222 0.007902741 -1.082451 -0.1979985 0.003499507 -1.083029 -0.1983485 -9.52509e-4 -1.083223 -0.1984659 -0.005404531 -1.083029 -0.1983485 -0.009807765 -1.082451 -0.1979985 -0.01411402 -1.081492 -0.1974222 -0.01827609 -1.080161 -0.1966298 -0.02224832 -1.07847 -0.1956355 -0.0259872 -1.076435 -0.1944566 -0.02945184 -1.074074 -0.1931136 -0.03260427 -1.071408 -0.1916291 -0.03540986 -1.068464 -0.1900276 -0.03783792 -1.065271 -0.1883348 -0.03986191 -1.06186 -0.186577 -0.04145956 -1.058265 -0.1847803 -0.04261344 -1.054526 -0.1829701 -0.04331082 -1.05068 -0.1811707 -0.04354417 -1.046771 -0.1794048 -0.04331082 -1.042841 -0.1776927 -0.04261344 -1.038935 -0.1760526 -0.04145956 -1.035096 -0.1745001 -0.03986191 -1.031369 -0.1730482 -0.03783792 -1.027798 -0.1717072 -0.03540986 -1.024423 -0.170485 -0.03260427 -1.021285 -0.1693873 -0.02945184 -1.018422 -0.1684176 -0.0259872 -1.015867 -0.167578 -0.02224832 -1.013651 -0.1668692 -0.01827609 -1.0118 -0.1662911 -0.01411402 -1.010337 -0.1658429 -0.009807765 -1.009279 -0.1655237 -0.005404531 -1.00864 -0.1653325 -9.61781e-4 -1.009441 -0.1672927 0.0111078 -1.011079 -0.1680316 0.02214717 -1.016081 -0.1699436 0.03102886 -1.024077 -0.1729536 0.03681468 -1.034285 -0.1768121 0.03887629 -1.045534 -0.1815006 0.03696793 -1.056761 -0.1862556 0.03129476 -1.066543 -0.1911149 0.02241122 -1.074058 -0.1952883 0.01124942 -1.078737 -0.19793 -9.61781e-4 -1.080336 -0.1987109 0.6739613 0.1375292 -0.05599689 0.677524 -0.1399355 -0.08414363 0.675996 -0.4171079 -0.1037766 0.6728402 -0.6213163 -0.1258357 0.6654859 -0.8476642 -0.1651191 0.6771972 0.06915336 -0.07404243 0.6770011 -0.2795666 -0.09315007 0.6693145 -0.7451614 -0.1455585 0.6742337 -0.5544885 -0.1172412 0.6776822 -0.06865555 -0.07993072 0.6773096 -0.210084 -0.08849841 0.6765522 -0.3482595 -0.09823781 0.6752437 -0.4857853 -0.1099908 0.6711713 -0.6853138 -0.1354588 0.6674116 -0.7993813 -0.1554617 0.6567352 -0.9792994 -0.2056806 0.6593226 -0.958294 -0.1944676 0.661745 -0.9281651 -0.1835443 0.6635989 -0.8906523 -0.1745126 0.6243906 -0.9860486 -0.2006964 0.6541008 -0.9937626 -0.2168067 0.6243588 -1.000696 -0.2124411 0.2829813 -0.07304102 -0.03937768 0.1689013 -1.056385 -0.1836584 0.1732428 -1.025262 -0.1706727 0.1656415 -1.077196 -0.1976071 0.275343 -0.1416282 -0.0457583 0.2341987 -0.5109736 -0.08018523 0.1915577 -0.8774477 -0.1355243 0.241097 -0.4494732 -0.07390189 0.1988477 -0.8168487 -0.1235876 0.2479596 -0.3879216 -0.06809544 0.2060517 -0.7559837 -0.1129731 0.2548042 -0.3263463 -0.06252831 0.2131797 -0.6949162 -0.10349 0.2616456 -0.2647674 -0.05700302 0.2202445 -0.6337115 -0.09490782 0.1785421 -0.9845022 -0.1592989 0.2684917 -0.2031943 -0.05141478 0.2272503 -0.5723937 -0.08715003 0.1842006 -0.9378256 -0.1485096 0.3939399 -1.042104 -0.2018103 0.3956446 -1.023783 -0.1885742 0.3978492 -0.9953402 -0.1755505 0.4533082 -0.05610293 -0.04908448 0.4498175 -0.1184483 -0.05428105 0.4286183 -0.4919418 -0.0865671 0.4068732 -0.8582981 -0.141355 0.4321818 -0.4281429 -0.08037692 0.4104204 -0.8017393 -0.1304066 0.4357263 -0.3644613 -0.07466328 0.4140348 -0.7425355 -0.1201245 0.4392533 -0.3005992 -0.06925266 0.4176988 -0.6814175 -0.1103484 0.4427966 -0.2368476 -0.06401926 0.4213804 -0.6187794 -0.1013347 0.4005094 -0.9559895 -0.1638423 0.4463167 -0.1729002 -0.05877393 0.4250288 -0.5553752 -0.09342807 0.4033852 -0.9123517 -0.1532508 0.4906668 -1.025582 -0.2053897 0.4916642 -1.008651 -0.1927065 0.4929777 -0.9819669 -0.1799337 0.5258362 -0.03942883 -0.05393195 0.523741 -0.1027234 -0.05979114 0.5111436 -0.4841974 -0.09174031 0.4982474 -0.8502609 -0.1463273 0.5132712 -0.4194393 -0.0855835 0.5003024 -0.79542 -0.1357814 0.5153816 -0.3546284 -0.07988446 0.5024263 -0.7370818 -0.1256596 0.5174807 -0.28974 -0.07453286 0.5046077 -0.6759775 -0.1157589 0.5195743 -0.2247715 -0.06939512 0.5068084 -0.6129508 -0.1065816 0.4945985 -0.944121 -0.1681713 0.5216669 -0.1598134 -0.06429439 0.5089911 -0.5488141 -0.09860986 0.4962523 -0.9014324 -0.1577287 0.2824434 -1.059895 -0.1990017 0.2849255 -1.040226 -0.1853327 0.2881684 -1.010333 -0.1722427 0.3697119 -0.06849718 -0.04370492 0.3644214 -0.1326521 -0.04913252 0.3336237 -0.5015681 -0.08245569 0.3016764 -0.8680847 -0.1375568 0.3388304 -0.4388837 -0.07621753 0.3070136 -0.809502 -0.1261046 0.3440049 -0.3761534 -0.07044976 0.3123643 -0.7495075 -0.1156585 0.3491615 -0.3133848 -0.06496047 0.317723 -0.6883996 -0.1060215 0.3543127 -0.2505893 -0.05957496 0.3230678 -0.6265139 -0.09722352 0.2920436 -0.9700855 -0.1607885 0.3594658 -0.187804 -0.05416256 0.3283716 -0.5641573 -0.08938729 0.2963588 -0.925217 -0.1499935 0.5683521 -1.011566 -0.2090306 0.5687735 -0.9959048 -0.1969176 0.5693405 -0.971012 -0.1844822 0.5843549 -0.01532763 -0.05913585 0.5833448 -0.0863766 -0.06476646 0.5774337 -0.478537 -0.09698182 0.5716639 -0.8442608 -0.1514749 0.5783893 -0.4130142 -0.09084278 0.5725731 -0.7907584 -0.1412233 0.5793399 -0.3470364 -0.08512789 0.573521 -0.7332643 -0.1312468 0.5802847 -0.2812572 -0.07981544 0.5744988 -0.672186 -0.1212412 0.5812366 -0.2149713 -0.07473009 0.5754899 -0.6090699 -0.1119524 0.57006 -0.9349195 -0.1728199 0.5821786 -0.1491995 -0.0697453 0.5764718 -0.544492 -0.1039232 0.5707877 -0.8929473 -0.1624565 0.263251 -0.07399827 -0.03314733 0.1611765 -1.024373 -0.1673452 0.1530043 -1.085067 -0.1965242 0.2557138 -0.1463055 -0.04017442 0.2171277 -0.5169016 -0.07627546 0.1773341 -0.884112 -0.1330187 0.2235845 -0.4552453 -0.0696786 0.1841239 -0.8234016 -0.1209141 0.2300121 -0.3935149 -0.06361997 0.1908402 -0.762434 -0.110051 0.2364283 -0.3317434 -0.05779135 0.1974903 -0.701255 -0.1003089 0.2428469 -0.269948 -0.05199426 0.2040856 -0.6399246 -0.09148883 0.1652086 -0.9912354 -0.1574996 0.2492753 -0.2081357 -0.04612356 0.2106307 -0.5784692 -0.08349537 0.1704856 -0.9445945 -0.1461763 -9.61781e-4 -0.07901793 -0.02874583 -9.61781e-4 -1.092775 -0.1986159 -9.61781e-4 -0.150135 -0.035654 -9.61781e-4 -0.5172494 -0.07315719 -9.61781e-4 -0.8847534 -0.1299463 -9.61781e-4 -0.4557405 -0.06483745 -9.61781e-4 -0.8239821 -0.1178299 -9.61781e-4 -0.3939825 -0.05877614 -9.61781e-4 -0.7629545 -0.1069563 -9.61781e-4 -0.3322005 -0.05294644 -9.61781e-4 -0.701725 -0.09720623 -9.61781e-4 -0.2704064 -0.04714947 -9.61781e-4 -0.6403499 -0.08837985 -9.61781e-4 -0.9920524 -0.1544691 -9.61781e-4 -0.2086001 -0.04127937 -9.61781e-4 -0.5788531 -0.08038121 -9.61781e-4 -0.945289 -0.1431158 0.3926385 -1.054254 -0.2136055 0.163218 -1.09106 -0.2107467 0.6243382 -1.010429 -0.2223599 0.6517252 -1.003841 -0.2265611 0.4899271 -1.036698 -0.2163084 0.28056 -1.073059 -0.2116596 0.568049 -1.021769 -0.2191793 0.1510782 -1.097664 -0.2088406 -9.61781e-4 -1.103199 -0.2093132 -9.61781e-4 -0.02510148 -0.008615732 0.6596574 0.1108989 -0.04905831 0.6386021 0.08315575 -0.04154902 0.6124987 0.05894893 -0.035003 0.5679957 0.03639012 -0.02849501 0.5141633 0.01796633 -0.02366358 0.4479824 0.003674447 -0.01913899 0.3650045 -0.008217632 -0.01548838 0.273191 -0.01870286 -0.01251733 0.6552426 -0.07106751 -0.07448381 0.6553815 0.0349366 -0.06891471 -9.61781e-4 -1.113435 -0.2226182 0.6499289 -1.009436 -0.2339107 0.4893252 -1.04386 -0.2255424 0.1614016 -1.099586 -0.2218433 0.279106 -1.081543 -0.2226564 -9.61781e-4 -1.110546 -0.2178443 0.5677851 -1.028195 -0.2274669 0.391607 -1.062165 -0.2238175 0.6243188 -1.016197 -0.229794 0.14954 -1.105803 -0.21856 0.3912062 -1.063241 -0.2298733 0.2785071 -1.082629 -0.2287073 0.6480307 -1.010586 -0.2398015 0.6237394 -1.017279 -0.2358835 0.1603107 -1.100713 -0.2278957 0.5673779 -1.029273 -0.233543 0.488965 -1.044933 -0.2316085 0.1484727 -1.107017 -0.2245507 0.3913723 -1.063869 -0.2261008 0.2787925 -1.08324 -0.2249363 0.6493539 -1.011006 -0.2362297 0.6243133 -1.017844 -0.232132 0.1610108 -1.101262 -0.2241268 0.5677071 -1.029878 -0.2297772 0.4891684 -1.045558 -0.2278373 0.1489849 -1.106719 -0.2196639 -9.61781e-4 -1.111848 -0.2193855 -9.61781e-4 -1.081397 -0.2204763 0.3912062 -1.034288 -0.2298733 0.2785071 -1.053676 -0.2287073 0.648701 -0.9815425 -0.2397664 0.6237394 -0.988326 -0.2358835 0.1603107 -1.071761 -0.2278957 0.5673779 -1.00032 -0.233543 0.488965 -1.015981 -0.2316085 0.1484727 -1.078064 -0.2245507 0.5673779 -1.024838 -0.233543 0.6237394 -1.012844 -0.2358835 0.3912062 -1.058806 -0.2298733 0.488965 -1.040499 -0.2316085 0.1484727 -1.102583 -0.2245507 -9.61781e-4 -1.105916 -0.2204763 0.1603107 -1.096279 -0.2278957 0.648701 -1.006061 -0.2397664 0.2785071 -1.078195 -0.2287073 0.654375 -0.4142886 -0.09950804 0.6546506 -0.3457771 -0.09380662 0.654862 -0.2778152 -0.08860778 0.6535047 -0.5503035 -0.1129558 0.6540113 -0.4817876 -0.1056936 0.6510115 -0.7390974 -0.1408606 0.6519501 -0.6788431 -0.1307784 0.6528096 -0.6158214 -0.1212962 0.6490985 -0.8447211 -0.160613 0.6500554 -0.7942532 -0.1507166 0.6446279 -0.9819385 -0.2026647 0.6550146 -0.2085633 -0.08369183 0.6551204 -0.1400189 -0.07906061 0.645993 -0.9601098 -0.191081 0.6481674 -0.8892292 -0.1704927 0.6472476 -0.9283518 -0.1799983 0.6432126 -0.9964577 -0.2141927 0.6419743 -1.006301 -0.2240373 0.6407 -1.013631 -0.2338371 0.6410015 -1.012034 -0.2314961 0.639735 -1.013139 -0.2375096 0.639735 -0.9841863 -0.2375096 0.639735 -1.008705 -0.2375096 0.6243133 -0.6721467 -0.1264729 0.6243133 -0.8423422 -0.1566163 0.6243133 -0.208043 -0.0793128 0.6243133 -0.4109123 -0.09564679 0.6243133 -0.6097631 -0.1171653 0.6243134 -0.7895679 -0.146425 0.6243134 -0.963251 -0.1887696 0.6243133 -0.9295508 -0.1774854 0.6243133 -0.3431307 -0.08980423 0.6243133 0.008225917 -0.063564 0.6243133 -0.141725 -0.07439398 0.6243133 -0.7331911 -0.136587 0.6243132 -0.07559818 -0.06938147 0.6243133 -0.5453778 -0.1090631 0.6243132 -0.2764832 -0.08447587 0.6243134 -0.476973 -0.1018182 0.6243133 -0.8886775 -0.1672587 0.670444 -0.4163838 -0.1026805 0.6687527 -0.5533821 -0.116108 0.6721679 -0.06924825 -0.07859218 0.6640527 -0.7434182 -0.1442078 0.667465 -0.6198418 -0.1246176 0.6600654 -0.8466907 -0.1636286 0.6717448 -0.2097044 -0.08729875 0.6580997 -0.8901452 -0.1730801 0.6721757 0.06265366 -0.07244753 0.6433815 -1.007629 -0.2384274 0.6709944 -0.3476296 -0.09711331 0.671429 -0.2791259 -0.0920068 0.6697447 -0.4847501 -0.1088778 0.6659027 -0.6835401 -0.134176 0.662119 -0.7978175 -0.1540147 0.6513189 -0.9804801 -0.2043314 0.6719601 -0.1399564 -0.08288127 0.6538405 -0.9590408 -0.1930748 0.6562036 -0.9282366 -0.1821889 0.6487072 -0.9950978 -0.2155118 0.6463596 -1.005195 -0.2251723 0.6440758 -1.012607 -0.2347704 0.6446266 -1.010979 -0.2324766 0.6427585 -1.012209 -0.2383449 0.6433815 -0.983111 -0.2384274 0.670293 0.1306998 -0.05421745 0.6773096 -0.2072804 -0.09172242 0.677524 -0.1374993 -0.08765351 0.6771972 0.06987369 -0.07825386 0.6739613 0.1375292 -0.06026941 0.6567352 -0.9752766 -0.2071204 0.6593226 -0.9542803 -0.1959317 0.6776822 -0.066697 -0.08372789 0.6752437 -0.4821888 -0.1122973 0.675996 -0.4136418 -0.1062748 0.6617451 -0.9241647 -0.1850448 0.6770011 -0.2764819 -0.09610635 0.6635989 -0.8866702 -0.1760609 0.6654859 -0.8437051 -0.1667255 0.6765522 -0.3449603 -0.1009525 0.6711713 -0.6814707 -0.1373258 0.6728402 -0.6175361 -0.1278269 0.6742338 -0.5507889 -0.1193782 0.6693145 -0.7412693 -0.1473211 0.6674116 -0.7954516 -0.1571384 0.6517252 -0.9998089 -0.2279733 0.6541008 -0.9897341 -0.2182301 0.6772879 0.04338651 -0.07514345 0.2801389 -0.0985642 -0.04175215 0.4518938 -0.08236485 -0.05125182 0.5249956 -0.06526732 -0.05636459 0.3676107 -0.09464627 -0.04586482 0.5839911 -0.04159992 -0.06119006 0.2605895 -0.09953087 -0.03562867 -9.61781e-4 -0.1046876 -0.03124052 0.6553477 0.009181499 -0.07026773 0.6243132 -0.01750284 -0.06534963 0.6721741 0.03689104 -0.07364767 0.6772887 0.04410392 -0.07928675 0.6659874 0.08650302 -0.06088548 0.6755793 0.1037014 -0.06926161 0.671729 0.09658223 -0.06336015 0.6755793 0.1033412 -0.06501966 -9.61781e-4 -0.05352008 -0.01922595 0.2677713 -0.04885232 -0.02376574 0.3677592 -0.04349166 -0.03199988 0.2786415 -0.0489543 -0.02747124 0.4511071 -0.03139692 -0.03670799 0.5771006 0.007606089 -0.04554849 0.5209923 -0.01561152 -0.04137146 0.6474976 0.05759251 -0.05605691 0.6188997 0.03146785 -0.0504769 0.170259 -1.076512 -0.1976622 0.1735244 -1.055742 -0.1837251 0.1778717 -1.024661 -0.1707359 0.2876388 -0.07282572 -0.03961008 0.2799313 -0.1407789 -0.04589456 0.238845 -0.5105341 -0.08029133 0.1962084 -0.8770522 -0.1356102 0.2457368 -0.4489704 -0.07401186 0.203504 -0.8165324 -0.1236959 0.2525919 -0.3873541 -0.06820899 0.2107099 -0.7556998 -0.1130908 0.2594275 -0.3257112 -0.06264752 0.2178375 -0.6946258 -0.1036028 0.2662584 -0.2640616 -0.05713105 0.2249002 -0.6333857 -0.09501266 0.1831728 -0.983914 -0.1593596 0.2730925 -0.202416 -0.05155372 0.231902 -0.5720149 -0.08725297 0.1888393 -0.9373041 -0.148571 0.1678322 -1.090353 -0.2107826 0.277836 -0.0182619 -0.01266765 0.1656252 -1.100556 -0.2241585 0.1660159 -1.098878 -0.2218751 0.1649251 -1.100007 -0.2279274 0.1649251 -1.071054 -0.2279274 0.1649251 -1.095573 -0.2279273 0.2847973 -0.09835559 -0.0419712 0.283298 -0.04872357 -0.02770787 0.2510792 -0.1463176 -0.04004961 0.2446407 -0.208148 -0.04599553 0.1565682 -1.024219 -0.1671513 0.1726997 -0.8841375 -0.132897 0.1862056 -0.7624531 -0.1099368 0.1994507 -0.6399379 -0.09138131 0.2124927 -0.5169128 -0.07617413 0.1483774 -1.085553 -0.1967233 0.2253778 -0.3935283 -0.06348127 0.2382124 -0.2699604 -0.05186283 0.2586175 -0.07411962 -0.03303688 0.1658514 -0.9446229 -0.1460505 0.1794894 -0.8234211 -0.1207958 0.1928555 -0.7012716 -0.1001982 0.2059957 -0.5784798 -0.08339083 0.2189504 -0.45526 -0.06953597 0.1524956 -1.05648 -0.1791191 0.2317939 -0.3317563 -0.05765634 0.1464455 -1.097826 -0.2087559 0.268558 -0.01886057 -0.01243883 0.1444779 -1.107126 -0.2198656 0.1449081 -1.10593 -0.2184106 0.1438421 -1.10717 -0.2243774 0.1438421 -1.078217 -0.2243774 0.1438421 -1.102736 -0.2243774 0.2559562 -0.09965711 -0.03551751 0.2631374 -0.04895651 -0.02365767 0.2655284 -0.1439668 -0.04296636 0.2731161 -0.07351964 -0.03626251 0.1718821 -0.9879316 -0.158173 0.1773443 -0.9412195 -0.1473025 0.2588835 -0.205665 -0.04876917 0.1629908 -1.056923 -0.1814482 0.167104 -1.025849 -0.1692979 0.1844476 -0.880793 -0.134211 0.191488 -0.8201415 -0.1221662 0.1984477 -0.7592207 -0.1114426 0.2053362 -0.6980935 -0.1018486 0.2121661 -0.6368244 -0.09315317 0.2189415 -0.5754369 -0.0852794 0.225664 -0.5139416 -0.07819575 0.2323408 -0.4523593 -0.07179027 0.2389858 -0.3907183 -0.0658577 0.2456162 -0.3290449 -0.06015986 0.2522462 -0.2673577 -0.05449861 0.1571517 -1.094433 -0.2097312 0.1551016 -1.104412 -0.2224574 0.1554701 -1.102682 -0.2202118 0.1543917 -1.103865 -0.2262232 0.1543917 -1.074913 -0.2262232 0.1543917 -1.099431 -0.2262232 0.2703642 -0.09904748 -0.03869038 0.2732064 -0.04890328 -0.02561849 0.6739613 0.1458176 -0.05599689 -9.61781e-4 -0.01413136 -0.008615732 0.6596574 0.121869 -0.04905831 0.6386021 0.09412586 -0.04154902 0.6124987 0.06991904 -0.035003 0.5679957 0.04760187 -0.02849501 0.5141633 0.0290119 -0.02366358 0.4479824 0.01490169 -0.01913899 0.3650045 0.002981722 -0.01548838 0.6700034 0.1391909 -0.05407696 0.273191 -0.007732748 -0.01251733 0.673508 0.1454106 -0.05982035 -9.61781e-4 -0.01413136 -0.01456141 0.6596574 0.121869 -0.055004 0.6386021 0.09412586 -0.0474947 0.6124987 0.06991904 -0.04094868 0.5679957 0.04760187 -0.03444069 0.5141633 0.0290119 -0.02960926 0.4479824 0.01490169 -0.02508467 0.3650045 0.002981722 -0.02143406 0.273191 -0.007732748 -0.01846301 0.6695359 0.1386594 -0.05843919 0.6607432 0.1067137 -0.05108731 0.6705478 0.1246461 -0.05583971 0.6742502 0.1314883 -0.06187522 0.3653897 -0.01315057 -0.01779747 0.4483616 -5.82397e-4 -0.02127146 0.5692499 0.03242516 -0.03084409 0.5150089 0.01380836 -0.02585631 0.6399856 0.07917994 -0.04380542 0.6134487 0.0548703 -0.03729957 0.6742481 0.1314686 -0.05759644 0.2786883 -0.02301526 -0.01501458 0.2731935 -0.02368062 -0.01467669 -9.61781e-4 -0.03040188 -0.01059472 0.2676165 -0.02408808 -0.01438742 0.04502242 -1.04919 -0.1732252 0.04276311 -1.06219 -0.1787822 0.03624075 -1.02373 -0.1640872 0.03623735 -1.073485 -0.184693 0.04276579 -1.035902 -0.1682649 0.0260635 -1.014018 -0.1609258 0.02605992 -1.082065 -0.1901407 0.01324695 -1.007804 -0.1589716 -9.61781e-4 -1.005697 -0.1583054 -9.61781e-4 -1.088909 -0.1952257 -9.61781e-4 -1.000469 -0.1568016 0.04933953 -1.034655 -0.1679379 0.04151952 -1.019746 -0.1628718 0.0294224 -1.009261 -0.1595256 0.01461243 -1.002807 -0.1575193 0.04886716 -1.062992 -0.1792851 0.05156457 -1.049158 -0.1733239 0.1071997 -0.9449631 -0.1445491 0.0423665 -1.075289 -0.1858773 0.09730595 -1.100034 -0.2085689 0.05814605 -1.101576 -0.2086179 0.09604722 -1.109681 -0.2198879 0.05738317 -1.111009 -0.2196092 0.09628087 -1.107931 -0.2178301 0.05752789 -1.109279 -0.217576 0.09557414 -1.109258 -0.223791 0.05711191 -1.110922 -0.2233238 0.09557414 -1.079277 -0.2230771 0.05711191 -1.080122 -0.2220409 0.09830462 -1.0876 -0.1963202 0.05711191 -1.10464 -0.2220408 0.09557414 -1.103796 -0.2230771 0.0310564 -1.085286 -0.1925895 0.1024252 -1.025222 -0.1659003 0.1006023 -1.057948 -0.1781427 0.1504408 -1.071615 -0.1868905 0.09946835 -1.073409 -0.1861755 0.1571043 -1.056696 -0.1793661 0.1545432 -1.040523 -0.1727508 0.1016112 -1.041759 -0.1716185 0.1632254 -1.007647 -0.1621435 0.1605745 -0.99127 -0.1573709 0.1585751 -1.007803 -0.1620496 0.1037762 -0.9916719 -0.155887 0.1031233 -1.00851 -0.1606754 0.01407283 -0.9920398 -0.1545197 0.02082306 -1.102716 -0.2089506 0.02081859 -1.111712 -0.2194243 0.02082383 -1.110202 -0.2176366 0.02084326 -1.112492 -0.2228831 0.02085208 -1.080918 -0.221064 0.01324391 -1.087258 -0.1939409 0.01610338 -1.090822 -0.1969578 0.02085208 -1.105437 -0.221064 0.04869663 -1.092061 -0.1986444 -9.61781e-4 -1.096685 -0.202371 0.01911026 -1.095393 -0.2012112 0.1593348 -1.081355 -0.1967986 0.1550859 -1.071455 -0.1869672 0.1591756 -1.04051 -0.1728926 -0.01303136 -1.011079 -0.1680316 -0.02407073 -1.016081 -0.1699436 -0.03295242 -1.024077 -0.1729536 -0.03873825 -1.034285 -0.1768121 -0.04079985 -1.045534 -0.1815006 -0.03889149 -1.056761 -0.1862556 -0.03321832 -1.066543 -0.1911149 -0.02433478 -1.074058 -0.1952883 -0.01317298 -1.078737 -0.19793 -0.6758849 0.1375292 -0.05599689 -0.6794475 -0.1399355 -0.08414363 -0.6779195 -0.4171079 -0.1037766 -0.6747637 -0.6213163 -0.1258357 -0.6674094 -0.8476642 -0.1651191 -0.6791208 0.06915336 -0.07404243 -0.6789247 -0.2795666 -0.09315007 -0.6712381 -0.7451614 -0.1455585 -0.6761573 -0.5544885 -0.1172412 -0.6796057 -0.06865555 -0.07993072 -0.6792332 -0.210084 -0.08849841 -0.6784757 -0.3482595 -0.09823781 -0.6771673 -0.4857853 -0.1099908 -0.6730949 -0.6853138 -0.1354588 -0.6693352 -0.7993813 -0.1554617 -0.6586588 -0.9792994 -0.2056806 -0.6612461 -0.958294 -0.1944676 -0.6636686 -0.9281651 -0.1835443 -0.6655225 -0.8906523 -0.1745126 -0.6263142 -0.9860486 -0.2006964 -0.6560243 -0.9937626 -0.2168067 -0.6262824 -1.000696 -0.2124411 -0.2849048 -0.07304102 -0.03937768 -0.1708248 -1.056385 -0.1836584 -0.1751663 -1.025262 -0.1706727 -0.1675651 -1.077196 -0.1976071 -0.2772665 -0.1416282 -0.0457583 -0.2361223 -0.5109736 -0.08018523 -0.1934813 -0.8774477 -0.1355243 -0.2430205 -0.4494732 -0.07390189 -0.2007712 -0.8168487 -0.1235876 -0.2498832 -0.3879216 -0.06809544 -0.2079753 -0.7559837 -0.1129731 -0.2567278 -0.3263463 -0.06252831 -0.2151032 -0.6949162 -0.10349 -0.2635691 -0.2647674 -0.05700302 -0.222168 -0.6337115 -0.09490782 -0.1804657 -0.9845022 -0.1592989 -0.2704153 -0.2031943 -0.05141478 -0.2291738 -0.5723937 -0.08715003 -0.1861242 -0.9378256 -0.1485096 -0.3958634 -1.042104 -0.2018103 -0.3975681 -1.023783 -0.1885742 -0.3997728 -0.9953402 -0.1755505 -0.4552318 -0.05610293 -0.04908448 -0.4517411 -0.1184483 -0.05428105 -0.4305418 -0.4919418 -0.0865671 -0.4087968 -0.8582981 -0.141355 -0.4341054 -0.4281429 -0.08037692 -0.412344 -0.8017393 -0.1304066 -0.4376499 -0.3644613 -0.07466328 -0.4159584 -0.7425355 -0.1201245 -0.4411769 -0.3005992 -0.06925266 -0.4196224 -0.6814175 -0.1103484 -0.4447202 -0.2368476 -0.06401926 -0.4233039 -0.6187794 -0.1013347 -0.402433 -0.9559895 -0.1638423 -0.4482403 -0.1729002 -0.05877393 -0.4269523 -0.5553752 -0.09342807 -0.4053087 -0.9123517 -0.1532508 -0.4925904 -1.025582 -0.2053897 -0.4935877 -1.008651 -0.1927065 -0.4949013 -0.9819669 -0.1799337 -0.5277598 -0.03942883 -0.05393195 -0.5256645 -0.1027234 -0.05979114 -0.5130671 -0.4841974 -0.09174031 -0.500171 -0.8502609 -0.1463273 -0.5151948 -0.4194393 -0.0855835 -0.502226 -0.79542 -0.1357814 -0.5173052 -0.3546284 -0.07988446 -0.5043498 -0.7370818 -0.1256596 -0.5194043 -0.28974 -0.07453286 -0.5065312 -0.6759775 -0.1157589 -0.5214979 -0.2247715 -0.06939512 -0.508732 -0.6129508 -0.1065816 -0.4965221 -0.944121 -0.1681713 -0.5235905 -0.1598134 -0.06429439 -0.5109147 -0.5488141 -0.09860986 -0.4981759 -0.9014324 -0.1577287 -0.284367 -1.059895 -0.1990017 -0.286849 -1.040226 -0.1853327 -0.2900919 -1.010333 -0.1722427 -0.3716355 -0.06849718 -0.04370492 -0.366345 -0.1326521 -0.04913252 -0.3355473 -0.5015681 -0.08245569 -0.3036 -0.8680847 -0.1375568 -0.3407539 -0.4388837 -0.07621753 -0.3089372 -0.809502 -0.1261046 -0.3459284 -0.3761534 -0.07044976 -0.3142879 -0.7495075 -0.1156585 -0.3510851 -0.3133848 -0.06496047 -0.3196465 -0.6883996 -0.1060215 -0.3562363 -0.2505893 -0.05957496 -0.3249914 -0.6265139 -0.09722352 -0.2939672 -0.9700855 -0.1607885 -0.3613893 -0.187804 -0.05416256 -0.3302952 -0.5641573 -0.08938729 -0.2982824 -0.925217 -0.1499935 -0.5702757 -1.011566 -0.2090306 -0.570697 -0.9959048 -0.1969176 -0.571264 -0.971012 -0.1844822 -0.5862785 -0.01532763 -0.05913585 -0.5852684 -0.0863766 -0.06476646 -0.5793573 -0.478537 -0.09698182 -0.5735875 -0.8442608 -0.1514749 -0.5803129 -0.4130142 -0.09084278 -0.5744966 -0.7907584 -0.1412233 -0.5812634 -0.3470364 -0.08512789 -0.5754446 -0.7332643 -0.1312468 -0.5822083 -0.2812572 -0.07981544 -0.5764223 -0.672186 -0.1212412 -0.5831602 -0.2149713 -0.07473009 -0.5774135 -0.6090699 -0.1119524 -0.5719836 -0.9349195 -0.1728199 -0.5841022 -0.1491995 -0.0697453 -0.5783954 -0.544492 -0.1039232 -0.5727113 -0.8929473 -0.1624565 -0.2651746 -0.07399827 -0.03314733 -0.1631 -1.024373 -0.1673452 -0.1549279 -1.085067 -0.1965242 -0.2576374 -0.1463055 -0.04017442 -0.2190513 -0.5169016 -0.07627546 -0.1792576 -0.884112 -0.1330187 -0.2255081 -0.4552453 -0.0696786 -0.1860475 -0.8234016 -0.1209141 -0.2319356 -0.3935149 -0.06361997 -0.1927638 -0.762434 -0.110051 -0.2383518 -0.3317434 -0.05779135 -0.1994138 -0.701255 -0.1003089 -0.2447704 -0.269948 -0.05199426 -0.2060092 -0.6399246 -0.09148883 -0.1671321 -0.9912354 -0.1574996 -0.2511988 -0.2081357 -0.04612356 -0.2125542 -0.5784692 -0.08349537 -0.1724092 -0.9445945 -0.1461763 -0.394562 -1.054254 -0.2136055 -0.1651416 -1.09106 -0.2107467 -0.6262617 -1.010429 -0.2223599 -0.6536487 -1.003841 -0.2265611 -0.4918507 -1.036698 -0.2163084 -0.2824835 -1.073059 -0.2116596 -0.5699725 -1.021769 -0.2191793 -0.1530017 -1.097664 -0.2088406 -0.6615809 0.1108989 -0.04905831 -0.6405256 0.08315575 -0.04154902 -0.6144223 0.05894893 -0.035003 -0.5699193 0.03639012 -0.02849501 -0.5160868 0.01796633 -0.02366358 -0.4499059 0.003674447 -0.01913899 -0.3669281 -0.008217632 -0.01548838 -0.2751145 -0.01870286 -0.01251733 -0.6571661 -0.07106751 -0.07448381 -0.657305 0.0349366 -0.06891471 -0.6518524 -1.009436 -0.2339107 -0.4912488 -1.04386 -0.2255424 -0.1633251 -1.099586 -0.2218433 -0.2810296 -1.081543 -0.2226564 -0.5697087 -1.028195 -0.2274669 -0.3935306 -1.062165 -0.2238175 -0.6262423 -1.016197 -0.229794 -0.1514636 -1.105803 -0.21856 -0.3931298 -1.063241 -0.2298733 -0.2804307 -1.082629 -0.2287073 -0.6499543 -1.010586 -0.2398015 -0.6256629 -1.017279 -0.2358835 -0.1622343 -1.100713 -0.2278957 -0.5693015 -1.029273 -0.233543 -0.4908885 -1.044933 -0.2316085 -0.1503962 -1.107017 -0.2245507 -0.3932959 -1.063869 -0.2261008 -0.280716 -1.08324 -0.2249363 -0.6512774 -1.011006 -0.2362297 -0.6262369 -1.017844 -0.232132 -0.1629343 -1.101262 -0.2241268 -0.5696306 -1.029878 -0.2297772 -0.4910919 -1.045558 -0.2278373 -0.1509084 -1.106719 -0.2196639 -0.3931298 -1.034288 -0.2298733 -0.2804307 -1.053676 -0.2287073 -0.6506245 -0.9815425 -0.2397664 -0.6256629 -0.988326 -0.2358835 -0.1622343 -1.071761 -0.2278957 -0.5693015 -1.00032 -0.233543 -0.4908885 -1.015981 -0.2316085 -0.1503962 -1.078064 -0.2245507 -0.5693015 -1.024838 -0.233543 -0.6256629 -1.012844 -0.2358835 -0.3931298 -1.058806 -0.2298733 -0.4908885 -1.040499 -0.2316085 -0.1503962 -1.102583 -0.2245507 -0.1622343 -1.096279 -0.2278957 -0.6506245 -1.006061 -0.2397664 -0.2804307 -1.078195 -0.2287073 -0.6562985 -0.4142886 -0.09950804 -0.6565742 -0.3457771 -0.09380662 -0.6567856 -0.2778152 -0.08860778 -0.6554283 -0.5503035 -0.1129558 -0.6559348 -0.4817876 -0.1056936 -0.652935 -0.7390974 -0.1408606 -0.6538737 -0.6788431 -0.1307784 -0.6547332 -0.6158214 -0.1212962 -0.6510221 -0.8447211 -0.160613 -0.6519789 -0.7942532 -0.1507166 -0.6465514 -0.9819385 -0.2026647 -0.6569382 -0.2085633 -0.08369183 -0.6570439 -0.1400189 -0.07906061 -0.6479166 -0.9601098 -0.191081 -0.6500909 -0.8892292 -0.1704927 -0.6491711 -0.9283518 -0.1799983 -0.6451361 -0.9964577 -0.2141927 -0.6438979 -1.006301 -0.2240373 -0.6426236 -1.013631 -0.2338371 -0.642925 -1.012034 -0.2314961 -0.6416586 -1.013139 -0.2375096 -0.6416586 -0.9841863 -0.2375096 -0.6416586 -1.008705 -0.2375096 -0.6262369 -0.6721467 -0.1264729 -0.6262369 -0.8423422 -0.1566163 -0.6262369 -0.208043 -0.0793128 -0.6262369 -0.4109123 -0.09564679 -0.6262369 -0.6097631 -0.1171653 -0.6262369 -0.7895679 -0.146425 -0.6262369 -0.963251 -0.1887696 -0.6262369 -0.9295508 -0.1774854 -0.6262369 -0.3431307 -0.08980423 -0.6262369 0.008225917 -0.063564 -0.6262369 -0.141725 -0.07439398 -0.6262369 -0.7331911 -0.136587 -0.6262368 -0.07559818 -0.06938147 -0.6262369 -0.5453778 -0.1090631 -0.6262368 -0.2764832 -0.08447587 -0.6262369 -0.476973 -0.1018182 -0.6262369 -0.8886775 -0.1672587 -0.6723675 -0.4163838 -0.1026805 -0.6706763 -0.5533821 -0.116108 -0.6740915 -0.06924825 -0.07859218 -0.6659762 -0.7434182 -0.1442078 -0.6693886 -0.6198418 -0.1246176 -0.661989 -0.8466907 -0.1636286 -0.6736684 -0.2097044 -0.08729875 -0.6600233 -0.8901452 -0.1730801 -0.6740992 0.06265366 -0.07244753 -0.645305 -1.007629 -0.2384274 -0.672918 -0.3476296 -0.09711331 -0.6733526 -0.2791259 -0.0920068 -0.6716682 -0.4847501 -0.1088778 -0.6678263 -0.6835401 -0.134176 -0.6640426 -0.7978175 -0.1540147 -0.6532425 -0.9804801 -0.2043314 -0.6738837 -0.1399564 -0.08288127 -0.6557641 -0.9590408 -0.1930748 -0.6581271 -0.9282366 -0.1821889 -0.6506307 -0.9950978 -0.2155118 -0.6482831 -1.005195 -0.2251723 -0.6459993 -1.012607 -0.2347704 -0.6465502 -1.010979 -0.2324766 -0.6446821 -1.012209 -0.2383449 -0.645305 -0.983111 -0.2384274 -0.6722165 0.1306998 -0.05421745 -0.6792332 -0.2072804 -0.09172242 -0.6794475 -0.1374993 -0.08765351 -0.6791208 0.06987369 -0.07825386 -0.6758849 0.1375292 -0.06026941 -0.6586588 -0.9752766 -0.2071204 -0.6612461 -0.9542803 -0.1959317 -0.6796057 -0.066697 -0.08372789 -0.6771673 -0.4821888 -0.1122973 -0.6779195 -0.4136418 -0.1062748 -0.6636686 -0.9241647 -0.1850448 -0.6789247 -0.2764819 -0.09610635 -0.6655225 -0.8866702 -0.1760609 -0.6674094 -0.8437051 -0.1667255 -0.6784757 -0.3449603 -0.1009525 -0.6730949 -0.6814707 -0.1373258 -0.6747637 -0.6175361 -0.1278269 -0.6761574 -0.5507889 -0.1193782 -0.6712381 -0.7412693 -0.1473211 -0.6693352 -0.7954516 -0.1571384 -0.6536487 -0.9998089 -0.2279733 -0.6560243 -0.9897341 -0.2182301 -0.6792114 0.04338651 -0.07514345 -0.2820624 -0.0985642 -0.04175215 -0.4538173 -0.08236485 -0.05125182 -0.5269192 -0.06526732 -0.05636459 -0.3695343 -0.09464627 -0.04586482 -0.5859146 -0.04159992 -0.06119006 -0.2625131 -0.09953087 -0.03562867 -0.6572713 0.009181499 -0.07026773 -0.6262368 -0.01750284 -0.06534963 -0.6740977 0.03689104 -0.07364767 -0.6792123 0.04410392 -0.07928675 -0.6679109 0.08650302 -0.06088548 -0.6775028 0.1037014 -0.06926161 -0.6736525 0.09658223 -0.06336015 -0.6775028 0.1033412 -0.06501966 -0.2696949 -0.04885232 -0.02376574 -0.3696827 -0.04349166 -0.03199988 -0.280565 -0.0489543 -0.02747124 -0.4530307 -0.03139692 -0.03670799 -0.5790242 0.007606089 -0.04554849 -0.5229158 -0.01561152 -0.04137146 -0.6494212 0.05759251 -0.05605691 -0.6208233 0.03146785 -0.0504769 -0.1721826 -1.076512 -0.1976622 -0.175448 -1.055742 -0.1837251 -0.1797953 -1.024661 -0.1707359 -0.2895624 -0.07282572 -0.03961008 -0.2818549 -0.1407789 -0.04589456 -0.2407686 -0.5105341 -0.08029133 -0.198132 -0.8770522 -0.1356102 -0.2476603 -0.4489704 -0.07401186 -0.2054275 -0.8165324 -0.1236959 -0.2545154 -0.3873541 -0.06820899 -0.2126334 -0.7556998 -0.1130908 -0.2613511 -0.3257112 -0.06264752 -0.2197611 -0.6946258 -0.1036028 -0.2681819 -0.2640616 -0.05713105 -0.2268238 -0.6333857 -0.09501266 -0.1850963 -0.983914 -0.1593596 -0.2750161 -0.202416 -0.05155372 -0.2338256 -0.5720149 -0.08725297 -0.1907628 -0.9373041 -0.148571 -0.1697558 -1.090353 -0.2107826 -0.2797595 -0.0182619 -0.01266765 -0.1675488 -1.100556 -0.2241585 -0.1679394 -1.098878 -0.2218751 -0.1668487 -1.100007 -0.2279274 -0.1668487 -1.071054 -0.2279274 -0.1668487 -1.095573 -0.2279273 -0.2867209 -0.09835559 -0.0419712 -0.2852216 -0.04872357 -0.02770787 -0.2530027 -0.1463176 -0.04004961 -0.2465643 -0.208148 -0.04599553 -0.1584918 -1.024219 -0.1671513 -0.1746233 -0.8841375 -0.132897 -0.1881291 -0.7624531 -0.1099368 -0.2013743 -0.6399379 -0.09138131 -0.2144163 -0.5169128 -0.07617413 -0.1503009 -1.085553 -0.1967233 -0.2273014 -0.3935283 -0.06348127 -0.2401359 -0.2699604 -0.05186283 -0.2605411 -0.07411962 -0.03303688 -0.167775 -0.9446229 -0.1460505 -0.1814129 -0.8234211 -0.1207958 -0.1947791 -0.7012716 -0.1001982 -0.2079193 -0.5784798 -0.08339083 -0.220874 -0.45526 -0.06953597 -0.1544192 -1.05648 -0.1791191 -0.2337175 -0.3317563 -0.05765634 -0.1483691 -1.097826 -0.2087559 -0.2704815 -0.01886057 -0.01243883 -0.1464015 -1.107126 -0.2198656 -0.1468316 -1.10593 -0.2184106 -0.1457657 -1.10717 -0.2243774 -0.1457657 -1.078217 -0.2243774 -0.1457657 -1.102736 -0.2243774 -0.2578797 -0.09965711 -0.03551751 -0.2650609 -0.04895651 -0.02365767 -0.267452 -0.1439668 -0.04296636 -0.2750397 -0.07351964 -0.03626251 -0.1738057 -0.9879316 -0.158173 -0.1792678 -0.9412195 -0.1473025 -0.260807 -0.205665 -0.04876917 -0.1649144 -1.056923 -0.1814482 -0.1690276 -1.025849 -0.1692979 -0.1863712 -0.880793 -0.134211 -0.1934116 -0.8201415 -0.1221662 -0.2003713 -0.7592207 -0.1114426 -0.2072598 -0.6980935 -0.1018486 -0.2140896 -0.6368244 -0.09315317 -0.220865 -0.5754369 -0.0852794 -0.2275875 -0.5139416 -0.07819575 -0.2342643 -0.4523593 -0.07179027 -0.2409094 -0.3907183 -0.0658577 -0.2475398 -0.3290449 -0.06015986 -0.2541698 -0.2673577 -0.05449861 -0.1590753 -1.094433 -0.2097312 -0.1570252 -1.104412 -0.2224574 -0.1573937 -1.102682 -0.2202118 -0.1563152 -1.103865 -0.2262232 -0.1563152 -1.074913 -0.2262232 -0.1563152 -1.099431 -0.2262232 -0.2722877 -0.09904748 -0.03869038 -0.27513 -0.04890328 -0.02561849 -0.6758849 0.1458176 -0.05599689 -0.6615809 0.121869 -0.04905831 -0.6405256 0.09412586 -0.04154902 -0.6144223 0.06991904 -0.035003 -0.5699193 0.04760187 -0.02849501 -0.5160868 0.0290119 -0.02366358 -0.4499059 0.01490169 -0.01913899 -0.3669281 0.002981722 -0.01548838 -0.6719269 0.1391909 -0.05407696 -0.2751145 -0.007732748 -0.01251733 -0.6754316 0.1454106 -0.05982035 -0.6615809 0.121869 -0.055004 -0.6405256 0.09412586 -0.0474947 -0.6144223 0.06991904 -0.04094868 -0.5699193 0.04760187 -0.03444069 -0.5160868 0.0290119 -0.02960926 -0.4499059 0.01490169 -0.02508467 -0.3669281 0.002981722 -0.02143406 -0.2751145 -0.007732748 -0.01846301 -0.6714595 0.1386594 -0.05843919 -0.6626668 0.1067137 -0.05108731 -0.6724714 0.1246461 -0.05583971 -0.6761738 0.1314883 -0.06187522 -0.3673133 -0.01315057 -0.01779747 -0.4502851 -5.82397e-4 -0.02127146 -0.5711735 0.03242516 -0.03084409 -0.5169325 0.01380836 -0.02585631 -0.6419092 0.07917994 -0.04380542 -0.6153723 0.0548703 -0.03729957 -0.6761717 0.1314686 -0.05759644 -0.2806118 -0.02301526 -0.01501458 -0.2751171 -0.02368062 -0.01467669 -0.26954 -0.02408808 -0.01438742 -0.04694598 -1.04919 -0.1732252 -0.04468667 -1.06219 -0.1787822 -0.03816431 -1.02373 -0.1640872 -0.03816092 -1.073485 -0.184693 -0.04468935 -1.035902 -0.1682649 -0.02798706 -1.014018 -0.1609258 -0.02798348 -1.082065 -0.1901407 -0.01517051 -1.007804 -0.1589716 -0.05126309 -1.034655 -0.1679379 -0.04344308 -1.019746 -0.1628718 -0.03134596 -1.009261 -0.1595256 -0.01653599 -1.002807 -0.1575193 -0.05079072 -1.062992 -0.1792851 -0.05348813 -1.049158 -0.1733239 -0.1091233 -0.9449631 -0.1445491 -0.04429006 -1.075289 -0.1858773 -0.09922951 -1.100034 -0.2085689 -0.06006962 -1.101576 -0.2086179 -0.09797078 -1.109681 -0.2198879 -0.05930674 -1.111009 -0.2196092 -0.09820443 -1.107931 -0.2178301 -0.05945146 -1.109279 -0.217576 -0.0974977 -1.109258 -0.223791 -0.05903548 -1.110922 -0.2233238 -0.0974977 -1.079277 -0.2230771 -0.05903548 -1.080122 -0.2220409 -0.1002281 -1.0876 -0.1963202 -0.05903548 -1.10464 -0.2220408 -0.0974977 -1.103796 -0.2230771 -0.03297996 -1.085286 -0.1925895 -0.1043487 -1.025222 -0.1659003 -0.1025258 -1.057948 -0.1781427 -0.1523643 -1.071615 -0.1868905 -0.1013919 -1.073409 -0.1861755 -0.1590279 -1.056696 -0.1793661 -0.1564668 -1.040523 -0.1727508 -0.1035348 -1.041759 -0.1716185 -0.165149 -1.007647 -0.1621435 -0.1624981 -0.99127 -0.1573709 -0.1604987 -1.007803 -0.1620496 -0.1056998 -0.9916719 -0.155887 -0.1050468 -1.00851 -0.1606754 -0.01599639 -0.9920398 -0.1545197 -0.02274662 -1.102716 -0.2089506 -0.02274215 -1.111712 -0.2194243 -0.02274739 -1.110202 -0.2176366 -0.02276682 -1.112492 -0.2228831 -0.02277565 -1.080918 -0.221064 -0.01516747 -1.087258 -0.1939409 -0.01802694 -1.090822 -0.1969578 -0.02277565 -1.105437 -0.221064 -0.05062019 -1.092061 -0.1986444 -0.02103382 -1.095393 -0.2012112 -0.1612583 -1.081355 -0.1967986 -0.1570095 -1.071455 -0.1869672 -0.1610992 -1.04051 -0.1728926</float_array>
          <technique_common>
            <accessor source="#Plane_005-mesh-positions-array" count="1512" stride="3">
              <param name="X" type="float"/>
              <param name="Y" type="float"/>
              <param name="Z" type="float"/>
            </accessor>
          </technique_common>
        </source>
        <source id="Plane_005-mesh-normals">
          <float_array id="Plane_005-mesh-normals-array" count="4536">-0.128718 -0.1328115 0.9827476 -0.3490362 -0.4004569 0.8472355 0.002799093 -0.4174013 0.9087181 0.1548309 -0.1328501 0.978968 -0.6082085 -0.3782399 0.6978661 -0.7136169 -0.1046703 0.6926724 -0.875079 -0.06205934 0.4799848 0.3566941 -0.402565 0.8430367 0.4412625 -0.1285108 0.8881287 -0.01549971 0.9902043 0.1387633 -0.198698 0.8183212 0.5393234 -0.05957305 0.8238936 0.5636049 -0.1183595 0.3189439 0.9403541 -0.3768795 0.3111922 0.8724228 -0.05632805 0.9893572 0.1341625 -0.3829859 0.8093814 0.4452231 -0.674824 0.3238205 0.6631386 -0.4053376 -0.1287735 0.9050519 -0.146793 0.9501372 -0.2751206 -0.5024377 0.8176997 0.2809334 -0.1234593 0.9873275 0.09971189 -0.5396148 0.8221787 -0.1812133 -0.8260475 0.3543174 0.4382976 -0.9022251 0.4140759 -0.1205449 0.01842814 0.9902791 0.1378688 0.2188366 0.8181698 0.5317038 0.06173372 0.9894286 0.1312252 0.1422728 0.3182955 0.9372548 0.4109393 0.3114496 0.8568127 0.4053275 0.8106878 0.4224867 0.1262151 0.9877837 0.09139579 0.7060692 0.3275176 0.6278523 0.7466089 -0.1020769 0.6573854 0.5092148 0.820829 0.2587282 0.8388585 0.3589149 0.4092635 0.8906775 -0.05761092 0.4509708 0.07211953 0.8236473 0.562498 0.0047912 -0.82357 0.5671946 -0.262327 -0.6354379 0.7262254 -0.2831044 -0.7728697 0.5679123 -0.5166405 -0.6040504 0.6067997 0.5309332 0.8255815 -0.1911163 0.8976312 0.4186732 -0.137735 0.6858158 -0.7252376 -0.06072348 0.6186618 -0.3784341 0.6885095 0.5251531 -0.6041989 0.5992978 0.9911726 0.01057589 -0.1321555 0.2713561 -0.6381932 0.7204689 0.003805041 -0.6750186 0.737791 -0.6954779 -0.7167536 -0.0507434 -0.9191461 -0.3935934 0.01595616 -0.322497 -0.9413107 -0.0996496 0.9170873 -0.398685 -0.001177608 -0.9934717 0.00528717 -0.1139563 0.2951256 -0.7746343 0.5593233 0.1355639 0.950971 -0.2779867 0.31406 -0.9433583 -0.1069656 -0.007356226 -0.9940156 -0.1089912 -0.006012499 0.946208 -0.3235031 0 1 0 -0.6745957 0.3673594 -0.6402873 -0.7070394 -0.2634916 -0.6562526 0.2454063 -0.6872131 -0.68375 -0.016483 -0.7375795 -0.6750591 0.3702729 0.6784864 -0.6344715 0.6610834 0.3725432 -0.6512913 0.7549535 0.05749577 -0.653253 0.691725 -0.2725048 -0.6687733 -0.1059458 0.7815585 -0.6147698 -0.01137787 0.7906249 -0.6121952 0.5220226 -0.5377828 -0.6620289 -0.5451189 -0.5239548 -0.6544592 -0.3891299 0.6735869 -0.6283779 -0.7651759 0.05377739 -0.6415714 -0.2697816 -0.6824536 -0.6793195 0.08434182 0.7830219 -0.6162493 0.349037 -0.4004566 0.8472354 0.1287187 -0.132811 0.9827476 -0.002798736 -0.4174014 0.9087179 -0.1548315 -0.1328493 0.978968 0.6082096 -0.3782377 0.6978663 0.8750787 -0.06205761 0.4799855 0.7136162 -0.1046681 0.6926735 -0.3566925 -0.4025641 0.8430379 0.01549941 0.9902039 0.1387659 0.1986995 0.8183215 0.5393221 0.05632817 0.9893572 0.134163 0.1183595 0.3189446 0.9403539 0.05957317 0.8238928 0.563606 0.3768832 0.3111919 0.8724212 0.3829878 0.8093794 0.445225 0.1234602 0.9873269 0.09971529 0.4053382 -0.1287737 0.9050517 0.6748217 0.3238228 0.6631399 0.5024354 0.8177006 0.2809352 0.1467938 0.9501366 -0.2751219 0.8260456 0.3543223 0.4382971 0.5396126 0.82218 -0.181214 0.9022233 0.4140806 -0.1205422 -0.2188381 0.8181676 0.5317065 -0.01842796 0.9902793 0.1378675 -0.06173342 0.9894286 0.1312251 -0.1422725 0.3182976 0.937254 -0.07212018 0.8236462 0.5624997 -0.4109389 0.3114509 0.8568124 -0.4053241 0.81069 0.422486 -0.1262158 0.9877833 0.09139996 -0.7060672 0.3275216 0.6278526 -0.4412609 -0.12851 0.8881295 -0.5092144 0.8208289 0.2587288 -0.8388586 0.3589185 0.40926 -0.7466072 -0.1020773 0.6573873 0.2623279 -0.6354402 0.726223 -0.004791378 -0.823571 0.567193 0.2830991 -0.7728756 0.567907 -0.003804624 -0.6750195 0.7377901 0.5166389 -0.6040531 0.6067982 -0.530929 0.8255847 -0.1911132 -0.6186615 -0.3784356 0.6885091 -0.6858152 -0.7252379 -0.06072664 -0.5251535 -0.6041983 0.5992981 -0.8976283 0.4186769 -0.1377436 -0.8906779 -0.0576111 0.4509699 -0.2713574 -0.6381907 0.7204706 -0.2951245 -0.7746342 0.5593242 0.6954784 -0.7167528 -0.05074608 0.3224956 -0.9413111 -0.09965032 -0.9170864 -0.3986871 -0.001173615 0.9191485 -0.3935881 0.01595628 -0.135562 0.9509732 -0.2779803 0.007355809 -0.9940148 -0.1089981 -0.314062 -0.9433574 -0.1069674 0.006012499 0.9462094 -0.3234989 0.6745992 0.3673648 -0.6402804 0.9934719 0.005285322 -0.113955 0.7651738 0.05376791 -0.6415748 0.70704 -0.2634862 -0.6562543 0.5451136 -0.5239529 -0.6544651 -0.2454062 -0.6872091 -0.6837539 0.01648366 -0.7375714 -0.6750679 -0.3702785 0.6784888 -0.6344658 -0.6610775 0.3725369 -0.6513009 -0.9911714 0.01057803 -0.1321646 -0.7549408 0.05749922 -0.6532675 -0.6917303 -0.2725078 -0.6687666 0.1059464 0.7815576 -0.6147708 0.01137787 0.7906291 -0.6121897 -0.5220175 -0.5377811 -0.6620341 -0.08434176 0.7830263 -0.6162438 0.269783 -0.6824519 -0.6793207 0.3891271 0.6735876 -0.6283788 0 1 1.75362e-6 -0.0808801 0.5888372 0.8041947 -3.14329e-5 0.9531313 0.3025572 -0.1008639 0.9481488 0.3013975 0.2007715 0.9330525 0.2985027 0.2394105 0.5525442 0.7983593 0.2990141 0.9081483 0.293014 0.3157064 0.5211448 0.7929298 0.3946232 0.8734889 0.2851135 0.3889285 0.4811558 0.785636 0.4866606 0.8293023 0.2746258 0.4583889 0.4330675 0.7761006 0.5741842 0.7759205 0.2612658 0.5231956 0.3772934 0.764144 0.6561542 0.7137621 0.2449601 0.5825949 0.3144634 0.7494638 0.7315595 0.6434157 0.2254706 0.6357873 0.2452601 0.7318621 0.7993758 0.5655884 0.2027513 0.6819625 0.1705257 0.71123 0.8586452 0.4811359 0.1767399 0.7205427 0.09130376 0.6873732 0.908464 0.3911091 0.1474009 0.7509098 0.0086236 0.6603486 0.948105 0.2965722 0.1146389 0.7726201 -0.07635921 0.63026 0.9767622 0.1991821 0.07913398 0.7853801 -0.1624543 0.5973165 0.9941737 0.09965264 0.04108822 0.788999 -0.2484907 0.5619013 0.9999997 -3.77852e-4 8.27669e-4 0.7833774 -0.3335524 0.5244642 0.9941791 -0.09956675 -0.04116439 0.7687993 -0.4160401 0.4856525 0.9768465 -0.1966359 -0.08429211 0.7455468 -0.4953048 0.445907 0.9483188 -0.2903907 -0.1279253 0.7140634 -0.5704101 0.405889 0.9090821 -0.3797302 -0.1713911 0.6748238 -0.6406436 0.3663178 0.8597565 -0.4637197 -0.2139697 0.628425 -0.7054101 0.3278393 0.8010727 -0.5415307 -0.2550043 0.5754497 -0.7642093 0.291276 0.7338533 -0.6125149 -0.293743 0.5166171 -0.8166984 0.25712 0.6589653 -0.676106 -0.3296141 0.4525991 -0.8625691 0.2261167 0.5773519 -0.7318681 -0.3619861 0.3840965 -0.9016464 0.1987555 0.4899463 -0.7794544 -0.390389 0.3118475 -0.9337581 0.175633 0.3977211 -0.8186795 -0.4142245 0.2365322 -0.9588394 0.1570981 0.3016179 -0.84929 -0.433282 0.1589873 -0.9767753 0.1436426 0.2026547 -0.8712611 -0.4470296 0.07989561 -0.9875721 0.1353441 0.1017497 -0.884424 -0.4554573 -1.77887e-7 -0.9911862 0.1324768 -3.26147e-5 -0.8887597 -0.4583736 -0.1018154 -0.8843284 -0.4556283 -0.07989597 -0.9875749 0.1353241 -0.2027174 -0.8710556 -0.4474014 -0.1589844 -0.9767807 0.1436094 -0.3016893 -0.849008 -0.4337845 -0.2365304 -0.9588359 0.1571211 -0.3977912 -0.8182895 -0.414927 -0.3118492 -0.9337559 0.1756421 -0.4900203 -0.7789796 -0.3912427 -0.3840958 -0.9016475 0.1987518 -0.5774275 -0.7313145 -0.3629828 -0.4525976 -0.8625699 0.2261165 -0.6590392 -0.6754761 -0.3307558 -0.5166162 -0.8166968 0.2571267 -0.733925 -0.6118178 -0.2950139 -0.5754511 -0.7642089 0.2912743 -0.8011344 -0.5407812 -0.2563971 -0.6284238 -0.7054108 0.3278402 -0.859808 -0.4629265 -0.2154749 -0.6748254 -0.6406396 0.3663217 -0.9091227 -0.3789085 -0.1729863 -0.7140647 -0.5704061 0.4058923 -0.9483471 -0.2895557 -0.1295968 -0.7455458 -0.4953047 0.4459091 -0.9768635 -0.1958003 -0.08602321 -0.7687983 -0.4160439 0.4856507 -0.9941861 -0.09874439 -0.04293704 -0.7833769 -0.3335524 0.524465 -0.9999995 4.1843e-4 -9.68071e-4 -0.7889997 -0.2484914 0.5618999 -0.99417 0.1004123 0.03929018 -0.7853812 -0.1624556 0.5973145 -0.9767583 0.1998986 0.07735615 -0.7726183 -0.07635849 0.6302621 -0.9481047 0.2972391 0.1128998 -0.7509096 0.008624076 0.6603487 -0.9084703 0.3917214 0.1457259 -0.7205433 0.09130126 0.6873729 -0.8586606 0.4816908 0.1751456 -0.6819623 0.1705242 0.7112306 -0.7993991 0.5660874 0.2012615 -0.6357881 0.2452604 0.7318613 -0.7315928 0.643857 0.2240986 -0.5825994 0.3144601 0.7494618 -0.6561952 0.714147 0.2437251 -0.5231981 0.3772924 0.7641429 -0.5742334 0.7762494 0.2601786 -0.4583874 0.4330652 0.7761029 -0.4867134 0.8295727 0.2737138 -0.3889228 0.4811441 0.7856459 -0.3946812 0.8737058 0.2843678 -0.3157063 0.5211452 0.7929296 -0.2990741 0.90831 0.2924512 -0.2394078 0.5525459 0.798359 -0.200834 0.9331637 0.2981129 -0.1608889 0.5751612 0.8020627 0.08088201 0.5888366 0.804195 0.100801 0.9480952 0.3015872 0.1608886 0.5751619 0.8020623 0.02341789 -0.0653246 0.9975892 0.03477728 -0.1455515 0.9887393 0.04644459 -0.07097375 0.9963964 3.76776e-7 -0.1402047 0.9901226 0.009539902 -0.2730175 0.9619618 0.01751893 -0.141538 0.9897779 0 -0.2723727 0.9621918 -9.66777e-7 -0.4053792 0.9141488 0.05179923 -0.1522639 0.9869816 0.06895363 -0.08026248 0.9943859 0.01891833 -0.2750187 0.9612528 0.06841748 -0.1616421 0.984475 0.09073799 -0.09304893 0.9915184 0.02809113 -0.2785165 0.9600206 0.08448588 -0.173635 0.9811795 0.111549 -0.1092048 0.9877404 0.03697925 -0.2834674 0.9582687 0.09982472 -0.1881414 0.9770558 0.1311803 -0.1285138 0.9829934 0.04544305 -0.2897929 0.9560101 0.1142682 -0.2050532 0.9720576 0.1494136 -0.1507506 0.9772154 0.05338251 -0.2974314 0.9532496 0.1276024 -0.2242028 0.9661526 0.1660268 -0.1756415 0.9703532 0.06068563 -0.3062643 0.9500102 0.1396213 -0.2453847 0.9593186 0.1808832 -0.2028802 0.9623517 0.06729745 -0.3162034 0.9463015 0.150156 -0.2683646 0.9515427 0.1937295 -0.2321411 0.9531943 0.07311308 -0.3271052 0.9421554 0.1590081 -0.2928617 0.9428407 0.2044656 -0.2630444 0.9428687 0.07804244 -0.338777 0.9376245 0.1660218 -0.3185538 0.9332526 0.2129123 -0.2952039 0.9314092 0.08205848 -0.3511068 0.9327328 0.1710462 -0.3450732 0.9228584 0.2189996 -0.3282099 0.9188675 0.08513367 -0.3639177 0.9275324 0.1739997 -0.3720555 0.9117559 0.2226406 -0.3616583 0.9053367 0.08726549 -0.3771175 0.9220451 0.1748365 -0.3991429 0.9000651 0.2237699 -0.3951373 0.890951 0.0884304 -0.3904997 0.916346 0.1736322 -0.4263497 0.8877375 0.2222005 -0.4286038 0.875743 0.08861708 -0.403846 0.9105249 0.2181279 -0.4607695 0.8602975 0.08819818 -0.4173848 0.9044396 0.1704353 -0.4524513 0.8753512 0.2116442 -0.4919023 0.8445347 0.08709466 -0.4304784 0.8983891 0.1651461 -0.477711 0.8628551 0.2028668 -0.5215399 0.8287588 0.08490771 -0.4433034 0.8923413 0.1579207 -0.501734 0.8504846 0.1918768 -0.5494176 0.8132181 0.08176046 -0.4556648 0.8863886 0.1488971 -0.5242506 0.8384457 0.1788409 -0.5752525 0.7981858 0.07765984 -0.4674898 0.8805807 0.1382668 -0.5450305 0.8269366 0.16392 -0.598855 0.7839025 0.07268679 -0.478572 0.8750346 0.1261956 -0.5639004 0.816144 0.1473233 -0.620048 0.7706078 0.06686526 -0.4888126 0.8698226 0.112895 -0.5806914 0.8062582 0.1291964 -0.638691 0.7585395 0.06026965 -0.4980745 0.8650373 0.09854984 -0.5953487 0.7974008 0.1097544 -0.6546202 0.7479482 0.05298936 -0.506267 0.8607474 0.08332544 -0.6077893 0.7897146 0.08920609 -0.667822 0.7389561 0.04506456 -0.5133319 0.8570061 0.06741935 -0.6179695 0.7833061 0.06772452 -0.6781442 0.7318018 0.0366593 -0.5191312 0.853908 0.05102574 -0.6258804 0.7782482 0.04561078 -0.6856061 0.7265425 0.02782762 -0.5236542 0.8514764 0.03425282 -0.6315104 0.7746106 0.02300715 -0.6901302 0.7233195 0.01869767 -0.5268491 0.8497532 0.01724451 -0.6348521 0.7724413 5.32501e-7 -0.691653 0.7222301 0.009443104 -0.5286773 0.8487704 -0.0172441 -0.6348563 0.7724379 -0.02300757 -0.6901391 0.723311 2.15257e-7 -0.6359624 0.7717201 0 -0.5292611 0.8484591 -0.0342527 -0.6315089 0.7746117 -0.04561042 -0.6856144 0.7265347 -0.009443104 -0.5286781 0.8487699 -0.0510267 -0.6258826 0.7782463 -0.06772536 -0.6781547 0.731792 -0.01869767 -0.5268507 0.8497523 -0.06742113 -0.6179742 0.7833021 -0.08920681 -0.6678227 0.7389554 -0.0278272 -0.5236584 0.8514738 -0.08332604 -0.6077916 0.7897128 -0.1097541 -0.6546221 0.7479465 -0.03665977 -0.5191276 0.8539102 -0.09854978 -0.5953501 0.7973996 -0.1291952 -0.6386901 0.7585404 -0.04506409 -0.5133181 0.8570144 -0.1128948 -0.5806915 0.8062582 -0.1473197 -0.6200414 0.7706137 -0.05298954 -0.5062708 0.8607451 -0.1261947 -0.5638923 0.8161498 -0.1639213 -0.5988568 0.7839009 -0.06027072 -0.4980818 0.8650329 -0.1382679 -0.5450288 0.8269376 -0.1788426 -0.5752539 0.7981844 -0.06686627 -0.4888177 0.8698197 -0.1488999 -0.5242585 0.8384402 -0.1918769 -0.5494138 0.8132206 -0.07268738 -0.4785735 0.8750338 -0.1579212 -0.5017343 0.8504843 -0.2028678 -0.5215381 0.8287599 -0.07766002 -0.4674884 0.8805814 -0.1651465 -0.4777109 0.8628551 -0.211644 -0.4919031 0.8445343 -0.08176153 -0.4556711 0.8863854 -0.170436 -0.4524531 0.8753502 -0.2181263 -0.4607722 0.8602964 -0.08490937 -0.4433042 0.8923407 -0.1736315 -0.42635 0.8877376 -0.2221987 -0.4286047 0.875743 -0.08709836 -0.4304968 0.8983799 -0.2237704 -0.3951371 0.890951 -0.08820134 -0.4174036 0.9044306 -0.1748349 -0.3991414 0.9000661 -0.2226397 -0.3616564 0.9053376 -0.08861893 -0.4038518 0.9105221 -0.1739988 -0.3720548 0.9117565 -0.2189972 -0.3282103 0.9188679 -0.08842968 -0.3904813 0.916354 -0.1710474 -0.3450742 0.9228578 -0.2129132 -0.2952037 0.9314091 -0.08726459 -0.3770983 0.9220531 -0.1660216 -0.3185529 0.9332529 -0.2044658 -0.2630457 0.9428684 -0.08513081 -0.3639028 0.9275385 -0.1590092 -0.292865 0.9428394 -0.1937296 -0.232142 0.9531941 -0.08205449 -0.3510848 0.9327415 -0.1501589 -0.2683723 0.9515401 -0.1808874 -0.2028832 0.9623504 -0.07804346 -0.3387777 0.9376242 -0.1396214 -0.2453886 0.9593176 -0.1660305 -0.1756439 0.9703521 -0.07311379 -0.3271055 0.9421553 -0.1275989 -0.2242001 0.9661536 -0.1494156 -0.1507514 0.977215 -0.06729823 -0.3162046 0.9463011 -0.1142671 -0.2050523 0.972058 -0.131181 -0.1285142 0.9829932 -0.06068593 -0.3062651 0.9500101 -0.09982573 -0.1881426 0.9770554 -0.1115502 -0.1092063 0.9877401 -0.05338239 -0.2974333 0.953249 -0.0844863 -0.1736362 0.9811792 -0.0907374 -0.09304881 0.9915184 -0.04546642 -0.2897977 0.9560075 -0.06841689 -0.1616423 0.984475 -0.06895095 -0.08026087 0.9943863 -0.03698396 -0.2834723 0.958267 -0.05179649 -0.1522619 0.986982 -0.04644387 -0.07097411 0.9963964 -0.02807384 -0.2785097 0.9600231 -0.03477704 -0.1455505 0.9887394 -0.02341651 -0.06532365 0.9975894 -0.01891857 -0.2750218 0.9612519 -0.01751846 -0.1415378 0.9897779 -1.29865e-7 -0.06340843 0.9979877 -0.009539842 -0.2730178 0.9619618 3.85271e-7 0.5933911 0.8049143 0.2966454 0.897201 0.3271574 0.1990818 0.9211342 0.334482 -0.09979206 0.9356833 0.3384354 -0.1989708 0.9214255 0.333745 -0.2965483 0.8976296 0.3260677 -0.3916906 0.8643565 0.3153831 -0.4835156 0.8217502 0.3015614 -0.5710093 0.7700467 0.284564 -0.6531715 0.7095565 0.2643797 -0.7289479 0.6407659 0.2409443 -0.7972496 0.5643392 0.2142769 -0.8570604 0.481045 0.1845079 -0.9074163 0.3918527 0.1518127 -0.9475851 0.297465 0.116607 -0.9765335 0.2002714 0.07920622 -0.9941475 0.1006426 0.03926819 -0.9999977 1.6769e-4 -0.002144813 -0.9940139 -0.09978812 -0.0444833 -0.9763386 -0.1979045 -0.08715975 -0.9473134 -0.2929326 -0.1295686 -0.9074664 -0.383714 -0.1710801 -0.8574721 -0.469233 -0.2110972 -0.7981361 -0.5486039 -0.2490236 -0.7303301 -0.6210784 -0.2843934 -0.6550279 -0.6860712 -0.3166145 -0.5731899 -0.7430931 -0.3453491 -0.4858604 -0.7917793 -0.3701693 -0.3939611 -0.8318933 -0.39083 -0.2985072 -0.8632519 -0.4070503 -0.2004001 -0.8857415 -0.4186904 -0.1005539 -0.8993065 -0.4256017 0.1006749 -0.8994725 -0.4252222 0.2005081 -0.8860645 -0.4179549 0.298587 -0.8637254 -0.4059857 0.3940128 -0.8325315 -0.3894166 0.4858819 -0.7925788 -0.3684259 0.5731819 -0.7440486 -0.3432991 0.6549981 -0.6871784 -0.3142666 0.7302832 -0.6223224 -0.2817826 0.7980773 -0.5499686 -0.2461857 0.8574137 -0.4707001 -0.2080463 0.9074155 -0.3852589 -0.1678476 0.9472742 -0.2945316 -0.1261849 0.9763137 -0.1995297 -0.08366185 0.9940029 -0.1014127 -0.04091137 0.999998 -0.001433312 0.001461863 0.994155 0.0990867 0.04286915 0.9765446 0.1987774 0.08275467 0.9475975 0.2960465 0.1200651 0.9074287 0.3905196 0.1551383 0.8570702 0.4798048 0.1876651 0.7972611 0.5631994 0.2172126 0.7289665 0.6397291 0.2436281 0.6532014 0.7086302 0.2667796 0.5710515 0.7692329 0.2866723 0.4835746 0.821057 0.3033498 0.39177 0.8637933 0.3168241 0.09991443 0.9355458 0.3387793 0.09630626 -0.6014476 -0.7930863 -0.1557641 0 -0.9877943 -0.2719164 0 -0.9623209 0.1466732 -0.09792029 0.9843265 0.1081895 -0.1142887 0.987539 0.1458372 -0.1154032 0.9825546 0.1082664 -0.1352167 0.9848832 0.1483312 -0.1375724 0.979322 0.1496104 -0.1567503 0.9762409 0.1109253 -0.1670703 0.9796852 0.1558623 -0.1702361 0.9729987 0.168574 -0.1844686 0.9682738 0.1187295 -0.2055869 0.97141 0.1792441 -0.2065064 0.9618871 0.115168 -0.1803333 0.9768399 0.140639 -0.3886287 0.9105979 0.2488972 -0.5405548 0.8036485 0.2138631 -0.3974235 0.8923662 0.1379228 -0.07391035 0.9876814 0.1738016 -0.06937342 0.9823341 0.1885412 -0.0675916 0.9797366 0.2696629 -0.6559017 0.7050354 0.170306 -0.5391011 0.824843 0.1937558 -0.6585375 0.7271775 0.1520529 -0.07151764 0.9857816 0.2081615 -0.06014704 0.9762434 0.1158137 -0.2303457 0.9661927 0.1753013 -0.2272581 0.9579265 0.1170892 -0.279623 0.9529434 0.1767268 -0.2854734 0.9419516 0.1229106 -0.07647281 0.9894671 0.1628147 -0.07292729 0.9839578 0.1089448 -0.1545587 0.9819586 0.1562458 -0.07932686 0.9845276 0.1131117 -0.08851581 0.9896316 0.1498658 -0.0866633 0.9849009 0.1176254 -0.08184421 0.9896796 0.172998 -0.06472909 0.982793 0.2380638 -0.05073064 0.9699238 0.2862126 -0.7374565 0.6117518 0.2112649 -0.7375544 0.6413897 0.1820294 -0.7890075 0.5867987 0.2374816 -0.947862 0.2125091 0.2240141 -0.7844543 0.5783158 0.6220127 -0.2018786 0.7565351 0.6376816 -0.1790406 0.749204 0.6587799 -0.1669651 0.7335747 0.2139544 -0.4875855 0.8464537 0.1028349 -0.6316303 0.7684193 0.08030664 -0.4814218 0.8728023 0.1499091 -0.346632 0.9259447 0.05738133 -0.3348272 0.9405308 0.1695201 -0.2614936 0.9502022 0.04499471 -0.2524559 0.9665617 0.1614815 -0.2330692 0.9589591 0.03862649 -0.2227231 0.9741163 0.15803 -0.2168747 0.9633234 0.03572374 -0.2059143 0.9779177 0.155487 -0.197311 0.9679319 0.03525215 -0.1862262 0.9818744 0.1532618 -0.1775059 0.9721124 0.03488492 -0.1663989 0.9854413 0.1514509 -0.161201 0.9752317 0.03341966 -0.150038 0.9881153 0.1504923 -0.1473094 0.9775746 0.03192484 -0.1358192 0.9902192 0.1507439 -0.1343333 0.9794034 0.03174501 -0.1223498 0.9919793 0.1520157 -0.1226498 0.9807386 0.0327391 -0.110279 0.9933614 0.1540346 -0.1136385 0.9815089 0.03411954 -0.1010224 0.994299 0.1568409 -0.1082609 0.9816723 0.03570729 -0.09539735 0.9947987 0.1606558 -0.1064325 0.9812552 0.03802132 -0.09326612 0.994915 0.1653869 -0.1070697 0.9803996 0.0413599 -0.09363561 0.9947472 0.1706066 -0.1086117 0.979335 0.04540848 -0.09507286 0.9944342 0.3956238 -0.3744912 0.838593 0.3733843 -0.1665875 0.9125967 0.521371 -0.2798948 0.8061211 0.08301627 -0.08724445 0.9927219 0.09531569 -0.08135414 0.9921172 0.09875178 -0.08714628 0.9912889 0.07819271 -0.08673077 0.9931585 0.09064596 -0.08120685 0.9925668 0.07319879 -0.08562487 0.9936349 0.08678269 -0.08309561 0.9927557 0.0695095 -0.08681631 0.9937965 0.08389067 -0.08735328 0.9926389 0.06678593 -0.09039986 0.9936637 0.08157831 -0.09345185 0.9922761 0.06469637 -0.09630048 0.9932476 0.07954192 -0.1025032 0.9915474 0.06287956 -0.1053349 0.9924468 0.07804656 -0.1169137 0.9900707 0.06154614 -0.1190148 0.9909831 0.07765227 -0.1361081 0.9876461 0.06131947 -0.1365351 0.9887357 0.0782963 -0.1542346 0.9849271 0.06219905 -0.1534942 0.98619 0.07880312 -0.1674616 0.9827241 0.06303173 -0.1676445 0.9838305 0.07840675 -0.1820598 0.9801564 0.06297332 -0.1838731 0.9809308 0.07860451 -0.2057442 0.9754438 0.06328898 -0.2062789 0.9764444 0.08065825 -0.2297188 0.9699091 0.06530267 -0.2288736 0.9712633 0.08598315 -0.2701915 0.9589596 0.07042217 -0.2648911 0.9617035 0.1011502 -0.3673524 0.9245653 0.0849266 -0.3557104 0.9307297 0.1246131 -0.5186107 0.845881 0.10821 -0.5069577 0.8551518 0.144658 -0.6495244 0.7464531 0.135146 -0.7984619 0.5866807 0.1749365 -0.9588458 0.223634 0.1511899 -0.7942367 0.5884979 0.1618891 -0.6534587 0.7394483 0.1416612 -0.528833 0.8368201 0.1173591 -0.3778393 0.9184032 0.1017 -0.2745097 0.9561912 0.09647089 -0.2303553 0.9683129 0.09433972 -0.2050455 0.9741953 0.09412115 -0.1803393 0.9790909 0.09461933 -0.1669041 0.9814226 0.09440708 -0.1543311 0.9834985 0.09427225 -0.1352507 0.9863165 0.09499657 -0.1149944 0.9888135 0.09643399 -0.1000598 0.9902972 0.09853947 -0.09081155 0.990981 0.1010166 -0.08450996 0.991289 0.1040626 -0.07969373 0.9913727 0.1081181 -0.07724761 0.9911323 0.1127178 -0.07824182 0.9905418 0.1195145 -0.08092421 0.989529 0.1744295 -0.1101083 0.978494 0.0473296 -0.09690868 0.9941673 0.1893936 -0.9565007 0.2218931 0.165727 -0.7914081 0.5883944 0.1781972 -0.1108906 0.9777265 0.050439 -0.09718173 0.9939878 0.08387243 -0.08784908 0.9925966 0.1017651 -0.09310114 0.9904423 0.06074476 -0.09297293 0.9938139 0.05657517 -0.0925523 0.9940993 0.05264127 -0.08985263 0.9945629 0.04916888 -0.09023833 0.9947058 0.04666584 -0.09305924 0.9945664 0.04486143 -0.09880179 0.9940954 0.04333537 -0.1079776 0.9932084 0.04222863 -0.120908 0.9917651 0.04219508 -0.1363571 0.9897608 0.04333364 -0.151807 0.9874598 0.04453444 -0.1670497 0.9849422 0.04486978 -0.1852723 0.9816624 0.04537034 -0.2063686 0.9774219 0.0475434 -0.2272502 0.9726752 0.05322098 -0.2583547 0.964583 0.06701618 -0.3438761 0.9366207 0.08962482 -0.4938547 0.8649133 0.1291074 -0.6444604 0.7536592 0.1298595 -0.07876664 0.9883989 0.2035795 -0.9541339 0.2195085 0.06407141 -0.08938926 0.9939339 0.09475505 -0.393703 0.914341 0.1640263 -0.3702554 0.9143338 0.2952404 -0.3801055 0.8765575 0.2630463 -0.2728264 0.925404 0.1499528 -0.2367693 0.9599242 0.1310915 -0.2686667 0.954271 0.2921531 -0.1201381 0.9487958 0.1641138 -0.1115644 0.9801123 0.1612869 -0.1102215 0.9807333 0.2400736 -0.3443143 0.9076412 0.1259593 -0.3213096 0.9385598 0.1650149 -0.3671152 0.9154215 0.1460872 -0.2966051 0.9437606 0.2704774 -0.2256838 0.9359 0.1405588 -0.1999289 0.9696761 0.1461958 -0.2186984 0.9647786 0.2771867 -0.2412586 0.9300333 0.2614859 -0.1875053 0.9468194 0.1410277 -0.1636365 0.9763884 0.1400541 -0.1802797 0.9735935 0.2632664 -0.2069743 0.9422593 0.2621089 -0.157733 0.9520605 0.1414338 -0.136635 0.9804731 0.1412457 -0.1495662 0.9786111 0.2618398 -0.1713578 0.9497771 0.2653645 -0.1338832 0.9548074 0.1521142 -0.1163883 0.9814862 0.1429243 -0.1254623 0.9817495 0.2628497 -0.1450898 0.9538653 0.2751658 -0.1196136 0.9539268 0.1559072 -0.1083289 0.9818136 0.153757 -0.110412 0.9819205 0.2713337 -0.1249122 0.9543454 0.286032 -0.1185586 0.9508574 0.1584963 -0.1087954 0.9813474 0.28021 -0.1178614 0.9526758 0.02249366 -0.09896135 0.9948371 0 -0.2240319 0.9745818 0 -0.09680563 0.9953034 0.03705447 -0.7362997 0.6756402 0.0289843 -0.6447744 0.7638232 0.03235173 -0.7334863 0.6789339 0 -0.2230249 0.9748128 2.00063e-7 -0.2515262 0.9678505 0.009754419 -0.2512502 0.967873 0.02341848 -0.09744012 0.9949659 0 -0.09636181 0.9953464 0 -0.09531915 0.9954468 0 -0.271536 0.9624283 0.008470058 -0.2731394 0.9619371 0.02297002 -0.2053387 0.9784214 0 -0.1856691 0.9826124 0 -0.2029951 0.9791797 0.02001023 -0.2231717 0.9745737 0.02045178 -0.1683539 0.9855145 0 -0.1499682 0.9886908 0 -0.1665166 0.9860388 0.02117764 -0.1875693 0.9820231 0.01915097 -0.1375408 0.990311 0 -0.1228678 0.9924231 0 -0.1358172 0.9907339 0.01977878 -0.1517465 0.9882215 0.01971912 -0.1149241 0.9931786 0 -0.1136451 0.9935215 0 -0.1253929 0.9921072 0.01857024 -0.1245391 0.992041 0.02535212 -0.09825581 0.9948383 0 -0.09384435 0.9955869 0 -0.0959922 0.9953821 0.0252791 -0.351289 0.9359257 0.0185219 -0.3279542 0.9445121 0.01778054 -0.3722114 0.9279777 0.02596193 -0.1047176 0.9941631 0.09228116 -0.6373872 -0.764998 -0.1406502 1.79236e-6 -0.9900594 -0.006866455 6.00943e-6 -0.9999765 0.3323117 -0.4548695 0.8262341 0.1587771 -0.4254477 0.8909457 0.2301376 -0.530586 0.8157912 0.175159 -0.7401 0.6492853 0.1270856 -0.8030116 0.5822557 0.1578859 -0.9621847 0.2219746 0.1587117 -0.7427449 0.6504927 0.02402782 -0.09630203 0.9950622 0 -0.09413981 0.995559 0.111574 -0.6383511 0.7616161 0.1441448 -0.7449424 0.6513702 0.3021635 -0.1224696 0.9453563 0.1666786 -0.2454113 0.9549825 0.1658801 -0.1122936 0.9797316 0.2561078 -0.7352756 0.6275179 0.03406757 -0.6445038 0.7638419 0.4091845 -0.3688521 0.8345755 0.5328646 -0.2694274 0.8021623 0.12915 -0.4350142 0.8911133 0.06504571 -0.2152447 0.9743916 0.09005111 -0.4185581 0.9037145 0.1927277 -0.4285489 0.8827242 0.09512531 -0.2276726 0.9690802 0.02286636 -0.09849584 0.9948747 0.02739131 -0.1872844 0.9819238 0.04668521 -0.354403 0.9339267 0.3002523 -0.04345285 0.9528695 0.8314267 -0.5271376 0.1756578 0.3395278 -0.7359219 0.5857814 0.3638219 -0.7839744 0.5030089 0.3079289 -0.733511 0.605922 0.4370523 -0.6043681 0.6661265 0.4649124 -0.6967528 0.5462529 0.02574586 -0.3532528 0.9351736 0 -0.3498687 0.9367989 0 -0.3498686 0.9367989 0.2937436 -0.7788718 0.5541421 0.04015171 -0.7729133 0.6332401 0.008405029 -0.7071601 -0.7070035 0.03979104 -0.9561014 0.2903221 0.01016187 -0.615817 -0.7878238 0.3217941 -0.7807587 0.5355972 0.505777 -0.7162026 0.4808779 0.7444241 -0.6666159 -0.03815937 0.3238926 -0.9336991 0.1526421 0.1277636 -0.7469778 0.6524575 0.1041121 -0.6376672 -0.7632438 0.09727007 -0.6391394 -0.7629151 0.3804473 -0.4746788 -0.7936876 -0.01672393 -0.6303943 -0.7760949 0.11956 -0.7474216 0.6535031 0.09903818 -0.6407843 -0.7613061 0.1064584 -0.635688 -0.7645701 0.1070911 -0.6358984 -0.7643067 0.2298234 -0.9140738 0.3341413 0.05199819 -0.9406002 0.3355109 0.0348187 -0.7627591 0.6457447 0.3385861 -0.9280961 0.15491 0.4813211 -0.8646665 0.1438118 -0.07134407 0 -0.9974518 -0.03416287 0 -0.9994164 -0.07566702 0 -0.9971331 -0.02120518 0 -0.9997751 -0.01446342 0 -0.9998954 -0.02162444 0 -0.9997662 0.09142845 -0.7612179 -0.642019 -0.0330789 0 -0.9994528 -0.02741473 0.1243968 -0.9918538 0 -1.30591e-6 -1 -0.0269311 -2.4318e-6 -0.9996373 -0.0140466 0 -0.9999014 -0.0087834 0 -0.9999614 -0.176512 0.002926766 -0.9842941 -0.1850476 0 -0.9827296 0.149132 -0.964452 0.2181562 -0.1109427 -1.32966e-6 -0.9938268 -0.006865799 -2.2627e-6 -0.9999765 0.05065548 -0.6507582 -0.7575935 -0.008605599 0 -0.999963 -0.1724369 0 -0.9850206 -0.2719129 0 -0.9623219 -0.251709 0.01263052 -0.9677206 -0.2440948 0 -0.9697514 0.2936176 -0.9373359 0.1875905 0.3086315 -0.7877697 0.5330719 0.2261452 -0.226658 0.9473566 0.2319421 -0.291072 0.9281595 0.1825274 -0.1391574 0.9733031 0.1832876 -0.1585145 0.9701952 0.2058405 -0.06509155 0.9764184 0.1950446 -0.0707615 0.9782385 0.2757349 -0.4055386 0.8714979 0.2243337 -0.2073876 0.9521896 0.311311 -0.5417035 0.7807963 0.1822887 -0.08560556 0.9795114 0.1797685 -0.09797412 0.9788178 0.2212764 -0.06291472 0.9731796 0.3260172 -0.6525384 0.6840369 0.1911852 -0.1733965 0.9661169 0.2073837 -0.1882155 0.9599828 0.178792 -0.1165201 0.9769629 0.1890816 -0.07769477 0.9788829 0.2801055 -0.4220177 0.8622308 0.1392855 -0.2271512 0.9638475 0.2136119 -0.2447037 0.9457749 0.1290187 -0.07451021 0.9888389 0.1097458 -0.09823876 0.9890931 0.7817124 -0.04075562 0.622306 0.2416391 -0.0532884 0.968902 0.7730941 -0.05506372 0.6318969 0.7718331 -0.06224083 0.6327716 0.7741564 -0.04934191 0.6310685 0.7722779 -0.07296335 0.6310811 0.7738651 -0.08896541 0.627071 0.7804196 -0.121818 0.6132746 0.7854251 -0.1330161 0.604495 0.7775943 -0.1066119 0.6196619 0.792369 -0.1439865 0.5928065 0.7993056 -0.155996 0.5803241 0.8218973 -0.4580337 0.3386591 0.7770764 -0.04397475 0.6278683 0.8192355 -0.3885298 0.4217793 0.8013653 -0.1698908 0.5735425 0.8128973 -0.3007053 0.4987729 0.8003282 -0.222403 0.5567869 0.8151305 -0.5148594 0.2654845 0.3409497 -0.02484196 -0.9397533 -0.244106 0 -0.9697486 0.8157911 -0.02384841 0.5778549 0.4627574 -0.1402344 0.8753228 0.8824855 -0.07793056 0.4638388 0.9046726 -0.07041621 0.4202489 0.613449 -0.2113857 0.7609182 0.9805257 -0.05969673 -0.187098 0.9845275 -0.05841809 -0.1652061 0.9883047 -0.05141985 -0.1435609 0.9979659 -0.02503746 -0.05862843 0.9984404 -0.02304744 -0.05085009 0.9974193 -0.02701216 -0.06652086 0.9992983 -0.01747381 -0.03313332 0.9996428 -0.01339066 -0.02313381 0.9988985 -0.02052527 -0.04219841 0.9999504 -0.006340503 -0.007687866 0.9999774 -0.004668593 -0.004860579 0.9998199 -0.01025485 -0.01597052 0.9999105 -0.007836282 -0.01085555 0.9957598 -0.03234887 -0.08611643 0.9969067 -0.02850294 -0.07324475 0.9999907 -0.003287553 -0.002849459 0.9922866 -0.04250943 -0.1164495 0.7869887 -0.03253144 0.6161093 0.9999958 -0.002399623 -0.00165832 0.9999988 0.001399099 7.09399e-4 0.9999936 0.003498256 7.96714e-4 0.998913 0.04643464 0.004095673 0.9996809 0.02490091 0.00425899 -0.0254181 0.06302827 -0.9976881 0.2982737 -0.1216522 0.9466962 0.08077335 -0.2508389 0.9646531 0.1111626 -0.2598263 0.9592357 0.1544577 -0.2554907 0.9543938 0.1702725 -0.2611834 0.9501529 0.0615186 -0.2672473 0.9616624 0.2871989 -0.2214689 0.9319165 0.9120362 -0.06463861 0.4049838 0.9988814 0.04727983 8.59177e-4 0.07080012 -0.4306828 0.8997221 0.09244704 -0.4180374 0.9037137 0.1335912 -0.4331921 0.8913463 0.1997076 -0.4262441 0.8822885 0.2850351 -0.4183911 0.8623827 0.203979 -0.2252971 0.9526982 0.02458757 -0.2278171 0.9733934 0.3023175 -0.2534514 0.9188942 0.05934524 -0.2165142 0.9744741 0.09158074 -0.4288852 0.898705 0.0494551 -0.5588421 -0.8277981 0.2865735 -0.6156705 0.7340473 -0.03225773 0 -0.9994797 0.02704799 -0.2270292 0.9735123 0.02777361 -0.2569369 0.9660291 0.02816969 -0.2876783 0.9573128 0.02856689 -0.3136708 0.949102 0.02467632 -0.09605449 0.9950702 0.02901864 -0.3509066 0.9359608 -0.03216725 0 -0.9994826 0.1825268 -0.4091457 0.8940267 0.221345 -0.6484381 0.7283779 0.4206128 -0.1396778 0.8964235 -0.2290796 0.5898678 0.7743246 0.3197906 -0.2008361 0.9259583 0.03755426 -0.206523 0.9777208 -0.03066432 0.6934075 0.7198929 -0.1262593 0.6733521 0.7284612 -0.1780039 0.6497628 0.7390013 -0.06317114 0.6987285 0.7125925 0.5557672 -0.08441972 0.8270406 -0.3347552 0.4839072 0.8085622 0.5132136 -0.1023987 0.8521304 0.8470845 0.001719415 0.5314554 -0.368762 0.4517288 0.8123766 -0.08065795 0.6895726 0.7197111 -0.3922978 0.9198383 0 -0.1293788 0.9915953 0 -0.1766117 0.9842806 0 0 -0.1799871 0.9836691 -0.7482948 0.6633664 0 -0.3125867 0.5299417 0.7883218 -0.07037729 0.9975205 0 0.2876847 0.8588173 0.4238757 -0.8570086 0.5143237 0.03173911 -0.5811755 0.8137783 0 -0.8327169 0.5536952 0.002114593 -0.2707973 0.9626364 0 0.9986509 0.0519272 1.42457e-4 0.4308659 0.8990566 -0.0777933 0 0.6985792 0.7155327 0 1 0 -0.4184151 -0.3368473 0.8434826 -0.7879108 -0.00210911 0.6157858 -0.3995138 -0.2752953 0.8744148 -0.3947939 -0.4282681 0.8128496 -0.8226069 -0.2177324 0.5252717 -0.1161525 -0.6287761 0.7688623 -0.4422377 -0.8091259 0.386964 -0.232971 -0.5889508 0.7738615 -0.3514744 -0.2380248 0.9054336 -0.6349305 -0.6544767 0.4105163 -0.3304561 -0.5197055 0.7878484 -0.6702684 0.1750062 0.7211887 -0.2588429 -0.2136493 0.941995 -0.2332397 0.3621048 0.9024852 0 -0.2048923 0.9787846 -0.1302235 -0.20596 0.9698569 -0.4762682 0.299622 0.8266773 0 -0.6388998 0.7692902 -0.2186809 -0.8981622 0.3814229 0.01908946 -0.530452 0.8475001 0.01373308 -0.6583114 0.7526204 0.01560175 -0.6127195 0.7901465 0.01844835 -0.4411068 0.897265 0.01691657 -0.3001285 0.9537488 0.01331472 -0.2779365 0.9605072 0.0296607 -0.943235 0.3307992 0.01193159 -0.7606462 0.649057 0.02779865 -0.8940746 0.4470548 0.02427154 -0.7604938 0.6488915 0.004768788 -0.6240637 -0.7813591 0.01784074 -0.6947525 -0.7190277 -0.02660775 0.09890878 -0.9947407 -0.02693003 0 -0.9996374 -0.02693092 -2.00021e-6 -0.9996373 0.01248854 -0.7408324 0.6715738 0.02482765 -0.7351484 0.6774514 0.01999604 -0.6770591 0.735657 0.02182155 -0.2555702 0.9665442 0.02697998 -0.5244328 0.8510243 0.02330064 -0.3127368 0.949554 0.03101843 -0.520533 0.8532779 0.02632951 -0.4190967 0.9075598 0.0292102 -0.4163813 0.9087207 0.0226354 -0.2869144 0.9576889 0 -0.7433471 0.6689059 0.01382559 -0.6990066 0.7149817 0 -0.7109155 0.7032775 -3.04054e-7 -0.7735878 -0.6336894 -1.45833e-7 -0.8371708 0.5469416 0 -0.7608823 0.64889 0 0.1373127 -0.9905278 0 -0.6764742 0.7364663 -0.7650403 -0.4532893 0.4574299 -0.09630608 -0.6014478 -0.7930862 0.1557641 0 -0.9877943 -0.09142893 -0.7612214 -0.6420147 -0.1466731 -0.09792029 0.9843265 -0.1081895 -0.1142888 0.987539 -0.1097458 -0.09823888 0.9890931 -0.1458372 -0.115403 0.9825547 -0.1082664 -0.1352167 0.9848832 -0.1496104 -0.1567505 0.9762408 -0.1109253 -0.1670702 0.9796853 -0.1089448 -0.1545587 0.9819586 -0.1685739 -0.1844685 0.9682739 -0.1187295 -0.2055869 0.97141 -0.115168 -0.1803334 0.9768399 -0.155862 -0.1702359 0.9729989 -0.2488979 -0.5405525 0.8036497 -0.1406391 -0.3886285 0.9105979 -0.213863 -0.3974233 0.8923662 -0.1738017 -0.06937348 0.9823341 -0.1379228 -0.07391041 0.9876814 -0.1885411 -0.0675916 0.9797366 -0.2696622 -0.6559037 0.7050338 -0.1703063 -0.5391021 0.8248422 -0.1520529 -0.07151746 0.9857816 -0.1792436 -0.2065064 0.9618872 -0.1158137 -0.2303456 0.9661926 -0.1170892 -0.2796233 0.9529433 -0.1767269 -0.285475 0.941951 -0.1229106 -0.07647281 0.9894671 -0.1290187 -0.07451021 0.9888389 -0.1483313 -0.1375727 0.979322 -0.1753011 -0.2272577 0.9579267 -0.1562457 -0.0793268 0.9845276 -0.1131117 -0.08851599 0.9896316 -0.1176254 -0.08184421 0.9896796 -0.1628146 -0.07292741 0.9839578 -0.2081615 -0.0601471 0.9762434 -0.172998 -0.06472903 0.982793 -0.2380637 -0.05073058 0.9699238 -0.2862131 -0.7374541 0.6117545 -0.1937556 -0.6585387 0.7271764 -0.1820293 -0.7890076 0.5867986 -0.2374814 -0.947862 0.2125096 -0.2035796 -0.9541352 0.2195029 -0.6376811 -0.1790447 0.7492035 -0.6220124 -0.2018815 0.7565345 -0.6587797 -0.1669645 0.7335749 -0.1028357 -0.6316299 0.7684196 -0.2139548 -0.4875864 0.8464532 -0.08030706 -0.4814223 0.872802 -0.1499082 -0.3466321 0.9259448 -0.05738043 -0.3348269 0.940531 -0.1695212 -0.2614933 0.950202 -0.04499578 -0.2524553 0.9665618 -0.1614818 -0.2330697 0.9589589 -0.03862702 -0.2227233 0.9741162 -0.1580294 -0.216875 0.9633234 -0.03572291 -0.2059144 0.9779178 -0.1554868 -0.1973106 0.9679321 -0.03525215 -0.1862263 0.9818744 -0.1532617 -0.1775057 0.9721124 -0.03488487 -0.166399 0.9854413 -0.1514506 -0.1612015 0.9752317 -0.03341931 -0.1500382 0.9881153 -0.1504927 -0.1473094 0.9775745 -0.03192526 -0.1358192 0.9902192 -0.1507434 -0.1343331 0.9794034 -0.03174448 -0.1223495 0.9919793 -0.1520162 -0.1226499 0.9807385 -0.03273969 -0.1102791 0.9933613 -0.1540343 -0.1136384 0.9815089 -0.03411918 -0.1010222 0.994299 -0.1568409 -0.1082611 0.9816723 -0.03570729 -0.09539753 0.9947987 -0.1606559 -0.1064324 0.9812552 -0.0380215 -0.09326618 0.994915 -0.1653865 -0.1070696 0.9803997 -0.04135948 -0.09363555 0.9947472 -0.1706066 -0.1086118 0.979335 -0.04540848 -0.09507268 0.9944342 -0.3733844 -0.1665872 0.9125968 -0.3956238 -0.3744914 0.838593 -0.5213709 -0.2798948 0.8061212 -0.09531569 -0.08135414 0.9921171 -0.08301627 -0.08724445 0.9927219 -0.09875172 -0.08714634 0.9912889 -0.09064602 -0.08120685 0.9925668 -0.07819271 -0.08673077 0.9931585 -0.08678275 -0.08309561 0.9927557 -0.07319885 -0.08562487 0.9936349 -0.08389061 -0.08735322 0.9926389 -0.0695095 -0.08681631 0.9937964 -0.08157831 -0.09345179 0.9922761 -0.06678599 -0.09039986 0.9936637 -0.07954192 -0.1025032 0.9915474 -0.06469643 -0.09630048 0.9932475 -0.07804656 -0.1169137 0.9900708 -0.06287956 -0.1053349 0.9924468 -0.07765227 -0.1361081 0.9876461 -0.06154614 -0.1190148 0.9909831 -0.0782963 -0.1542346 0.9849271 -0.06131947 -0.1365351 0.9887356 -0.07880318 -0.1674617 0.9827242 -0.06219905 -0.1534942 0.98619 -0.07840687 -0.1820597 0.9801565 -0.06303179 -0.1676445 0.9838305 -0.07860457 -0.2057441 0.9754438 -0.06297332 -0.183873 0.9809308 -0.08065825 -0.2297187 0.9699091 -0.06328898 -0.2062788 0.9764444 -0.08598315 -0.2701914 0.9589597 -0.06530272 -0.2288739 0.9712633 -0.1011502 -0.3673521 0.9245653 -0.07042223 -0.2648913 0.9617034 -0.1246133 -0.5186111 0.8458806 -0.08492666 -0.3557106 0.9307295 -0.1446582 -0.6495248 0.7464526 -0.1082102 -0.5069586 0.8551512 -0.135146 -0.7984619 0.5866807 -0.1749364 -0.9588457 0.2236343 -0.1578856 -0.9621846 0.2219753 -0.1618893 -0.6534591 0.7394479 -0.1416613 -0.5288337 0.8368196 -0.1173589 -0.3778393 0.9184032 -0.1016999 -0.2745094 0.9561913 -0.09647083 -0.2303552 0.968313 -0.09433978 -0.2050454 0.9741954 -0.09412121 -0.1803392 0.9790909 -0.09461939 -0.1669042 0.9814226 -0.09440714 -0.154331 0.9834986 -0.09427225 -0.1352508 0.9863165 -0.09499657 -0.1149942 0.9888134 -0.09643399 -0.1000598 0.9902972 -0.09853947 -0.09081149 0.990981 -0.1010166 -0.08450996 0.991289 -0.1040626 -0.07969373 0.9913727 -0.1081181 -0.07724761 0.9911323 -0.1127178 -0.07824188 0.9905418 -0.1195145 -0.08092415 0.989529 -0.1744294 -0.1101088 0.9784939 -0.04732954 -0.09690922 0.9941673 -0.1511899 -0.7942367 0.5884979 -0.1893939 -0.9565005 0.2218934 -0.1781972 -0.1108901 0.9777266 -0.05043888 -0.09718126 0.9939879 -0.08387243 -0.08784908 0.9925966 -0.101765 -0.09310114 0.9904424 -0.06074476 -0.09297293 0.9938139 -0.05657511 -0.0925523 0.9940993 -0.05264133 -0.08985263 0.9945629 -0.04916888 -0.09023833 0.9947058 -0.0466659 -0.09305924 0.9945664 -0.04486149 -0.09880185 0.9940954 -0.04333537 -0.1079776 0.9932085 -0.04222869 -0.1209081 0.9917651 -0.04219508 -0.1363571 0.9897608 -0.0433337 -0.151807 0.9874598 -0.0445345 -0.1670497 0.9849422 -0.04486978 -0.1852722 0.9816624 -0.04537028 -0.2063687 0.9774219 -0.0475434 -0.2272504 0.9726752 -0.05322098 -0.2583547 0.964583 -0.06701612 -0.343876 0.9366207 -0.1291074 -0.6444608 0.7536588 -0.08962488 -0.4938547 0.8649133 -0.1298595 -0.07876664 0.9883989 -0.165727 -0.791408 0.5883943 -0.06407141 -0.08938932 0.9939338 -0.09475505 -0.3937017 0.9143415 -0.2952405 -0.3801055 0.8765574 -0.1640262 -0.3702567 0.9143333 -0.2630463 -0.2728264 0.9254039 -0.1499527 -0.2367697 0.9599242 -0.2771866 -0.2412594 0.9300331 -0.2921531 -0.1201379 0.9487958 -0.1641138 -0.1115643 0.9801123 -0.2982736 -0.1216521 0.9466962 -0.2400736 -0.3443145 0.9076411 -0.1650149 -0.367115 0.9154217 -0.1259592 -0.3213102 0.9385595 -0.1460871 -0.2966052 0.9437605 -0.1310915 -0.2686668 0.9542711 -0.2704774 -0.2256836 0.9359001 -0.1405588 -0.1999286 0.9696761 -0.2632665 -0.206974 0.9422594 -0.1461958 -0.2186986 0.9647786 -0.2614859 -0.1875058 0.9468193 -0.1410277 -0.1636361 0.9763885 -0.2618397 -0.1713579 0.9497771 -0.1400541 -0.1802803 0.9735934 -0.2621089 -0.157733 0.9520605 -0.1414338 -0.136635 0.9804731 -0.2628496 -0.1450901 0.9538652 -0.1412457 -0.1495664 0.9786111 -0.2653645 -0.1338832 0.9548074 -0.1521142 -0.1163886 0.9814861 -0.2713337 -0.1249122 0.9543454 -0.1429243 -0.125462 0.9817494 -0.2751658 -0.1196137 0.9539268 -0.1559072 -0.1083287 0.9818136 -0.28021 -0.1178615 0.9526758 -0.153757 -0.110412 0.9819206 -0.2860319 -0.1185587 0.9508573 -0.1612869 -0.1102209 0.9807334 -0.1584962 -0.1087956 0.9813473 -0.02249366 -0.09896153 0.9948371 -0.02458745 -0.2278174 0.9733934 -0.0289843 -0.6447741 0.7638236 -0.03705412 -0.7363001 0.6756399 -0.03235167 -0.7334843 0.678936 -0.009754419 -0.2512502 0.967873 -0.02341848 -0.09743988 0.9949659 -0.02286636 -0.09849584 0.9948747 -0.008470118 -0.2731394 0.9619371 -0.02297002 -0.2053391 0.9784214 -0.02117764 -0.1875691 0.9820232 -0.02001023 -0.2231717 0.9745737 -0.02045178 -0.1683541 0.9855145 -0.01977878 -0.1517463 0.9882217 -0.01915097 -0.1375409 0.990311 -0.01857024 -0.124539 0.9920409 -0.01971912 -0.114924 0.9931786 -0.02596193 -0.104718 0.994163 -0.02535212 -0.09825575 0.9948383 -0.02467632 -0.09605425 0.9950702 -0.0252791 -0.351289 0.9359257 -0.0185222 -0.3279547 0.9445119 -0.02330064 -0.312737 0.949554 -0.09228074 -0.6373858 -0.7649992 0.1406502 1.79236e-6 -0.9900594 -0.04945462 -0.5588377 -0.8278011 -0.3323118 -0.4548692 0.8262342 -0.2301378 -0.5305855 0.8157915 -0.1587772 -0.4254473 0.8909459 -0.2112646 -0.7375535 0.6413907 -0.175159 -0.7401 0.6492853 -0.1587117 -0.7427448 0.6504927 -0.1270856 -0.8030115 0.5822557 -0.1491318 -0.9644514 0.2181587 -0.1441448 -0.7449424 0.6513703 -0.02402782 -0.09630215 0.9950622 -0.111574 -0.6383512 0.7616161 -0.1277636 -0.7469778 0.6524574 -0.3021635 -0.1224697 0.9453563 -0.1666785 -0.2454119 0.9549823 -0.3023174 -0.253452 0.9188941 -0.0340681 -0.6445028 0.7638427 -0.256107 -0.7352749 0.627519 -0.4091848 -0.3688507 0.834576 -0.5328648 -0.2694253 0.8021628 -0.06504565 -0.2152448 0.9743916 -0.12915 -0.4350143 0.8911134 -0.09005111 -0.4185582 0.9037145 -0.09512531 -0.2276727 0.9690802 -0.1927278 -0.4285486 0.8827244 -0.02739131 -0.1872841 0.9819238 -0.04668521 -0.3544013 0.9339273 -0.3002524 -0.04345268 0.9528695 -0.4627574 -0.1402349 0.8753228 -0.3395282 -0.7359208 0.5857827 -0.8314253 -0.5271382 0.1756631 -0.3638215 -0.7839762 0.5030062 -0.437052 -0.6043676 0.6661272 -0.3079288 -0.7335098 0.6059235 -0.4649116 -0.6967522 0.5462543 -0.02574574 -0.353254 0.9351731 -0.2937412 -0.7788626 0.5541563 -0.04015088 -0.7729042 0.6332512 -0.03979092 -0.9560995 0.2903281 -0.008405029 -0.7071632 -0.7070005 -0.01016157 -0.6158203 -0.7878212 -0.321793 -0.7807571 0.5356002 -0.5057771 -0.7162014 0.4808797 -0.74442 -0.6666212 -0.03814697 -0.3238908 -0.9336993 0.1526455 -0.1195601 -0.7474208 0.6535041 -0.2240134 -0.7844523 0.5783188 -0.104112 -0.6376675 -0.7632437 -0.09726995 -0.6391401 -0.7629145 -0.3804499 -0.4746838 -0.7936833 0.01672452 -0.6304001 -0.7760903 -0.09903764 -0.6407825 -0.7613077 -0.1064575 -0.6356838 -0.7645736 -0.1070916 -0.6358988 -0.7643063 -0.2298217 -0.9140657 0.3341647 -0.05199754 -0.9405946 0.3355265 -0.03481858 -0.7627561 0.6457484 -0.338586 -0.9280958 0.154912 -0.4813213 -0.8646662 0.1438126 0.07134407 0 -0.9974518 0.03416287 0 -0.9994164 0.0330789 0 -0.9994528 0.02120518 0 -0.9997751 0.01446342 0 -0.9998954 0.0140466 0 -0.9999014 0.02162444 0 -0.9997662 0.02741491 0.1243979 -0.9918537 0.0087834 0 -0.9999614 0.008605599 0 -0.999963 0.176512 0.002928018 -0.9842941 0.07566702 0 -0.9971331 0.006866455 6.01102e-6 -0.9999765 0.1109427 -1.32966e-6 -0.9938268 -0.05065727 -0.6507659 -0.7575867 0.2719165 0 -0.9623209 0.1724369 0 -0.9850206 0.2517091 0.01263195 -0.9677206 0.1850476 0 -0.9827296 -0.293619 -0.9373335 0.1876005 -0.3086323 -0.787769 0.5330724 -0.326017 -0.6525391 0.6840363 -0.226146 -0.2266565 0.9473568 -0.231942 -0.291072 0.9281595 -0.1825271 -0.139158 0.9733031 -0.1832887 -0.1585149 0.970195 -0.2058411 -0.06509137 0.9764182 -0.1950448 -0.07076179 0.9782384 -0.2757347 -0.4055404 0.8714973 -0.2243331 -0.2073882 0.9521896 -0.3113114 -0.5417015 0.7807975 -0.1822885 -0.0856052 0.9795115 -0.1797684 -0.09797418 0.9788179 -0.2212762 -0.06291466 0.9731797 -0.1911856 -0.1733962 0.9661169 -0.2073832 -0.1882165 0.9599827 -0.1787919 -0.116519 0.9769631 -0.1890816 -0.07769495 0.9788829 -0.1498659 -0.08666336 0.9849009 -0.2416391 -0.05328822 0.968902 -0.1392855 -0.227151 0.9638475 -0.2801055 -0.4220178 0.8622308 -0.213612 -0.2447035 0.945775 -0.2871989 -0.2214687 0.9319165 -0.7817122 -0.04075592 0.6223062 -0.7869886 -0.03253197 0.6161092 -0.7730941 -0.05506241 0.6318969 -0.7718329 -0.06224095 0.6327718 -0.7741565 -0.04934209 0.6310684 -0.772278 -0.0729615 0.6310811 -0.7738649 -0.08896559 0.6270712 -0.7804204 -0.1218174 0.6132736 -0.7854256 -0.1330153 0.6044945 -0.7775938 -0.1066158 0.6196621 -0.7923688 -0.1439875 0.5928065 -0.7993048 -0.1560007 0.5803238 -0.8218967 -0.4580339 0.3386602 -0.8192308 -0.3885421 0.4217771 -0.7770767 -0.04397368 0.627868 -0.8128985 -0.3007018 0.498773 -0.8013651 -0.1698936 0.5735419 -0.8003283 -0.2224003 0.556788 -0.8151336 -0.5148546 0.2654845 -0.3409496 -0.02484506 -0.9397532 0.2440948 0 -0.9697514 -0.815791 -0.02384722 0.5778549 -0.8824853 -0.07793158 0.4638386 -0.9046726 -0.07041788 0.4202486 -0.9805262 -0.05968976 -0.187098 -0.9845275 -0.05841863 -0.1652061 -0.9979659 -0.02503746 -0.05862843 -0.9974195 -0.02700906 -0.06652086 -0.9992982 -0.01747608 -0.03313332 -0.9984405 -0.02304238 -0.05085009 -0.9999504 -0.006338238 -0.007687866 -0.9996426 -0.01339578 -0.02313381 -0.9988986 -0.02052068 -0.04219841 -0.9999104 -0.007838129 -0.01085555 -0.9957599 -0.03234523 -0.08611643 -0.9969066 -0.02850151 -0.07324475 -0.9999774 -0.004668593 -0.004860579 -0.9922868 -0.04250442 -0.1164495 -0.9998199 -0.01025575 -0.01597052 -0.9999958 -0.002399027 -0.00165832 -0.9999988 0.001397788 7.09399e-4 -0.9883038 -0.05143874 -0.1435608 -0.9989131 0.04643452 0.004095673 -0.9999906 -0.003287017 -0.002849459 -0.9999936 0.003500282 7.96714e-4 0.02541834 0.06302869 -0.9976881 -0.1658801 -0.1122938 0.9797316 -0.08077329 -0.2508389 0.9646531 -0.1111626 -0.2598261 0.9592359 -0.1544577 -0.2554907 0.9543938 -0.1702727 -0.2611841 0.9501528 -0.06151878 -0.2672477 0.9616622 -0.9120362 -0.06463861 0.4049838 -0.9988813 0.04728174 8.59203e-4 -0.07079994 -0.430683 0.8997219 -0.09244704 -0.4180373 0.9037137 -0.1335912 -0.433192 0.8913463 -0.1997075 -0.4262441 0.8822884 -0.2850351 -0.418391 0.8623828 -0.2039789 -0.2252973 0.9526982 -0.6134489 -0.2113868 0.760918 -0.05934524 -0.2165144 0.974474 -0.09158074 -0.4288846 0.8987053 0.006865799 -2.26331e-6 -0.9999765 -0.2865741 -0.6156704 0.7340472 0.03225773 0 -0.9994797 0.03216731 0 -0.9994826 -0.02704799 -0.2270294 0.9735123 -0.02816969 -0.2876784 0.9573128 -0.02856689 -0.3136712 0.9491019 -0.1825266 -0.4091459 0.8940266 0.2719129 0 -0.9623219 -0.2213454 -0.648436 0.7283797 0.22908 0.5898675 0.7743248 -0.4206129 -0.1396754 0.8964238 -0.3197909 -0.2008342 0.9259587 -0.03755432 -0.2065244 0.9777205 0.03066432 0.6934075 0.7198929 0.1262594 0.6733521 0.7284612 0.1780037 0.6497628 0.7390014 0.06317114 0.6987285 0.7125924 0.3347564 0.4839056 0.8085627 -0.555767 -0.08442139 0.8270406 -0.5132135 -0.1024026 0.8521302 0.3687618 0.4517266 0.8123779 -0.8470848 0.001716136 0.5314553 0.08065795 0.6895726 0.7197111 0.3922976 0.9198384 0 0.1293788 0.9915953 0 0.1766116 0.9842807 0 0.7482943 0.663367 0 0.3125864 0.5299421 0.7883217 0.07037729 0.9975205 0 0.8570086 0.5143239 0.03174012 -0.2876863 0.8588173 0.4238744 0.5811761 0.8137779 0 0.8327183 0.5536928 0.002114653 0.2707974 0.9626364 0 -0.998651 0.05192565 1.42455e-4 -0.4308655 0.899057 -0.0777921 0.4184154 -0.3368476 0.8434822 0.7879109 -0.00210911 0.6157856 0.8226069 -0.2177324 0.5252717 0.3947932 -0.4282685 0.8128496 0.7650403 -0.4532895 0.4574298 0.1161525 -0.628776 0.7688623 0.4422378 -0.809126 0.386964 0.2186809 -0.8981622 0.3814229 0.3514745 -0.2380248 0.9054335 0.3995141 -0.2752954 0.8744148 0.232971 -0.5889508 0.7738615 0.6349306 -0.6544765 0.4105163 0.2588436 -0.2136487 0.9419949 0.6702684 0.1750063 0.7211887 0.2332389 0.3621038 0.9024858 0.1302235 -0.2059602 0.9698569 0.4762687 0.2996224 0.8266768 0 -0.9231052 0.3845476 -0.01778006 -0.3722119 0.9279776 -0.01908946 -0.530452 0.8475001 -0.01844835 -0.4411068 0.897265 -0.01373308 -0.6583114 0.7526204 -0.01560175 -0.6127194 0.7901467 -0.01691687 -0.3001292 0.9537486 -0.01331472 -0.2779365 0.9605072 -0.01193153 -0.760642 0.649062 -0.02966064 -0.9432344 0.3308007 -0.02779865 -0.8940729 0.447058 -0.02427166 -0.7604964 0.6488883 -0.00476849 -0.6240692 -0.7813546 -0.01784062 -0.6947504 -0.7190296 0.02660799 0.09890943 -0.9947407 0.02693003 0 -0.9996374 0.02693092 -1.99238e-6 -0.9996373 -0.0124886 -0.7408314 0.671575 -0.02482759 -0.7351471 0.6774529 -0.02777361 -0.2569372 0.9660291 -0.02697998 -0.5244329 0.8510242 -0.02632951 -0.4190967 0.9075598 -0.02901864 -0.3509065 0.9359608 -0.03101843 -0.520533 0.853278 -0.0292102 -0.4163813 0.9087209 -0.0226354 -0.2869145 0.9576888 -0.02182149 -0.2555702 0.9665442 -0.01382559 -0.6990066 0.7149816 -0.01999604 -0.6770591 0.735657 0.0269311 -2.43064e-6 -0.9996373 0.3304557 -0.5197064 0.7878479 6.26529e-5 0.9403837 0.3401156 6.37955e-5 -0.9038887 -0.427768 0 0.3765923 0.9263792 0.244106 0 -0.9697486 -0.9996809 0.02490037 0.00425899</float_array>
          <technique_common>
            <accessor source="#Plane_005-mesh-normals-array" count="1512" stride="3">
              <param name="X" type="float"/>
              <param name="Y" type="float"/>
              <param name="Z" type="float"/>
            </accessor>
          </technique_common>
        </source>
        <source id="Plane_005-mesh-map-0">
          <float_array id="Plane_005-mesh-map-0-array" count="16812">0.3188271 0.9153255 0.3299762 0.9173077 0.3293268 0.9192279 0.5633207 0.553371 0.5628697 0.5536762 0.5611035 0.5514696 0.3311671 0.9153566 0.3202836 0.9114171 0.3211867 0.9093872 0.5633207 0.553371 0.5615051 0.5511447 0.5637186 0.5529772 0.3145326 0.9141463 0.3167878 0.9127449 0.3161766 0.9146525 0.3167878 0.9127449 0.3175061 0.9149509 0.3161766 0.9146525 0.3181905 0.9129478 0.3188271 0.9153255 0.3175061 0.9149509 0.3153562 0.9120252 0.3175101 0.9109474 0.3167878 0.9127449 0.3175101 0.9109474 0.3181905 0.9129478 0.3167878 0.9127449 0.318946 0.9110772 0.319518 0.9133241 0.3181905 0.9129478 0.3159245 0.9079545 0.3181557 0.9090545 0.3159584 0.9097447 0.318546 0.9079607 0.3197219 0.9090119 0.3181557 0.9090545 0.3201423 0.9079861 0.3211867 0.9093872 0.3197219 0.9090119 0.3139346 0.9162614 0.3151695 0.9186372 0.313578 0.9185237 0.3151695 0.9186372 0.3169339 0.9170921 0.3165042 0.9191758 0.5639386 0.5531826 0.5633207 0.553371 0.5637186 0.5529772 0.313578 0.9185237 0.3148915 0.9205732 0.3128877 0.9208097 0.3148915 0.9205732 0.3165042 0.9191758 0.316214 0.9211822 0.316214 0.9211822 0.3178468 0.9195291 0.3175508 0.9215682 0.3128877 0.9208097 0.3148915 0.9205732 0.314485 0.922562 0.314485 0.922562 0.316214 0.9211822 0.315839 0.9233933 0.315839 0.9233933 0.3175508 0.9215682 0.3173109 0.9238061 0.3139346 0.9162614 0.3161766 0.9146525 0.315594 0.916646 0.315594 0.916646 0.3175061 0.9149509 0.3169339 0.9170921 0.3169339 0.9170921 0.3188271 0.9153255 0.3182616 0.9174541 0.3321226 0.9199979 0.331167 0.9178342 0.3324297 0.9178578 0.331167 0.9178342 0.3293268 0.9192279 0.3299762 0.9173077 0.3320732 0.9165799 0.3299762 0.9173077 0.3311671 0.9153566 0.314288 0.9237132 0.315839 0.9233933 0.3156961 0.9245016 0.3307083 0.9240492 0.3289576 0.9234872 0.3303521 0.9229013 0.3156961 0.9245016 0.3173109 0.9238061 0.3172565 0.9248668 0.3321226 0.9199979 0.3302084 0.9213643 0.3306345 0.9195846 0.3302084 0.9213643 0.3293268 0.9192279 0.3306345 0.9195846 0.3328684 0.9158908 0.3311671 0.9153566 0.3318051 0.9142918 0.3159584 0.9097447 0.3181557 0.9090545 0.3175101 0.9109474 0.3334907 0.9180017 0.3320732 0.9165799 0.3328684 0.9158908 0.3299762 0.9173077 0.3202836 0.9114171 0.3311671 0.9153566 0.3181557 0.9090545 0.318946 0.9110772 0.3175101 0.9109474 0.3289885 0.9249418 0.3173109 0.9238061 0.3289576 0.9234872 0.3197219 0.9090119 0.3202836 0.9114171 0.318946 0.9110772 0.3324297 0.9178578 0.331167 0.9178342 0.3320732 0.9165799 0.3318051 0.9142918 0.3211867 0.9093872 0.3216671 0.9084475 0.3302084 0.9213643 0.3313557 0.9220274 0.3303521 0.9229013 0.3303521 0.9229013 0.328905 0.9212072 0.3302084 0.9213643 0.5615051 0.5511447 0.5640351 0.5525296 0.5637186 0.5529772 0.311953 0.9223697 0.314485 0.922562 0.314288 0.9237132 0.5640351 0.5525296 0.5618304 0.5506572 0.5642049 0.552034 0.3334907 0.9180017 0.3321226 0.9199979 0.3324297 0.9178578 0.3323357 0.9224643 0.3303521 0.9229013 0.3313557 0.9220274 0.3323357 0.9224643 0.3321226 0.9199979 0.3331398 0.9202772 0.3103188 0.9141044 0.3159584 0.9097447 0.312013 0.9145641 0.3204667 0.9070414 0.3216671 0.9084475 0.3201423 0.9079861 0.3324837 0.9137946 0.3328684 0.9158908 0.3318051 0.9142918 0.3330485 0.9229544 0.3331398 0.9202772 0.3339323 0.9204899 0.3136124 0.9250642 0.3156961 0.9245016 0.315523 0.9254698 0.315523 0.9254698 0.3172565 0.9248668 0.317188 0.925691 0.317188 0.925691 0.3289885 0.9249418 0.3293178 0.9256908 0.315333 0.9065268 0.3103188 0.9141044 0.3087395 0.9136952 0.3293178 0.9256908 0.3307083 0.9240492 0.3312162 0.9246847 0.3136124 0.9250642 0.311953 0.9223697 0.314288 0.9237132 0.3337037 0.9155877 0.3334907 0.9180017 0.3328684 0.9158908 0.3186146 0.9064482 0.3201423 0.9079861 0.318546 0.9079607 0.3186146 0.9064482 0.3159245 0.9079545 0.315333 0.9065268 0.3220246 0.9076876 0.3318051 0.9142918 0.3216671 0.9084475 0.3342968 0.917957 0.3331398 0.9202772 0.3334907 0.9180017 0.3330485 0.9229544 0.3307083 0.9240492 0.3323357 0.9224643 0.3107351 0.9233414 0.3103188 0.9141044 0.311953 0.9223697 0.3103188 0.9141044 0.3128877 0.9208097 0.311953 0.9223697 0.3128877 0.9208097 0.312013 0.9145641 0.313578 0.9185237 0.313578 0.9185237 0.312013 0.9145641 0.3139346 0.9162614 0.3139346 0.9162614 0.312013 0.9145641 0.3145326 0.9141463 0.3145326 0.9141463 0.312013 0.9145641 0.3153562 0.9120252 0.3153562 0.9120252 0.312013 0.9145641 0.3159584 0.9097447 0.3299762 0.9173077 0.3188271 0.9153255 0.3293268 0.9192279 0.3182616 0.9174541 0.3293268 0.9192279 0.3188271 0.9153255 0.3311671 0.9153566 0.3211867 0.9093872 0.3202836 0.9114171 0.3182616 0.9174541 0.328905 0.9212072 0.3293268 0.9192279 0.3145326 0.9141463 0.3167878 0.9127449 0.3153562 0.9120252 0.3175061 0.9149509 0.3167878 0.9127449 0.3161766 0.9146525 0.3188271 0.9153255 0.3181905 0.9129478 0.3175061 0.9149509 0.3153562 0.9120252 0.3175101 0.9109474 0.3159584 0.9097447 0.3181905 0.9129478 0.3175101 0.9109474 0.3167878 0.9127449 0.319518 0.9133241 0.318946 0.9110772 0.3181905 0.9129478 0.3181557 0.9090545 0.3159245 0.9079545 0.3159584 0.9097447 0.3197219 0.9090119 0.318546 0.9079607 0.3181557 0.9090545 0.3211867 0.9093872 0.3201423 0.9079861 0.3197219 0.9090119 0.3151695 0.9186372 0.3139346 0.9162614 0.313578 0.9185237 0.3151695 0.9186372 0.3169339 0.9170921 0.315594 0.916646 0.3165042 0.9191758 0.3182616 0.9174541 0.3169339 0.9170921 0.3148915 0.9205732 0.313578 0.9185237 0.3128877 0.9208097 0.3148915 0.9205732 0.3165042 0.9191758 0.3151695 0.9186372 0.316214 0.9211822 0.3178468 0.9195291 0.3165042 0.9191758 0.3128877 0.9208097 0.314485 0.922562 0.3148915 0.9205732 0.314485 0.922562 0.316214 0.9211822 0.3148915 0.9205732 0.315839 0.9233933 0.3175508 0.9215682 0.316214 0.9211822 0.3139346 0.9162614 0.3161766 0.9146525 0.3145326 0.9141463 0.315594 0.916646 0.3175061 0.9149509 0.3161766 0.9146525 0.3169339 0.9170921 0.3188271 0.9153255 0.3175061 0.9149509 0.331167 0.9178342 0.3321226 0.9199979 0.3324297 0.9178578 0.331167 0.9178342 0.3293268 0.9192279 0.3306345 0.9195846 0.3320732 0.9165799 0.3299762 0.9173077 0.331167 0.9178342 0.314288 0.9237132 0.315839 0.9233933 0.314485 0.922562 0.3289576 0.9234872 0.3307083 0.9240492 0.3303521 0.9229013 0.3156961 0.9245016 0.3173109 0.9238061 0.315839 0.9233933 0.3321226 0.9199979 0.3302084 0.9213643 0.3313557 0.9220274 0.3293268 0.9192279 0.3302084 0.9213643 0.3306345 0.9195846 0.3328684 0.9158908 0.3311671 0.9153566 0.3320732 0.9165799 0.3159584 0.9097447 0.3175101 0.9109474 0.3181557 0.9090545 0.3334907 0.9180017 0.3320732 0.9165799 0.3324297 0.9178578 0.5206134 0.5784888 0.5230672 0.5798486 0.5227482 0.5802745 0.318946 0.9110772 0.3181557 0.9090545 0.3175101 0.9109474 0.3173109 0.9238061 0.3289885 0.9249418 0.3289576 0.9234872 0.3202836 0.9114171 0.3197219 0.9090119 0.318946 0.9110772 0.3324297 0.9178578 0.3320732 0.9165799 0.331167 0.9178342 0.3318051 0.9142918 0.3211867 0.9093872 0.3311671 0.9153566 0.3302084 0.9213643 0.3303521 0.9229013 0.3313557 0.9220274 0.328905 0.9212072 0.3303521 0.9229013 0.3302084 0.9213643 0.3175508 0.9215682 0.328905 0.9212072 0.3178468 0.9195291 0.311953 0.9223697 0.314485 0.922562 0.3128877 0.9208097 0.3175508 0.9215682 0.3173109 0.9238061 0.3289576 0.9234872 0.3334907 0.9180017 0.3321226 0.9199979 0.3331398 0.9202772 0.3303521 0.9229013 0.3323357 0.9224643 0.3313557 0.9220274 0.3321226 0.9199979 0.3323357 0.9224643 0.3331398 0.9202772 0.3103188 0.9141044 0.3159584 0.9097447 0.3159245 0.9079545 0.3204667 0.9070414 0.3216671 0.9084475 0.3220246 0.9076876 0.3324837 0.9137946 0.3328684 0.9158908 0.3337037 0.9155877 0.3331398 0.9202772 0.3330485 0.9229544 0.3339323 0.9204899 0.3156961 0.9245016 0.3136124 0.9250642 0.315523 0.9254698 0.3172565 0.9248668 0.315523 0.9254698 0.317188 0.925691 0.3289885 0.9249418 0.317188 0.925691 0.3293178 0.9256908 0.3103188 0.9141044 0.315333 0.9065268 0.3087395 0.9136952 0.3307083 0.9240492 0.3293178 0.9256908 0.3312162 0.9246847 0.3136124 0.9250642 0.311953 0.9223697 0.3107351 0.9233414 0.3337037 0.9155877 0.3334907 0.9180017 0.3342968 0.917957 0.3186146 0.9064482 0.3201423 0.9079861 0.3204667 0.9070414 0.3159245 0.9079545 0.3186146 0.9064482 0.315333 0.9065268 0.3220246 0.9076876 0.3318051 0.9142918 0.3324837 0.9137946 0.3342968 0.917957 0.3331398 0.9202772 0.3339323 0.9204899 0.3330485 0.9229544 0.3307083 0.9240492 0.3312162 0.9246847 0.3107351 0.9233414 0.3103188 0.9141044 0.3087395 0.9136952 0.3128877 0.9208097 0.3103188 0.9141044 0.311953 0.9223697 0.3128877 0.9208097 0.313578 0.9185237 0.312013 0.9145641 0.313578 0.9185237 0.3139346 0.9162614 0.312013 0.9145641 0.3139346 0.9162614 0.3145326 0.9141463 0.312013 0.9145641 0.3145326 0.9141463 0.3153562 0.9120252 0.312013 0.9145641 0.3153562 0.9120252 0.3159584 0.9097447 0.312013 0.9145641 0.6066706 0.1922026 0.597439 0.159439 0.6166095 0.1858006 0.5513852 0.1134255 0.5185306 0.104169 0.5250064 0.09427785 0.5250064 0.09427785 0.491364 0.08850651 0.4967706 0.07799255 0.4967706 0.07799255 0.4627091 0.0757693 0.4669869 0.06474775 0.4669869 0.06474775 0.4328796 0.06609725 0.4359821 0.05468899 0.4359821 0.05468899 0.4022026 0.05959618 0.4040955 0.047926 0.4040955 0.047926 0.3710141 0.05633741 0.3716766 0.04453337 0.3716766 0.04453337 0.3396555 0.05635666 0.3390808 0.04454803 0.3390808 0.04454803 0.3084711 0.05965369 0.306665 0.04796969 0.306665 0.04796969 0.2778021 0.06619232 0.2747845 0.05476123 0.2747845 0.05476123 0.2479843 0.07590097 0.2437884 0.06484794 0.2437884 0.06484794 0.2193448 0.08867317 0.2140166 0.07811921 0.2140166 0.07811921 0.1921973 0.1043693 0.185795 0.09443002 0.185795 0.09443002 0.1668393 0.1228169 0.1594331 0.1136015 0.1594331 0.1136015 0.1435483 0.1438141 0.1352195 0.1354234 0.1352195 0.1354234 0.1225799 0.1671309 0.1134197 0.1596567 0.1134197 0.1596567 0.1041637 0.1925118 0.09427231 0.1860361 0.09427231 0.1860361 0.08850127 0.2196786 0.07798725 0.2142723 0.07798725 0.2142723 0.07576453 0.2483339 0.06474298 0.2440562 0.06474298 0.2440562 0.06609266 0.2781634 0.05468434 0.2750613 0.05468434 0.2750613 0.05959206 0.3088405 0.04792195 0.3069478 0.04792195 0.3069478 0.0563336 0.3400291 0.04452955 0.3393666 0.04452955 0.3393666 0.05635303 0.3713875 0.04454445 0.3719625 0.04454445 0.3719625 0.0596503 0.4025719 0.04796642 0.4043781 0.04796642 0.4043781 0.06618899 0.4332408 0.05475801 0.4362584 0.05475801 0.4362584 0.07589775 0.4630582 0.06484478 0.4672543 0.06484478 0.4672543 0.08866995 0.4916976 0.07811611 0.4970259 0.07811611 0.4970259 0.104366 0.5188449 0.09442692 0.5252472 0.09442692 0.5252472 0.1228136 0.5442028 0.1135982 0.5516089 0.1228136 0.5442028 0.1354199 0.5758223 0.1135982 0.5516089 0.1438106 0.5674936 0.1596531 0.5976221 0.1354199 0.5758223 0.1671273 0.5884619 0.1860322 0.6167694 0.1596531 0.5976221 0.1925079 0.6068782 0.2142681 0.6330546 0.1860322 0.6167694 0.2196746 0.6225406 0.2440517 0.6462991 0.2142681 0.6330546 0.2483295 0.6352776 0.2750566 0.6563578 0.2440517 0.6462991 0.2781589 0.6449496 0.3069431 0.6631207 0.2750566 0.6563578 0.3088358 0.6514506 0.3393618 0.6665135 0.3069431 0.6631207 0.3400244 0.6547095 0.3719576 0.6664991 0.3393618 0.6665135 0.3713827 0.6546905 0.4043734 0.6630777 0.3719576 0.6664991 0.4025674 0.6513938 0.436254 0.6562867 0.4043734 0.6630777 0.4332367 0.6448554 0.4672505 0.6462005 0.436254 0.6562867 0.4630547 0.6351472 0.4970231 0.6329294 0.4672505 0.6462005 0.4916948 0.6223753 0.5252455 0.6166188 0.4970231 0.6329294 0.5188432 0.6066794 0.5516087 0.5974473 0.5252455 0.6166188 0.5442024 0.5882313 0.5758237 0.5756245 0.5516087 0.5974473 0.5674946 0.5672332 0.5976253 0.5513894 0.5758237 0.5756245 0.5884642 0.5439148 0.6167739 0.5250073 0.5976253 0.5513894 0.6068813 0.5185313 0.6330595 0.496767 0.6167739 0.5250073 0.6225438 0.491361 0.6463025 0.4669788 0.6330595 0.496767 0.6352798 0.4627022 0.6563563 0.4359712 0.6463025 0.4669788 0.6449477 0.4328703 0.6631149 0.4040868 0.6563563 0.4359712 0.6514457 0.4021952 0.6665049 0.3716713 0.6631149 0.4040868 0.6547021 0.3710095 0.6664891 0.3390785 0.6665049 0.3716713 0.6546815 0.3396538 0.663067 0.3066654 0.6664891 0.3390785 0.6513839 0.3084716 0.6562759 0.274787 0.663067 0.3066654 0.6448454 0.2778043 0.6461899 0.2437924 0.6562759 0.274787 0.6351373 0.2479881 0.6329193 0.2140216 0.6461899 0.2437924 0.6223657 0.2193495 0.6166095 0.1858006 0.6329193 0.2140216 0.597439 0.159439 0.567227 0.1435542 0.5756178 0.1352255 0.5756178 0.1352255 0.5439109 0.1225856 0.5513852 0.1134255 0.5569565 0.1537747 0.5072604 0.167822 0.5347648 0.1338238 0.4442119 0.47951 0.442327 0.4773723 0.4445807 0.4791734 0.4336585 0.2772772 0.4414095 0.2858738 0.3555172 0.355528 0.5347648 0.1338238 0.4868092 0.1529889 0.5106093 0.1163018 0.526049 0.1847115 0.4250516 0.2695381 0.5072604 0.167822 0.4250516 0.2695381 0.4336585 0.2772772 0.3555172 0.355528 0.5106093 0.1163018 0.4649196 0.1403748 0.4847544 0.1014008 0.5072604 0.167822 0.4156828 0.262741 0.4868092 0.1529889 0.4156828 0.262741 0.4250516 0.2695381 0.3555172 0.355528 0.4847544 0.1014008 0.4418312 0.1301178 0.4574834 0.08928394 0.4868092 0.1529889 0.405655 0.2569606 0.4649196 0.1403748 0.405655 0.2569606 0.4156828 0.262741 0.3555172 0.355528 0.4574834 0.08928394 0.4177972 0.1223304 0.4290953 0.08008414 0.4649196 0.1403748 0.3950775 0.2522599 0.4418312 0.1301178 0.3950775 0.2522599 0.405655 0.2569606 0.3555172 0.355528 0.4290953 0.08008414 0.3930807 0.1170979 0.3999012 0.07390207 0.4418312 0.1301178 0.3840672 0.2486907 0.4177972 0.1223304 0.3840672 0.2486907 0.3950775 0.2522599 0.3555172 0.355528 0.3999012 0.07390207 0.3679528 0.1144777 0.3702206 0.07080549 0.4177972 0.1223304 0.3727433 0.2462918 0.3930807 0.1170979 0.3727433 0.2462918 0.3840672 0.2486907 0.3555172 0.355528 0.4467611 0.4759401 0.445738 0.4754402 0.4467071 0.475328 0.3930807 0.1170979 0.3612318 0.2450898 0.3679528 0.1144777 0.3612318 0.2450898 0.3727433 0.2462918 0.3555172 0.355528 0.3403788 0.07082837 0.3175647 0.1171599 0.3107029 0.07397043 0.3679528 0.1144777 0.3496567 0.2450976 0.3426885 0.1144984 0.3496567 0.2450976 0.3612318 0.2450898 0.3555172 0.355528 0.3107029 0.07397043 0.292857 0.1224329 0.2815182 0.08019745 0.445738 0.4754402 0.4428187 0.4753839 0.4456368 0.4749158 0.3381463 0.2463154 0.3496567 0.2450976 0.3555172 0.355528 0.2815182 0.08019745 0.2688357 0.1302598 0.253144 0.08944088 0.3175647 0.1171599 0.3268262 0.2487295 0.292857 0.1224329 0.3268262 0.2487295 0.3381463 0.2463154 0.3555172 0.355528 0.253144 0.08944088 0.2457641 0.1405547 0.2258917 0.1015997 0.292857 0.1224329 0.3158205 0.2523139 0.2688357 0.1302598 0.3158205 0.2523139 0.3268262 0.2487295 0.3555172 0.355528 0.2258917 0.1015997 0.223895 0.1532048 0.2000595 0.1165404 0.445275 0.4738868 0.4425348 0.4746747 0.4450188 0.473393 0.4425348 0.4746747 0.4426528 0.4749042 0.4404789 0.4756954 0.2000595 0.1165404 0.2034679 0.1680717 0.1759305 0.1340997 0.2457641 0.1405547 0.2952297 0.2628231 0.223895 0.1532048 0.2952297 0.2628231 0.3052497 0.2570289 0.3555172 0.355528 0.1759305 0.1340997 0.1847069 0.1849924 0.1537693 0.1540848 0.223895 0.1532048 0.2858701 0.2696329 0.2034679 0.1680717 0.2858701 0.2696329 0.2952297 0.2628231 0.3555172 0.355528 0.1847069 0.1849924 0.1338185 0.176277 0.1537693 0.1540848 0.2034679 0.1680717 0.2772737 0.2773838 0.1847069 0.1849924 0.2772737 0.2773838 0.2858701 0.2696329 0.3555172 0.355528 0.1678172 0.2037813 0.1162967 0.200433 0.1338185 0.176277 0.1678172 0.2037813 0.2772737 0.2773838 0.2695346 0.2859907 0.2695346 0.2859907 0.2772737 0.2773838 0.3555172 0.355528 0.1529842 0.2242328 0.1013958 0.2262881 0.1162967 0.200433 0.1529842 0.2242328 0.2695346 0.2859907 0.2627375 0.2953594 0.2627375 0.2953594 0.2695346 0.2859907 0.3555172 0.355528 0.1403703 0.2461228 0.08927935 0.2535593 0.1013958 0.2262881 0.1403703 0.2461228 0.2627375 0.2953594 0.2569571 0.3053872 0.2569571 0.3053872 0.2627375 0.2953594 0.3555172 0.355528 0.1301134 0.2692112 0.08007967 0.2819476 0.08927935 0.2535593 0.1301134 0.2692112 0.2569571 0.3053872 0.2522564 0.3159645 0.2522564 0.3159645 0.2569571 0.3053872 0.3555172 0.355528 0.4416382 0.4706004 0.4412978 0.4694895 0.4419054 0.4696583 0.1223261 0.2932455 0.2522564 0.3159645 0.248687 0.3269753 0.248687 0.3269753 0.2522564 0.3159645 0.3555172 0.355528 0.1170938 0.317962 0.07080161 0.3408226 0.07389789 0.311142 0.1170938 0.317962 0.248687 0.3269753 0.2462883 0.3382985 0.2462883 0.3382985 0.248687 0.3269753 0.3555172 0.355528 0.1144738 0.3430899 0.07082474 0.3706642 0.07080161 0.3408226 0.1144738 0.3430899 0.2462883 0.3382985 0.2450863 0.3498107 0.2450863 0.3498107 0.2462883 0.3382985 0.3555172 0.355528 0.1144947 0.3683542 0.07396697 0.4003399 0.07082474 0.3706642 0.1144947 0.3683542 0.2450863 0.3498107 0.2450941 0.3613853 0.2450941 0.3613853 0.2450863 0.3498107 0.3555172 0.355528 0.1171564 0.3934779 0.08019411 0.4295246 0.07396697 0.4003399 0.1171564 0.3934779 0.2450941 0.3613853 0.2463119 0.3728958 0.2463119 0.3728958 0.2450941 0.3613853 0.3555172 0.355528 0.4390534 0.4704431 0.4383111 0.469635 0.4388808 0.4694728 0.1224295 0.4181857 0.2463119 0.3728958 0.248726 0.3842163 0.248726 0.3842163 0.2463119 0.3728958 0.3555172 0.355528 0.1302564 0.4422069 0.1015964 0.4851508 0.0894376 0.4578984 0.1302564 0.4422069 0.248726 0.3842163 0.2523104 0.3952219 0.2523104 0.3952219 0.248726 0.3842163 0.3555172 0.355528 0.1405513 0.4652784 0.1165372 0.5109827 0.1015964 0.4851508 0.1405513 0.4652784 0.2523104 0.3952219 0.2570254 0.4057927 0.2570254 0.4057927 0.2523104 0.3952219 0.3555172 0.355528 0.1532014 0.4871473 0.1340963 0.5351115 0.1165372 0.5109827 0.1532014 0.4871473 0.2570254 0.4057927 0.2628194 0.4158125 0.2628194 0.4158125 0.2570254 0.4057927 0.3555172 0.355528 0.1340963 0.5351115 0.1849887 0.5263352 0.1540813 0.5572727 0.1680682 0.5075742 0.2628194 0.4158125 0.2696294 0.4251722 0.2696294 0.4251722 0.2628194 0.4158125 0.3555172 0.355528 0.1540813 0.5572727 0.2037776 0.5432249 0.1762733 0.5772235 0.1680682 0.5075742 0.2773802 0.4337686 0.1849887 0.5263352 0.2773802 0.4337686 0.2696294 0.4251722 0.3555172 0.355528 0.1762733 0.5772235 0.224229 0.558058 0.2004291 0.5947453 0.1849887 0.5263352 0.2859871 0.4415076 0.2037776 0.5432249 0.2859871 0.4415076 0.2773802 0.4337686 0.3555172 0.355528 0.2004291 0.5947453 0.2461188 0.5706721 0.2262841 0.6096462 0.2037776 0.5432249 0.2953559 0.4483047 0.224229 0.558058 0.2953559 0.4483047 0.2859871 0.4415076 0.3555172 0.355528 0.2262841 0.6096462 0.2692072 0.5809289 0.2535551 0.6217629 0.4362807 0.472466 0.4383721 0.47446 0.4360436 0.4729238 0.3053838 0.4540852 0.2953559 0.4483047 0.3555172 0.355528 0.2535551 0.6217629 0.2932414 0.5887163 0.2819432 0.6309627 0.4360436 0.4729238 0.4382882 0.4746826 0.4358565 0.4734101 0.4382882 0.4746826 0.4383721 0.47446 0.4404789 0.4756954 0.2819432 0.6309627 0.3179579 0.5939489 0.3111374 0.6371448 0.2692072 0.5809289 0.3269718 0.4623551 0.2932414 0.5887163 0.3269718 0.4623551 0.3159609 0.4587858 0.3555172 0.355528 0.4348617 0.4741837 0.4356155 0.4749837 0.4348285 0.4748162 0.2932414 0.5887163 0.3382952 0.4647541 0.3179579 0.5939489 0.3382952 0.4647541 0.3269718 0.4623551 0.3555172 0.355528 0.4348285 0.4748162 0.4356458 0.4755263 0.4348607 0.4754542 0.3179579 0.5939489 0.3498073 0.465956 0.343086 0.5965692 0.3498073 0.465956 0.3382952 0.4647541 0.3555172 0.355528 0.4348607 0.4754542 0.4357318 0.4760677 0.4349586 0.4760904 0.343086 0.5965692 0.3613817 0.4659482 0.3683502 0.5965485 0.3613817 0.4659482 0.3498073 0.465956 0.3555172 0.355528 0.4003356 0.6370768 0.4181821 0.5886142 0.4295206 0.6308502 0.3683502 0.5965485 0.3728924 0.4647304 0.393474 0.5938871 0.3728924 0.4647304 0.3613817 0.4659482 0.3555172 0.355528 0.4295206 0.6308502 0.4422037 0.5807874 0.457895 0.621607 0.393474 0.5938871 0.3842127 0.4623162 0.4181821 0.5886142 0.3842127 0.4623162 0.3728924 0.4647304 0.3555172 0.355528 0.457895 0.621607 0.4652756 0.5704924 0.485148 0.6094484 0.4181821 0.5886142 0.3952182 0.458732 0.4422037 0.5807874 0.3952182 0.458732 0.3842127 0.4623162 0.3555172 0.355528 0.4356346 0.4779157 0.4366102 0.4780979 0.4359801 0.4784732 0.4422037 0.5807874 0.405789 0.4540168 0.4652756 0.5704924 0.405789 0.4540168 0.3952182 0.458732 0.3555172 0.355528 0.4366102 0.4780979 0.43638 0.4789944 0.4359801 0.4784732 0.4363144 0.4776223 0.43866 0.4768368 0.4366102 0.4780979 0.415809 0.4482227 0.405789 0.4540168 0.3555172 0.355528 0.5075724 0.5429749 0.557273 0.556962 0.5351107 0.576948 0.5075724 0.5429749 0.415809 0.4482227 0.4251685 0.441413 0.4251685 0.441413 0.415809 0.4482227 0.3555172 0.355528 0.5263334 0.5260536 0.5772247 0.5347683 0.557273 0.556962 0.5263334 0.5260536 0.4251685 0.441413 0.4337651 0.4336619 0.4337651 0.4336619 0.4251685 0.441413 0.3555172 0.355528 0.5432228 0.5072637 0.5947471 0.5106099 0.5772247 0.5347683 0.5432228 0.5072637 0.4337651 0.4336619 0.4415042 0.4250551 0.4415042 0.4250551 0.4337651 0.4336619 0.3555172 0.355528 0.5580548 0.486811 0.6096478 0.4847517 0.5947471 0.5106099 0.5580548 0.486811 0.4415042 0.4250551 0.4483013 0.4156863 0.4483013 0.4156863 0.4415042 0.4250551 0.3555172 0.355528 0.438698 0.4799278 0.4390228 0.4808754 0.4384278 0.48061 0.5706667 0.4649194 0.4483013 0.4156863 0.4540816 0.4056584 0.4540816 0.4056584 0.4483013 0.4156863 0.3555172 0.355528 0.5809189 0.441829 0.6309603 0.4290872 0.6217645 0.4574776 0.5809189 0.441829 0.4540816 0.4056584 0.4587824 0.3950814 0.4587824 0.3950814 0.4540816 0.4056584 0.3555172 0.355528 0.439728 0.4803337 0.4402664 0.48122 0.439638 0.4810793 0.588721 0.4178001 0.4587824 0.3950814 0.4623516 0.3840708 0.4623516 0.3840708 0.4587824 0.3950814 0.3555172 0.355528 0.4402624 0.4804568 0.4409006 0.4812965 0.4402664 0.48122 0.593949 0.3930821 0.4623516 0.3840708 0.4647505 0.372747 0.4647505 0.372747 0.4623516 0.3840708 0.3555172 0.355528 0.4408019 0.4805251 0.4415336 0.4813083 0.4409006 0.4812965 0.5965663 0.3679538 0.4647505 0.372747 0.4659525 0.3612353 0.4659525 0.3612353 0.4647505 0.372747 0.3555172 0.355528 0.5965435 0.3426898 0.6370682 0.3107036 0.6402109 0.3403775 0.5965435 0.3426898 0.4659525 0.3612353 0.4659445 0.3496602 0.4659445 0.3496602 0.4659525 0.3612353 0.3555172 0.355528 0.593881 0.3175668 0.6308411 0.2815204 0.6370682 0.3107036 0.593881 0.3175668 0.4659445 0.3496602 0.4647269 0.3381497 0.4647269 0.3381497 0.4659445 0.3496602 0.3555172 0.355528 0.5886075 0.2928596 0.6215979 0.2531476 0.6308411 0.2815204 0.5886075 0.2928596 0.4647269 0.3381497 0.4623127 0.3268298 0.4623127 0.3268298 0.4647269 0.3381497 0.3555172 0.355528 0.5807805 0.268839 0.6094398 0.225896 0.6215979 0.2531476 0.5807805 0.268839 0.4623127 0.3268298 0.4587285 0.315824 0.4587285 0.315824 0.4623127 0.3268298 0.3555172 0.355528 0.5704856 0.2457679 0.5944995 0.2000644 0.6094398 0.225896 0.5704856 0.2457679 0.4587285 0.315824 0.4540134 0.3052533 0.4540134 0.3052533 0.4587285 0.315824 0.3555172 0.355528 0.5578358 0.2238991 0.5769409 0.1759359 0.5944995 0.2000644 0.5578358 0.2238991 0.4540134 0.3052533 0.4482192 0.2952331 0.4482192 0.2952331 0.4540134 0.3052533 0.3555172 0.355528 0.5769409 0.1759359 0.526049 0.1847115 0.5569565 0.1537747 0.5429692 0.2034725 0.4482192 0.2952331 0.4414095 0.2858738 0.4414095 0.2858738 0.4482192 0.2952331 0.3555172 0.355528 0.5882238 0.1668449 0.5569565 0.1537747 0.567227 0.1435542 0.5944995 0.2000644 0.5882238 0.1668449 0.6066706 0.1922026 0.6094398 0.225896 0.6066706 0.1922026 0.6223657 0.2193495 0.6215979 0.2531476 0.6223657 0.2193495 0.6351373 0.2479881 0.6308411 0.2815204 0.6351373 0.2479881 0.6448454 0.2778043 0.6370682 0.3107036 0.6448454 0.2778043 0.6513839 0.3084716 0.6402109 0.3403775 0.6513839 0.3084716 0.6546815 0.3396538 0.6402352 0.3702169 0.6546815 0.3396538 0.6547021 0.3710095 0.6371408 0.399895 0.6547021 0.3710095 0.6514457 0.4021952 0.6309603 0.4290872 0.6514457 0.4021952 0.6449477 0.4328703 0.6217645 0.4574776 0.6449477 0.4328703 0.6352798 0.4627022 0.6096478 0.4847517 0.6352798 0.4627022 0.6225438 0.491361 0.5947471 0.5106099 0.6225438 0.491361 0.6068813 0.5185313 0.5772247 0.5347683 0.6068813 0.5185313 0.5884642 0.5439148 0.557273 0.556962 0.5884642 0.5439148 0.5674946 0.5672332 0.43638 0.4789944 0.4366636 0.4796444 0.436192 0.4791426 0.510981 0.5945076 0.5442024 0.5882313 0.5188432 0.6066794 0.4916948 0.6223753 0.510981 0.5945076 0.5188432 0.6066794 0.4630547 0.6351472 0.485148 0.6094484 0.4916948 0.6223753 0.4332367 0.6448554 0.457895 0.621607 0.4630547 0.6351472 0.4025674 0.6513938 0.4295206 0.6308502 0.4332367 0.6448554 0.4346039 0.4754308 0.4349586 0.4760904 0.4347054 0.4760982 0.3400244 0.6547095 0.3706597 0.6402187 0.3713827 0.6546905 0.3088358 0.6514506 0.340818 0.6402415 0.3400244 0.6547095 0.434711 0.4734478 0.4348617 0.4741837 0.4346072 0.4740979 0.2483295 0.6352776 0.2819432 0.6309627 0.2781589 0.6449496 0.2196746 0.6225406 0.2535551 0.6217629 0.2483295 0.6352776 0.1925079 0.6068782 0.2262841 0.6096462 0.2196746 0.6225406 0.1671273 0.5884619 0.2004291 0.5947453 0.1925079 0.6068782 0.1438106 0.5674936 0.1762733 0.5772235 0.1671273 0.5884619 0.1228136 0.5442028 0.1540813 0.5572727 0.1438106 0.5674936 0.1165372 0.5109827 0.1228136 0.5442028 0.104366 0.5188449 0.1015964 0.4851508 0.104366 0.5188449 0.08866995 0.4916976 0.0894376 0.4578984 0.08866995 0.4916976 0.07589775 0.4630582 0.08019411 0.4295246 0.07589775 0.4630582 0.06618899 0.4332408 0.07396697 0.4003399 0.06618899 0.4332408 0.0596503 0.4025719 0.07082474 0.3706642 0.0596503 0.4025719 0.05635303 0.3713875 0.07080161 0.3408226 0.05635303 0.3713875 0.0563336 0.3400291 0.07389789 0.311142 0.0563336 0.3400291 0.05959206 0.3088405 0.08007967 0.2819476 0.05959206 0.3088405 0.06609266 0.2781634 0.08927935 0.2535593 0.06609266 0.2781634 0.07576453 0.2483339 0.443081 0.4701801 0.4426193 0.4695912 0.4432259 0.469896 0.1162967 0.200433 0.08850127 0.2196786 0.1041637 0.1925118 0.4441627 0.4709249 0.4438078 0.4702594 0.444359 0.470677 0.1537693 0.1540848 0.1225799 0.1671309 0.1435483 0.1438141 0.1668393 0.1228169 0.1537693 0.1540848 0.1435483 0.1438141 0.1921973 0.1043693 0.1759305 0.1340997 0.1668393 0.1228169 0.2193448 0.08867317 0.2000595 0.1165404 0.1921973 0.1043693 0.2479843 0.07590097 0.2258917 0.1015997 0.2193448 0.08867317 0.2778021 0.06619232 0.253144 0.08944088 0.2479843 0.07590097 0.3084711 0.05965369 0.2815182 0.08019745 0.2778021 0.06619232 0.3396555 0.05635666 0.3107029 0.07397043 0.3084711 0.05965369 0.3710141 0.05633741 0.3403788 0.07082837 0.3396555 0.05635666 0.4022026 0.05959618 0.3702206 0.07080549 0.3710141 0.05633741 0.4328796 0.06609725 0.3999012 0.07390207 0.4022026 0.05959618 0.4627091 0.0757693 0.4290953 0.08008414 0.4328796 0.06609725 0.491364 0.08850651 0.4574834 0.08928394 0.4627091 0.0757693 0.5185306 0.104169 0.4847544 0.1014008 0.491364 0.08850651 0.5439109 0.1225856 0.5106093 0.1163018 0.5185306 0.104169 0.567227 0.1435542 0.5347648 0.1338238 0.5439109 0.1225856 0.5324129 0.08296537 0.5513852 0.1134255 0.5250064 0.09427785 0.5599333 0.1029495 0.5756178 0.1352255 0.5513852 0.1134255 0.597439 0.159439 0.6279762 0.1784791 0.6166095 0.1858006 0.6166095 0.1858006 0.6449891 0.2079282 0.6329193 0.2140216 0.6329193 0.2140216 0.6588302 0.2389938 0.6461899 0.2437924 0.6461899 0.2437924 0.6693482 0.271336 0.6562759 0.274787 0.6562759 0.274787 0.6764289 0.3045995 0.663067 0.3066654 0.663067 0.3066654 0.6799935 0.3384199 0.6664891 0.3390785 0.6664891 0.3390785 0.6800034 0.3724279 0.6665049 0.3716713 0.6665049 0.3716713 0.6764609 0.4062502 0.6631149 0.4040868 0.6631149 0.4040868 0.6694034 0.4395179 0.6563563 0.4359712 0.6563563 0.4359712 0.6589086 0.4718696 0.6463025 0.4669788 0.6463025 0.4669788 0.6450858 0.5029498 0.6330595 0.496767 0.6330595 0.496767 0.6280876 0.5324135 0.6167739 0.5250073 0.6280876 0.5324135 0.5976253 0.5513894 0.6167739 0.5250073 0.6081021 0.5599386 0.5758237 0.5756245 0.5976253 0.5513894 0.5853496 0.5852213 0.5516087 0.5974473 0.5758237 0.5756245 0.5600786 0.6079874 0.5252455 0.6166188 0.5516087 0.5974473 0.5325677 0.6279864 0.4970231 0.6329294 0.5252455 0.6166188 0.5031163 0.6450001 0.4672505 0.6462005 0.4970231 0.6329294 0.4720492 0.6588419 0.436254 0.6562867 0.4672505 0.6462005 0.4397046 0.6693605 0.4043734 0.6630777 0.436254 0.6562867 0.4064388 0.6764401 0.3719576 0.6664991 0.4043734 0.6630777 0.3726148 0.6800042 0.3393618 0.6665135 0.3719576 0.6664991 0.3386045 0.680014 0.3069431 0.6631207 0.3393618 0.6665135 0.304778 0.6764672 0.2750566 0.6563578 0.3069431 0.6631207 0.2715085 0.6694054 0.2440517 0.6462991 0.2750566 0.6563578 0.2391595 0.6589038 0.2142681 0.6330546 0.2440517 0.6462991 0.2080848 0.6450795 0.1860322 0.6167694 0.2142681 0.6330546 0.178626 0.6280817 0.1596531 0.5976221 0.1860322 0.6167694 0.1511054 0.6080979 0.1354199 0.5758223 0.1596531 0.5976221 0.1258236 0.5853476 0.1135982 0.5516089 0.1354199 0.5758223 0.1135982 0.5516089 0.08305948 0.5325698 0.09442692 0.5252472 0.09442692 0.5252472 0.06604611 0.5031197 0.07811611 0.4970259 0.07811611 0.4970259 0.05220407 0.4720532 0.06484478 0.4672543 0.06484478 0.4672543 0.04168468 0.4397096 0.05475801 0.4362584 0.05475801 0.4362584 0.03460395 0.4064441 0.04796642 0.4043781 0.04796642 0.4043781 0.03103929 0.3726201 0.04454445 0.3719625 0.04454445 0.3719625 0.03102988 0.3386093 0.04452955 0.3393666 0.04452955 0.3393666 0.03457468 0.3047826 0.04792195 0.3069478 0.04792195 0.3069478 0.04163718 0.2715138 0.05468434 0.2750613 0.05468434 0.2750613 0.05213803 0.239164 0.06474298 0.2440562 0.06474298 0.2440562 0.06596231 0.2080896 0.07798725 0.2142723 0.07798725 0.2142723 0.08295977 0.1786298 0.09427231 0.1860361 0.09427231 0.1860361 0.1029431 0.1511091 0.1134197 0.1596567 0.1134197 0.1596567 0.1256941 0.125827 0.1352195 0.1354234 0.1352195 0.1354234 0.1509627 0.1030625 0.1594331 0.1136015 0.1594331 0.1136015 0.1784731 0.08306306 0.185795 0.09443002 0.185795 0.09443002 0.2079222 0.06604951 0.2140166 0.07811921 0.2140166 0.07811921 0.2389897 0.05220705 0.2437884 0.06484794 0.2389897 0.05220705 0.2747845 0.05476123 0.2437884 0.06484794 0.2713332 0.0416876 0.306665 0.04796969 0.2747845 0.05476123 0.3045997 0.03460741 0.3390808 0.04454803 0.306665 0.04796969 0.338423 0.03104317 0.3716766 0.04453337 0.3390808 0.04454803 0.3724344 0.03103357 0.4040955 0.047926 0.3716766 0.04453337 0.4062604 0.03457963 0.4359821 0.05468899 0.4040955 0.047926 0.4395304 0.04164165 0.4669869 0.06474775 0.4359821 0.05468899 0.4718793 0.05214262 0.4967706 0.07799255 0.4669869 0.06474775 0.5029536 0.06596767 0.5250064 0.09427785 0.4967706 0.07799255 0.5852138 0.1257006 0.597439 0.159439 0.5756178 0.1352255 0.1328154 0.6120374 0.1329805 0.6128351 0.1332802 0.612015 0.1999444 0.5468465 0.1931968 0.5509316 0.1926083 0.5470055 0.1926083 0.5470055 0.1862661 0.5509997 0.185549 0.5471627 0.1787189 0.5473153 0.1728739 0.551064 0.1721628 0.5474601 0.1661466 0.5475952 0.1609611 0.5510718 0.1606245 0.5477151 0.1721628 0.5474601 0.1667313 0.5510767 0.1661466 0.5475952 0.1476008 0.5509096 0.1453804 0.5480374 0.1478764 0.5479807 0.2359343 0.5502336 0.2288542 0.5462368 0.2360341 0.5460897 0.1436666 0.5480784 0.1449961 0.5507686 0.1432649 0.5506195 0.2428562 0.550109 0.2360341 0.5460897 0.2432337 0.5459387 0.1606245 0.5477151 0.1558657 0.5510385 0.155735 0.5478134 0.151359 0.5509946 0.1478764 0.5479807 0.1514253 0.5478995 0.2288542 0.5462368 0.2217763 0.5504907 0.2215728 0.5463881 0.185549 0.5471627 0.1795107 0.5510409 0.1787189 0.5473153 0.155735 0.5478134 0.151359 0.5509946 0.1514253 0.5478995 0.2143974 0.546539 0.2075496 0.5507297 0.207133 0.5466923 0.2215728 0.5463881 0.2147372 0.5506126 0.2143974 0.546539 0.248911 0.5499935 0.2432337 0.5459387 0.2515513 0.5457506 0.142478 0.5481094 0.1432649 0.5506195 0.1420862 0.5504845 0.1401998 0.5579191 0.1411579 0.5503456 0.1413663 0.5503792 0.2621016 0.5450561 0.2606979 0.5434466 0.2637894 0.543638 0.1383585 0.6110479 0.1360458 0.6106067 0.1384193 0.6104456 0.1418145 0.6106708 0.1384193 0.6104456 0.1418714 0.6100672 0.1462675 0.6100777 0.1418714 0.6100672 0.1463237 0.6094737 0.1513388 0.6093925 0.1463237 0.6094737 0.1513885 0.6087873 0.1578881 0.6084752 0.1513885 0.6087873 0.1579253 0.607868 0.1644468 0.6075376 0.1579253 0.607868 0.164476 0.6069294 0.1710107 0.6065754 0.164476 0.6069294 0.1710372 0.6059668 0.1775729 0.6055936 0.1710372 0.6059668 0.177601 0.604985 0.1841276 0.6045965 0.177601 0.604985 0.1841605 0.6039884 0.1906714 0.6035866 0.1841605 0.6039884 0.1907106 0.6029788 0.1972011 0.6025648 0.1907106 0.6029788 0.1972473 0.6019576 0.2037147 0.6015332 0.1972473 0.6019576 0.2037681 0.6009269 0.2102122 0.6004958 0.2037681 0.6009269 0.210273 0.5998905 0.2166956 0.5994566 0.210273 0.5998905 0.2167639 0.5988521 0.2231675 0.5984182 0.2167639 0.5988521 0.2232436 0.597815 0.2296299 0.5973827 0.2232436 0.597815 0.2297136 0.5967808 0.2543579 0.550801 0.2542144 0.5456902 0.2569117 0.5468663 0.2385529 0.5734063 0.2341713 0.5639657 0.240152 0.5635747 0.2328453 0.5739832 0.2273526 0.5643771 0.2341713 0.5639657 0.2261313 0.5745854 0.220516 0.5647888 0.2273526 0.5643771 0.2194234 0.5751913 0.213666 0.5651978 0.220516 0.5647888 0.2126853 0.5757931 0.2067998 0.5656022 0.213666 0.5651978 0.2059444 0.5763913 0.1999135 0.5660007 0.2067998 0.5656022 0.1991667 0.5769836 0.1930119 0.5663887 0.1999135 0.5660007 0.1923995 0.5775648 0.1861246 0.566758 0.1930119 0.5663887 0.1856018 0.5781322 0.1793193 0.5671026 0.1861246 0.566758 0.1788533 0.5786778 0.1726957 0.5674235 0.1793193 0.5671026 0.1722439 0.579199 0.166356 0.5677222 0.1726957 0.5674235 0.1658231 0.5796952 0.1603761 0.5679904 0.166356 0.5677222 0.159668 0.5801572 0.1547703 0.56822 0.1603761 0.5679904 0.1537626 0.5805804 0.1500809 0.5683916 0.1547703 0.56822 0.1489819 0.5809084 0.145888 0.5685142 0.1500809 0.5683916 0.1446418 0.5811657 0.1428691 0.5685343 0.145888 0.5685142 0.1414421 0.5812888 0.1408911 0.5684778 0.1428691 0.5685343 0.1350252 0.5959376 0.1366829 0.5811977 0.1368936 0.5812095 0.1428691 0.5685343 0.1422285 0.5581222 0.1440691 0.5582334 0.145888 0.5685142 0.1440691 0.5582334 0.1468997 0.5582996 0.1500809 0.5683916 0.1468997 0.5582996 0.1509131 0.5582932 0.1547703 0.56822 0.1509131 0.5582932 0.1555334 0.5582414 0.1603761 0.5679904 0.1555334 0.5582414 0.1608784 0.5581584 0.166356 0.5677222 0.1608784 0.5581584 0.1667208 0.5580409 0.1726957 0.5674235 0.1667208 0.5580409 0.1729782 0.5578995 0.1793193 0.5671026 0.1729782 0.5578995 0.1796104 0.5577425 0.1861246 0.566758 0.1796104 0.5577425 0.1864366 0.557564 0.1930119 0.5663887 0.1864366 0.557564 0.1933801 0.5573589 0.1999135 0.5660007 0.1933801 0.5573589 0.2004309 0.5571325 0.2067998 0.5656022 0.2004309 0.5571325 0.2074033 0.5568943 0.213666 0.5651978 0.2074033 0.5568943 0.2143967 0.5566481 0.220516 0.5647888 0.2143967 0.5566481 0.2213428 0.5563969 0.2273526 0.5643771 0.2213428 0.5563969 0.2283177 0.5561395 0.2341713 0.5639657 0.2283177 0.5561395 0.2352197 0.555884 0.240152 0.5635747 0.2352197 0.555884 0.241803 0.5556094 0.236083 0.5963498 0.2297136 0.5967808 0.2361747 0.5957497 0.1368936 0.5812095 0.1384599 0.5683061 0.1386714 0.5683244 0.240592 0.5956289 0.2361747 0.5957497 0.2406166 0.5950211 0.2423306 0.5730575 0.240152 0.5635747 0.2440834 0.5633414 0.2370787 0.5846919 0.2328453 0.5739832 0.2385529 0.5734063 0.2312897 0.5854578 0.2261313 0.5745854 0.2328453 0.5739832 0.2246977 0.5862748 0.2194234 0.5751913 0.2261313 0.5745854 0.218093 0.5870937 0.2126853 0.5757931 0.2194234 0.5751913 0.211476 0.5879124 0.2059444 0.5763913 0.2126853 0.5757931 0.2048436 0.5887284 0.1991667 0.5769836 0.2059444 0.5763913 0.1981931 0.5895391 0.1923995 0.5775648 0.1991667 0.5769836 0.1915261 0.5903405 0.1856018 0.5781322 0.1923995 0.5775648 0.1848545 0.5911278 0.1788533 0.5786778 0.1856018 0.5781322 0.1782054 0.5918965 0.1722439 0.579199 0.1788533 0.5786778 0.1716164 0.5926443 0.1658231 0.5796952 0.1722439 0.579199 0.1651265 0.5933673 0.159668 0.5801572 0.1658231 0.5796952 0.1587669 0.5940582 0.1537626 0.5805804 0.159668 0.5801572 0.1525459 0.5947163 0.1489819 0.5809084 0.1537626 0.5805804 0.1476473 0.5952264 0.1446418 0.5811657 0.1489819 0.5809084 0.1432305 0.5956415 0.1414421 0.5812888 0.1446418 0.5811657 0.1398887 0.595887 0.1393166 0.5812998 0.1414421 0.5812888 0.2440834 0.5633414 0.241803 0.5556094 0.2464864 0.5554389 0.1440691 0.5582334 0.1432649 0.5506195 0.1449961 0.5507686 0.1386714 0.5683244 0.1399887 0.5578934 0.1401998 0.5579191 0.2410564 0.5841895 0.2385529 0.5734063 0.2423306 0.5730575 0.2490091 0.5968311 0.2461589 0.5974294 0.2461094 0.5966829 0.145931 0.6109867 0.1506769 0.611264 0.1456006 0.6118848 0.229435 0.5987003 0.2357301 0.5990422 0.22924 0.6000183 0.1417801 0.6115038 0.1419711 0.6123145 0.1401945 0.6125082 0.145931 0.6109867 0.1456006 0.6118848 0.1438059 0.6121021 0.1575642 0.6094475 0.1638152 0.6095485 0.157241 0.6104172 0.1510075 0.6103291 0.157241 0.6104172 0.1506769 0.611264 0.1707032 0.6076171 0.1769755 0.6077412 0.1703954 0.6086556 0.1641308 0.608545 0.1703954 0.6086556 0.1638152 0.6095485 0.1838389 0.605704 0.190114 0.6058635 0.1835495 0.6068096 0.1772744 0.6066684 0.1835495 0.6068096 0.1769755 0.6077412 0.1969341 0.6037352 0.2032049 0.6039353 0.1966662 0.6049044 0.1903931 0.604726 0.1966662 0.6049044 0.190114 0.6058635 0.2099705 0.6017265 0.2162407 0.601977 0.2097287 0.6029576 0.2034599 0.602734 0.2097287 0.6029576 0.2032049 0.6039353 0.2229557 0.5997073 0.22924 0.6000183 0.2227438 0.6009966 0.2164681 0.6007165 0.2227438 0.6009966 0.2162407 0.601977 0.240615 0.5989066 0.2423484 0.631866 0.2396864 0.6319379 0.1336907 0.61349 0.1349999 0.6199618 0.1335334 0.6198185 0.1508054 0.6334286 0.1457372 0.63336 0.1457218 0.631433 0.2292342 0.6006204 0.2349678 0.6320657 0.2288892 0.6322318 0.1457218 0.631433 0.1448209 0.6333391 0.1445484 0.6313369 0.1572435 0.6110208 0.1638926 0.6334832 0.1573451 0.6334723 0.1507206 0.6194874 0.1573451 0.6334723 0.1508054 0.6334286 0.1703967 0.6092594 0.1769889 0.6333937 0.1704428 0.6334557 0.1638174 0.6101524 0.1704428 0.6334557 0.1638926 0.6334832 0.1835494 0.6074132 0.1900492 0.6331883 0.1835255 0.6333036 0.176976 0.6083447 0.1835255 0.6333036 0.1769889 0.6333937 0.1966643 0.6055074 0.2030718 0.6329441 0.1965574 0.6330497 0.1901131 0.606467 0.1965574 0.6330497 0.1900492 0.6331883 0.2097256 0.6035609 0.2160063 0.6325908 0.2095472 0.6327708 0.1401532 0.6199749 0.1410164 0.6267598 0.139415 0.6264001 0.2032027 0.604539 0.2095472 0.6327708 0.2030718 0.6329441 0.1331819 0.6106205 0.1335799 0.6111952 0.1336466 0.6105982 0.1383407 0.6118724 0.1384014 0.6126867 0.136745 0.6128208 0.1422285 0.5581222 0.1420862 0.5504845 0.1432649 0.5506195 0.1408911 0.5684778 0.1409994 0.5580127 0.1422285 0.5581222 0.1333783 0.6106325 0.1348165 0.5959315 0.1350252 0.5959376 0.1393166 0.5812998 0.1395587 0.5684009 0.1408911 0.5684778 0.2227388 0.601599 0.2288892 0.6322318 0.2224527 0.6324101 0.1376243 0.595972 0.1378688 0.5812638 0.1393166 0.5812998 0.2406132 0.5969668 0.2433091 0.5979031 0.2406345 0.5983051 0.1336998 0.6128908 0.1351385 0.6134986 0.1336907 0.61349 0.2571533 0.5516675 0.2569117 0.5468663 0.2594872 0.5479894 0.2515862 0.573814 0.250782 0.5848357 0.2502084 0.5847552 0.2530775 0.5649455 0.2520868 0.5738907 0.2515862 0.573814 0.2396864 0.6319379 0.2357233 0.5996438 0.240615 0.5989066 0.2490091 0.5968311 0.249557 0.5974624 0.2489631 0.5975611 0.254305 0.5434017 0.2542144 0.5456902 0.2515513 0.5457506 0.1419909 0.5469035 0.1425732 0.5475066 0.1418551 0.5476331 0.1343504 0.6112445 0.1355635 0.6120627 0.1340184 0.6120691 0.2461408 0.5980314 0.2477962 0.6321218 0.2452039 0.6320001 0.1327196 0.6128727 0.1336907 0.61349 0.1327151 0.6134726 0.1325089 0.6134575 0.1323758 0.6197196 0.1323701 0.6196708 0.1333112 0.6112301 0.1340184 0.6120691 0.1330167 0.6120511 0.1417915 0.5469462 0.1418551 0.5476331 0.1416497 0.5476731 0.1395587 0.5684009 0.1401998 0.5579191 0.1409994 0.5580127 0.1360458 0.6106067 0.1360653 0.5959734 0.1376243 0.595972 0.1378688 0.5812638 0.1386714 0.5683244 0.1395587 0.5684009 0.1360653 0.5959734 0.1368936 0.5812095 0.1378688 0.5812638 0.1409994 0.5580127 0.1413663 0.5503792 0.1420862 0.5504845 0.1366975 0.581135 0.1348165 0.5959315 0.1348305 0.5958756 0.1417853 0.5470613 0.1416497 0.5476731 0.1416412 0.547787 0.1344176 0.6106458 0.1350252 0.5959376 0.1360653 0.5959734 0.1411638 0.5503561 0.1399887 0.5578934 0.1399992 0.5578665 0.138473 0.5682561 0.1366829 0.5811977 0.1366975 0.581135 0.1326099 0.6129196 0.1327151 0.6134726 0.1325713 0.6134954 0.1399992 0.5578665 0.1384599 0.5683061 0.138473 0.5682561 0.1327151 0.6134726 0.1335334 0.6198185 0.1325856 0.619737 0.1331059 0.611229 0.1330167 0.6120511 0.1328062 0.6120481 0.1416329 0.550342 0.143057 0.5577678 0.1442243 0.5502641 0.1389411 0.5682396 0.139745 0.5810157 0.1415266 0.5681483 0.1325157 0.6128575 0.1325713 0.6134954 0.1325089 0.6134575 0.1404678 0.5578514 0.1415266 0.5681483 0.143057 0.5577678 0.1329168 0.6292666 0.135464 0.6319243 0.1354756 0.6291301 0.1328154 0.6120374 0.1331059 0.611229 0.1328062 0.6120481 0.1371645 0.5811167 0.1378706 0.5957433 0.139745 0.5810157 0.1420278 0.5481894 0.1442243 0.5502641 0.1446192 0.5481131 0.1348305 0.5958756 0.1331728 0.6106317 0.1331819 0.6106205 0.1336466 0.6105982 0.1361467 0.6110719 0.1362138 0.6104754 0.1415587 0.5482031 0.1416329 0.550342 0.1420278 0.5481894 0.1366975 0.581135 0.1352965 0.5958554 0.1371645 0.5811167 0.1332802 0.612015 0.1355488 0.6127105 0.1358478 0.6118911 0.1399992 0.5578665 0.1389411 0.5682396 0.1404678 0.5578514 0.138473 0.5682561 0.1371645 0.5811167 0.1389411 0.5682396 0.1411638 0.5503561 0.1404678 0.5578514 0.1416329 0.550342 0.1416412 0.547787 0.1420278 0.5481894 0.1421236 0.5476891 0.1421236 0.5476891 0.1446192 0.5481131 0.144715 0.5476133 0.1415587 0.5482031 0.1411579 0.5503456 0.1411638 0.5503561 0.1415591 0.5481381 0.1413663 0.5503792 0.1411579 0.5503456 0.1417621 0.5481321 0.1420862 0.5504845 0.1413663 0.5503792 0.1425732 0.5475066 0.1436666 0.5480784 0.142478 0.5481094 0.1555867 0.5464516 0.1514253 0.5478995 0.1513941 0.5466713 0.185059 0.5451712 0.1787189 0.5473153 0.1781551 0.5454173 0.2286643 0.5439714 0.2215728 0.5463881 0.2213702 0.5441449 0.1479509 0.5469013 0.1514253 0.5478995 0.1478764 0.5479807 0.1603561 0.5462116 0.155735 0.5478134 0.1555867 0.5464516 0.1455026 0.5471168 0.1478764 0.5479807 0.1453804 0.5480374 0.2068523 0.5445153 0.1999444 0.5468465 0.1995714 0.5447142 0.2359622 0.5438061 0.2288542 0.5462368 0.2286643 0.5439714 0.1437849 0.5473239 0.1453804 0.5480374 0.1436666 0.5480784 0.1716391 0.5456825 0.1661466 0.5475952 0.1657036 0.5459459 0.1657036 0.5459459 0.1606245 0.5477151 0.1603561 0.5462116 0.1922222 0.5449364 0.185549 0.5471627 0.185059 0.5451712 0.1781551 0.5454173 0.1721628 0.5474601 0.1716391 0.5456825 0.1995714 0.5447142 0.1926083 0.5470055 0.1922222 0.5449364 0.2213702 0.5441449 0.2143974 0.546539 0.2141398 0.5443255 0.2141398 0.5443255 0.207133 0.5466923 0.2068523 0.5445153 0.2359622 0.5438061 0.2432337 0.5459387 0.2360341 0.5460897 0.254957 0.5576676 0.2535694 0.5650835 0.2530775 0.5649455 0.2359343 0.5502336 0.241803 0.5556094 0.2352197 0.555884 0.2217763 0.5504907 0.2283177 0.5561395 0.2213428 0.5563969 0.2075496 0.5507297 0.2143967 0.5566481 0.2074033 0.5568943 0.1931968 0.5509316 0.2004309 0.5571325 0.1933801 0.5573589 0.1862661 0.5509997 0.1796104 0.5577425 0.1795107 0.5510409 0.1667313 0.5510767 0.1729782 0.5578995 0.1667208 0.5580409 0.1558657 0.5510385 0.1608784 0.5581584 0.1555334 0.5582414 0.1476008 0.5509096 0.1509131 0.5582932 0.1468997 0.5582996 0.248911 0.5499935 0.2492294 0.5553401 0.2464864 0.5554389 0.2289774 0.5503607 0.2352197 0.555884 0.2283177 0.5561395 0.2147372 0.5506126 0.2213428 0.5563969 0.2143967 0.5566481 0.200516 0.5508359 0.2074033 0.5568943 0.2004309 0.5571325 0.1931968 0.5509316 0.1864366 0.557564 0.1862661 0.5509997 0.1795107 0.5510409 0.1729782 0.5578995 0.1728739 0.551064 0.1609611 0.5510718 0.1667208 0.5580409 0.1608784 0.5581584 0.151359 0.5509946 0.1555334 0.5582414 0.1509131 0.5582932 0.1449961 0.5507686 0.1468997 0.5582996 0.1440691 0.5582334 0.207133 0.5466923 0.200516 0.5508359 0.1999444 0.5468465 0.2359385 0.5430517 0.2433326 0.5436374 0.2359622 0.5438061 0.2140522 0.5435727 0.2068523 0.5445153 0.2067552 0.5437632 0.2213022 0.5433903 0.2141398 0.5443255 0.2140522 0.5435727 0.1994411 0.5439687 0.1922222 0.5449364 0.1920835 0.5441925 0.177942 0.5447003 0.1716391 0.5456825 0.1714277 0.5449652 0.1920835 0.5441925 0.185059 0.5451712 0.1848793 0.5444405 0.1655094 0.5452224 0.1603561 0.5462116 0.1602236 0.5454686 0.1714277 0.5449652 0.1657036 0.5459459 0.1655094 0.5452224 0.1439009 0.5465834 0.1455026 0.5471168 0.1437849 0.5473239 0.2359385 0.5430517 0.2286643 0.5439714 0.2286012 0.5432178 0.2067552 0.5437632 0.1995714 0.5447142 0.1994411 0.5439687 0.1456014 0.5463718 0.1479509 0.5469013 0.1455026 0.5471168 0.1602236 0.5454686 0.1555867 0.5464516 0.1555047 0.5456977 0.1480029 0.5461472 0.1513941 0.5466713 0.1479509 0.5469013 0.2286012 0.5432178 0.2213702 0.5441449 0.2213022 0.5433903 0.1848793 0.5444405 0.1781551 0.5454173 0.177942 0.5447003 0.1555047 0.5456977 0.1513941 0.5466713 0.1513748 0.5459116 0.1426898 0.5467692 0.1437849 0.5473239 0.1425732 0.5475066 0.1422636 0.5469594 0.144715 0.5476133 0.1448545 0.5468841 0.1417853 0.5470613 0.1421236 0.5476891 0.1422636 0.5469594 0.1416412 0.547787 0.1415591 0.5481381 0.1415587 0.5482031 0.1416497 0.5476731 0.1417621 0.5481321 0.1415591 0.5481381 0.1418551 0.5476331 0.142478 0.5481094 0.1417621 0.5481321 0.2549303 0.542687 0.2569598 0.5433448 0.254305 0.5434017 0.2606979 0.5434466 0.257581 0.5426411 0.261339 0.5428949 0.2569117 0.5468663 0.2569598 0.5433448 0.259741 0.5442703 0.143096 0.5467336 0.1419909 0.5469035 0.1422636 0.5469594 0.1426898 0.5467692 0.1419909 0.5469035 0.143096 0.5467336 0.1419909 0.5469035 0.1417915 0.5469462 0.1422636 0.5469594 0.1456014 0.5463718 0.1443067 0.5465477 0.1460062 0.546336 0.1714277 0.5449652 0.165894 0.5451832 0.1718043 0.5449249 0.1439009 0.5465834 0.143096 0.5467336 0.1443067 0.5465477 0.1655094 0.5452224 0.1606146 0.5454304 0.165894 0.5451832 0.1920835 0.5441925 0.1852336 0.5443971 0.1924226 0.5441471 0.177942 0.5447003 0.1718043 0.5449249 0.1783087 0.5446586 0.2213022 0.5433903 0.2143237 0.5435198 0.2215406 0.5433345 0.1994411 0.5439687 0.1924226 0.5441471 0.1997618 0.5439211 0.1848793 0.5444405 0.1783087 0.5446586 0.1852336 0.5443971 0.2140522 0.5435727 0.2070537 0.5437129 0.2143237 0.5435198 0.1555047 0.5456977 0.1517751 0.5458748 0.1559008 0.5456604 0.1602236 0.5454686 0.1559008 0.5456604 0.1606146 0.5454304 0.2286012 0.5432178 0.2215406 0.5433345 0.2287988 0.5431586 0.1513748 0.5459116 0.148406 0.5461111 0.1517751 0.5458748 0.2067552 0.5437632 0.1997618 0.5439211 0.2070537 0.5437129 0.2433649 0.5428876 0.2360854 0.5429891 0.2434495 0.5428223 0.2549303 0.542687 0.2434495 0.5428223 0.2548699 0.5426201 0.1480029 0.5461472 0.1460062 0.546336 0.148406 0.5461111 0.257581 0.5426411 0.2612348 0.5428275 0.261339 0.5428949 0.2359385 0.5430517 0.2287988 0.5431586 0.2360854 0.5429891 0.1422636 0.5469594 0.1417915 0.5469462 0.1417853 0.5470613 0.257581 0.5426411 0.2548699 0.5426201 0.2575169 0.5425732 0.2433649 0.5428876 0.254305 0.5434017 0.2433326 0.5436374 0.2428562 0.550109 0.2464864 0.5554389 0.241803 0.5556094 0.1329513 0.6196615 0.1325089 0.6134575 0.1323701 0.6196708 0.2433326 0.5436374 0.2515513 0.5457506 0.2432337 0.5459387 0.2359067 0.5976957 0.2406345 0.5983051 0.2357301 0.5990422 0.2437876 0.5838545 0.2423306 0.5730575 0.2450759 0.5728156 0.2467948 0.5631852 0.2464864 0.5554389 0.2492294 0.5553401 0.2450759 0.5728156 0.2440834 0.5633414 0.2467948 0.5631852 0.2432621 0.5952021 0.2406166 0.5950211 0.2432873 0.5945941 0.2515879 0.5499425 0.2515513 0.5457506 0.2542144 0.5456902 0.2637894 0.543638 0.261339 0.5428949 0.2644324 0.5431039 0.261339 0.5428949 0.2642905 0.5430364 0.2644324 0.5431039 0.2460872 0.5953277 0.2432621 0.5952021 0.2432873 0.5945941 0.2450759 0.5728156 0.246685 0.584261 0.2437876 0.5838545 0.2467948 0.5631852 0.247969 0.5732593 0.2450759 0.5728156 0.2492294 0.5553401 0.2496019 0.5639718 0.2467948 0.5631852 0.2515879 0.5499425 0.2519767 0.5564565 0.2492294 0.5553401 0.2571533 0.5516675 0.255434 0.5578612 0.254957 0.5576676 0.2606979 0.5434466 0.259741 0.5442703 0.2569598 0.5433448 0.2433091 0.5979031 0.2461408 0.5980314 0.2432898 0.5985044 0.2432898 0.5985044 0.2452039 0.6320001 0.2423484 0.631866 0.2461094 0.5966829 0.2433091 0.5979031 0.2432855 0.5965525 0.2496334 0.5962538 0.2490091 0.5968311 0.2490795 0.5961091 0.2594872 0.5479894 0.259741 0.5442703 0.2621016 0.5450561 0.250782 0.5848357 0.2490795 0.5961091 0.2502084 0.5847552 0.246685 0.584261 0.2432873 0.5945941 0.2437876 0.5838545 0.2432873 0.5945941 0.2410564 0.5841895 0.2437876 0.5838545 0.1352965 0.5958554 0.1362138 0.6104754 0.1378706 0.5957433 0.1331819 0.6106205 0.1331059 0.611229 0.1331151 0.6112176 0.1343504 0.6112445 0.1333783 0.6106325 0.1344176 0.6106458 0.135981 0.6112072 0.1344176 0.6106458 0.1360458 0.6106067 0.1333112 0.6112301 0.1331728 0.6106317 0.1333783 0.6106325 0.1348305 0.5958756 0.1336466 0.6105982 0.1352965 0.5958554 0.2406166 0.5950211 0.2370787 0.5846919 0.2410564 0.5841895 0.2361747 0.5957497 0.2312897 0.5854578 0.2370787 0.5846919 0.2297136 0.5967808 0.2246977 0.5862748 0.2312897 0.5854578 0.2232436 0.597815 0.218093 0.5870937 0.2246977 0.5862748 0.2167639 0.5988521 0.211476 0.5879124 0.218093 0.5870937 0.210273 0.5998905 0.2048436 0.5887284 0.211476 0.5879124 0.2037681 0.6009269 0.1981931 0.5895391 0.2048436 0.5887284 0.1972473 0.6019576 0.1915261 0.5903405 0.1981931 0.5895391 0.1907106 0.6029788 0.1848545 0.5911278 0.1915261 0.5903405 0.1841605 0.6039884 0.1782054 0.5918965 0.1848545 0.5911278 0.177601 0.604985 0.1716164 0.5926443 0.1782054 0.5918965 0.1710372 0.6059668 0.1651265 0.5933673 0.1716164 0.5926443 0.164476 0.6069294 0.1587669 0.5940582 0.1651265 0.5933673 0.1579253 0.607868 0.1525459 0.5947163 0.1587669 0.5940582 0.1513885 0.6087873 0.1476473 0.5952264 0.1525459 0.5947163 0.1463237 0.6094737 0.1432305 0.5956415 0.1476473 0.5952264 0.1418714 0.6100672 0.1398887 0.595887 0.1432305 0.5956415 0.1384193 0.6104456 0.1376243 0.595972 0.1398887 0.595887 0.2357301 0.5990422 0.240615 0.5989066 0.2357233 0.5996438 0.1329805 0.6128351 0.1355415 0.6133098 0.1355488 0.6127105 0.2406345 0.5983051 0.2432898 0.5985044 0.240615 0.5989066 0.1456006 0.6118848 0.15068 0.6118674 0.1456038 0.6124879 0.22924 0.6000183 0.2357233 0.5996438 0.2292342 0.6006204 0.157241 0.6104172 0.1638174 0.6101524 0.1572435 0.6110208 0.1506769 0.611264 0.1572435 0.6110208 0.15068 0.6118674 0.1703954 0.6086556 0.176976 0.6083447 0.1703967 0.6092594 0.1638152 0.6095485 0.1703967 0.6092594 0.1638174 0.6101524 0.1835495 0.6068096 0.1901131 0.606467 0.1835494 0.6074132 0.1769755 0.6077412 0.1835494 0.6074132 0.176976 0.6083447 0.1966662 0.6049044 0.2032027 0.604539 0.1966643 0.6055074 0.1419711 0.6123145 0.1437962 0.6127068 0.1419956 0.6129146 0.190114 0.6058635 0.1966643 0.6055074 0.1901131 0.606467 0.2097287 0.6029576 0.2162367 0.6025798 0.2097256 0.6035609 0.1401945 0.6125082 0.1419956 0.6129146 0.140201 0.6131107 0.2032049 0.6039353 0.2097256 0.6035609 0.2032027 0.604539 0.2227438 0.6009966 0.2292342 0.6006204 0.2227388 0.601599 0.2162407 0.601977 0.2227388 0.601599 0.2162367 0.6025798 0.1325157 0.6128575 0.1329737 0.6134349 0.1329805 0.6128351 0.2460601 0.5959364 0.2432855 0.5965525 0.2432621 0.5952021 0.236083 0.5963498 0.2406132 0.5969668 0.2359067 0.5976957 0.1335799 0.6111952 0.1358478 0.6118911 0.1361467 0.6110719 0.1325157 0.6128575 0.1328062 0.6120481 0.1326099 0.6129196 0.1328062 0.6120481 0.1327196 0.6128727 0.1326099 0.6129196 0.1330167 0.6120511 0.1336998 0.6128908 0.1327196 0.6128727 0.1340184 0.6120691 0.1351856 0.6129051 0.1336998 0.6128908 0.240592 0.5956289 0.2432855 0.5965525 0.2406132 0.5969668 0.135981 0.6112072 0.1383407 0.6118724 0.1355635 0.6120627 0.2166956 0.5994566 0.2229557 0.5997073 0.2164681 0.6007165 0.2231675 0.5984182 0.229435 0.5987003 0.2229557 0.5997073 0.2037147 0.6015332 0.2099705 0.6017265 0.2034599 0.602734 0.2102122 0.6004958 0.2164681 0.6007165 0.2099705 0.6017265 0.1906714 0.6035866 0.1969341 0.6037352 0.1903931 0.604726 0.1972011 0.6025648 0.2034599 0.602734 0.1969341 0.6037352 0.1775729 0.6055936 0.1838389 0.605704 0.1772744 0.6066684 0.1841276 0.6045965 0.1903931 0.604726 0.1838389 0.605704 0.1644468 0.6075376 0.1707032 0.6076171 0.1641308 0.608545 0.1710107 0.6065754 0.1772744 0.6066684 0.1707032 0.6076171 0.1513388 0.6093925 0.1575642 0.6094475 0.1510075 0.6103291 0.1578881 0.6084752 0.1641308 0.608545 0.1575642 0.6094475 0.1418145 0.6106708 0.145931 0.6109867 0.1417801 0.6115038 0.1383585 0.6110479 0.1417801 0.6115038 0.1383407 0.6118724 0.2296299 0.5973827 0.2359067 0.5976957 0.229435 0.5987003 0.1462675 0.6100777 0.1510075 0.6103291 0.145931 0.6109867 0.1331151 0.6112176 0.1332802 0.612015 0.1335799 0.6111952 0.259962 0.5481964 0.2587581 0.5517835 0.2576413 0.5518187 0.2495819 0.5968604 0.2496334 0.5962538 0.2506954 0.59681 0.1325713 0.6134954 0.1325856 0.619737 0.1323758 0.6197196 0.255434 0.5578612 0.2546951 0.5650434 0.2535694 0.5650835 0.2576413 0.5518187 0.2565764 0.5578231 0.255434 0.5578612 0.2520868 0.5738907 0.2519208 0.5847883 0.250782 0.5848357 0.249557 0.5974624 0.2495819 0.5968604 0.2506954 0.59681 0.2644566 0.5436792 0.2637036 0.545186 0.2625909 0.545219 0.2650992 0.5431489 0.2653205 0.5436944 0.2644566 0.5436792 0.2535694 0.5650835 0.2532302 0.5738469 0.2520868 0.5738907 0.2496334 0.5962538 0.2519208 0.5847883 0.2506954 0.59681 0.2587581 0.5517835 0.2563831 0.5577159 0.2565764 0.5578231 0.2532302 0.5738469 0.2517326 0.5846564 0.2519208 0.5847883 0.2546951 0.5650434 0.2530403 0.5737249 0.2532302 0.5738469 0.2489631 0.5975611 0.248391 0.6321498 0.2477962 0.6321218 0.2637036 0.545186 0.2608799 0.5480643 0.2610773 0.5481625 0.2519208 0.5847883 0.2505087 0.5966673 0.2506954 0.59681 0.2659381 0.5431246 0.2651178 0.5436886 0.2653205 0.5436944 0.2610773 0.5481625 0.2585628 0.5516818 0.2587581 0.5517835 0.2653205 0.5436944 0.2635041 0.5450907 0.2637036 0.545186 0.2565764 0.5578231 0.2545036 0.5649295 0.2546951 0.5650434 0.2502084 0.5847552 0.2460872 0.5953277 0.246685 0.584261 0.259962 0.5481964 0.2621016 0.5450561 0.2625909 0.545219 0.2490795 0.5961091 0.2460601 0.5959364 0.2460872 0.5953277 0.2543579 0.550801 0.254957 0.5576676 0.2519767 0.5564565 0.2644324 0.5431039 0.2649551 0.5430819 0.2650992 0.5431489 0.2644566 0.5436792 0.2644324 0.5431039 0.2650992 0.5431489 0.2519767 0.5564565 0.2530775 0.5649455 0.2496019 0.5639718 0.2496019 0.5639718 0.2515862 0.573814 0.247969 0.5732593 0.247969 0.5732593 0.2502084 0.5847552 0.246685 0.584261 0.2576413 0.5518187 0.2594872 0.5479894 0.259962 0.5481964 0.2625909 0.545219 0.2637894 0.543638 0.2644566 0.5436792 0.2625909 0.545219 0.2610773 0.5481625 0.259962 0.5481964 0.2657661 0.5431253 0.2650992 0.5431489 0.2649551 0.5430819 0.249557 0.5974624 0.2494956 0.6320877 0.248391 0.6321498 0.2461589 0.5974294 0.2489631 0.5975611 0.2461408 0.5980314 0.2460601 0.5959364 0.2490091 0.5968311 0.2461094 0.5966829 0.2506954 0.59681 0.2493115 0.6319139 0.2494956 0.6320877 0.2162367 0.6025798 0.2224527 0.6324101 0.2160063 0.6325908 0.1394214 0.6272425 0.1384551 0.6279416 0.1379825 0.6274445 0.140889 0.6276009 0.1396953 0.6277717 0.1394214 0.6272425 0.1440048 0.6314974 0.142966 0.6300833 0.1433103 0.6298329 0.1384551 0.6279416 0.1367249 0.6281732 0.1379825 0.6274445 0.1433103 0.6298329 0.1420747 0.6289036 0.1422339 0.6284906 0.1373708 0.6285816 0.1357653 0.6293662 0.1367249 0.6281732 0.1360288 0.6310129 0.1350179 0.6327082 0.1351879 0.6309229 0.136539 0.6296383 0.1351879 0.6309229 0.1357653 0.6293662 0.1442512 0.6333244 0.1435303 0.6315238 0.1440048 0.6314974 0.1445484 0.6313369 0.1442512 0.6333244 0.1440048 0.6314974 0.1410164 0.6267598 0.1394214 0.6272425 0.139415 0.6264001 0.1365112 0.627364 0.1379825 0.6274445 0.1367249 0.6281732 0.1347703 0.6304897 0.1357653 0.6293662 0.1351879 0.6309229 0.1353877 0.6286741 0.1367249 0.6281732 0.1357653 0.6293662 0.1378834 0.6266519 0.1394214 0.6272425 0.1379825 0.6274445 0.1426634 0.6278262 0.140889 0.6276009 0.1410164 0.6267598 0.1426634 0.6278262 0.1433103 0.6298329 0.1422339 0.6284906 0.1438258 0.6294163 0.1440048 0.6314974 0.1433103 0.6298329 0.1322986 0.6246794 0.1324634 0.6293958 0.1322824 0.6293533 0.1323758 0.6197196 0.1325057 0.6247088 0.1322986 0.6246794 0.1329168 0.6292666 0.13226 0.6246088 0.1321562 0.6292545 0.1329335 0.6246107 0.1323701 0.6196708 0.13226 0.6246088 0.1329737 0.6134349 0.1355156 0.6195319 0.1355415 0.6133098 0.1329513 0.6196615 0.1354951 0.6244776 0.1355156 0.6195319 0.1325057 0.6247088 0.1333597 0.6296055 0.1324634 0.6293958 0.1325856 0.619737 0.1334286 0.6248407 0.1325057 0.6247088 0.13226 0.6246088 0.1322824 0.6293533 0.1321562 0.6292545 0.1323701 0.6196708 0.1322986 0.6246794 0.13226 0.6246088 0.1334286 0.6248407 0.1349999 0.6199618 0.1345714 0.6262808 0.1456038 0.6124879 0.1507206 0.6194874 0.1456446 0.6198641 0.1366264 0.6200168 0.1378834 0.6266519 0.1365112 0.627364 0.140201 0.6131107 0.1419727 0.6199401 0.1401532 0.6199749 0.1367356 0.6134229 0.1383609 0.6200107 0.1366264 0.6200168 0.1351385 0.6134986 0.1366264 0.6200168 0.1349999 0.6199618 0.1384014 0.6126867 0.140201 0.6131107 0.1384336 0.6132873 0.1349999 0.6199618 0.1365112 0.627364 0.1353877 0.6286741 0.1383407 0.6118724 0.1401945 0.6125082 0.1384014 0.6126867 0.1384336 0.6132873 0.1401532 0.6199749 0.1383609 0.6200107 0.1384336 0.6132873 0.136745 0.6128208 0.1384014 0.6126867 0.1351856 0.6129051 0.1367356 0.6134229 0.1351385 0.6134986 0.1419956 0.6129146 0.1438047 0.6199057 0.1419727 0.6199401 0.1437962 0.6127068 0.1456446 0.6198641 0.1438047 0.6199057 0.1355635 0.6120627 0.136745 0.6128208 0.1351856 0.6129051 0.1438059 0.6121021 0.1456038 0.6124879 0.1437962 0.6127068 0.1438047 0.6199057 0.1410164 0.6267598 0.1419727 0.6199401 0.1456446 0.6198641 0.1507206 0.6194874 0.1457218 0.631433 0.1456446 0.6198641 0.1457218 0.631433 0.1445484 0.6313369 0.1383609 0.6200107 0.139415 0.6264001 0.1378834 0.6266519 0.1507206 0.6194874 0.1508054 0.6334286 0.1457218 0.631433 0.1333364 0.632375 0.1342307 0.6300076 0.1341091 0.6325421 0.1320941 0.6320428 0.1322824 0.6293533 0.1323015 0.6321285 0.1324634 0.6293958 0.1333364 0.632375 0.1324574 0.6321663 0.1329067 0.6320629 0.1321562 0.6292545 0.1320941 0.6320428 0.1322824 0.6293533 0.1324574 0.6321663 0.1323015 0.6321285 0.134568 0.6326304 0.1351879 0.6309229 0.1350179 0.6327082 0.1333597 0.6296055 0.1345714 0.6262808 0.1342307 0.6300076 0.1329335 0.6246107 0.1354756 0.6291301 0.1354951 0.6244776 0.1341091 0.6325421 0.1347703 0.6304897 0.134568 0.6326304 0.1345714 0.6262808 0.1349999 0.6199618 0.1353877 0.6286741 0.1342307 0.6300076 0.1353877 0.6286741 0.1347703 0.6304897 0.1426634 0.6278262 0.1438047 0.6199057 0.1438258 0.6294163 0.1456446 0.6198641 0.1438258 0.6294163 0.1438047 0.6199057 0.1355635 0.6120627 0.1383407 0.6118724 0.136745 0.6128208 0.1383407 0.6118724 0.1417801 0.6115038 0.1401945 0.6125082 0.1419711 0.6123145 0.1417801 0.6115038 0.1438059 0.6121021 0.1417801 0.6115038 0.145931 0.6109867 0.1438059 0.6121021 0.1572435 0.6110208 0.1573451 0.6334723 0.1507206 0.6194874 0.15068 0.6118674 0.1572435 0.6110208 0.1507206 0.6194874 0.1422339 0.6284906 0.140943 0.6281083 0.140889 0.6276009 0.1332736 0.6515232 0.1334198 0.6508242 0.1329596 0.6508517 0.1989584 0.7132828 0.1925308 0.7100343 0.1995499 0.7097867 0.1919373 0.713472 0.1858848 0.7102157 0.1925308 0.7100343 0.178645 0.7135822 0.1730438 0.7104066 0.1794073 0.7103328 0.1666114 0.7134589 0.1616219 0.7104595 0.1671543 0.7104544 0.1723701 0.7135374 0.1671543 0.7104544 0.1730438 0.7104066 0.1467208 0.7121742 0.1488105 0.710114 0.149115 0.712639 0.2266335 0.7121269 0.2335274 0.7082571 0.233509 0.7117853 0.1450749 0.7116488 0.1463117 0.7098211 0.1467208 0.7121742 0.2401701 0.7079418 0.233509 0.7117853 0.2335274 0.7082571 0.1613249 0.713341 0.1567361 0.7103951 0.1616219 0.7104595 0.149115 0.712639 0.1524148 0.7103043 0.1525158 0.7129911 0.2266335 0.7121269 0.2199429 0.7089074 0.2268519 0.7085785 0.1851816 0.7135704 0.1794073 0.7103328 0.1858848 0.7102157 0.1566431 0.7131793 0.1524148 0.7103043 0.1567361 0.7103951 0.2127923 0.7127609 0.2062958 0.7095147 0.2131902 0.7092165 0.2196617 0.712458 0.2131902 0.7092165 0.2199429 0.7089074 0.2404039 0.711441 0.2459812 0.7076505 0.2483714 0.7109926 0.1439319 0.7111772 0.1446498 0.7094587 0.1450749 0.7116488 0.1415745 0.7021764 0.1426255 0.7087962 0.1413707 0.7020893 0.2570465 0.7125551 0.2584426 0.7116474 0.2600086 0.712495 0.1365152 0.6542733 0.1387987 0.6544317 0.1388707 0.6550089 0.1388707 0.6550089 0.1422259 0.6552075 0.142293 0.6557863 0.142293 0.6557863 0.1466379 0.655991 0.1467028 0.6565701 0.1467028 0.6565701 0.1516578 0.6567629 0.1517148 0.6573433 0.1517148 0.6573433 0.1581352 0.657734 0.1581776 0.6583158 0.1581776 0.6583158 0.1646151 0.6586599 0.1646478 0.6592419 0.1646478 0.6592419 0.1710939 0.6595286 0.1711219 0.6601102 0.1711219 0.6601102 0.1775646 0.6603474 0.1775922 0.6609286 0.1775922 0.6609286 0.184022 0.661126 0.1840521 0.6617062 0.1840521 0.6617062 0.1904625 0.6618672 0.1904969 0.6624461 0.1904969 0.6624461 0.1968834 0.6625724 0.1969228 0.6631494 0.1969228 0.6631494 0.2032828 0.6632463 0.2033272 0.6638211 0.2033272 0.6638211 0.2096608 0.6638974 0.2097105 0.6644699 0.2097105 0.6644699 0.2160194 0.6645365 0.2160744 0.6651064 0.2160744 0.6651064 0.222361 0.6651721 0.2224217 0.6657391 0.2224217 0.6657391 0.2286878 0.6658089 0.2287541 0.6663726 0.2509225 0.710849 0.2512306 0.7072061 0.2535408 0.7102364 0.2322091 0.6962956 0.2367259 0.6875631 0.2379785 0.6962947 0.2256292 0.6963302 0.2311989 0.68736 0.2322091 0.6962956 0.2190306 0.6963635 0.2246924 0.6871948 0.2256292 0.6963302 0.212418 0.6963872 0.2181894 0.6870254 0.2190306 0.6963635 0.2057886 0.6963957 0.2116542 0.6868519 0.212418 0.6963872 0.1991382 0.6963841 0.2051139 0.6866631 0.2057886 0.6963957 0.1924719 0.6963407 0.1985352 0.6864546 0.1991382 0.6963841 0.1858178 0.6962475 0.1919639 0.6862149 0.1924719 0.6963407 0.1792415 0.6960968 0.1853604 0.6859282 0.1858178 0.6962475 0.1728392 0.6959059 0.1788017 0.6855901 0.1792415 0.6960968 0.1667097 0.6956927 0.1723752 0.6852146 0.1728392 0.6959059 0.1609262 0.6954451 0.166129 0.6848122 0.1667097 0.6956927 0.1555028 0.6951443 0.1601384 0.6843741 0.1609262 0.6954451 0.1509648 0.6948589 0.1543878 0.6838902 0.1555028 0.6951443 0.1469057 0.6944907 0.1497304 0.6834557 0.1509648 0.6948589 0.1439813 0.6940388 0.1455 0.6829763 0.1469057 0.6944907 0.1420637 0.6935576 0.1423791 0.6824277 0.1439813 0.6940388 0.1358066 0.6671164 0.1377291 0.6808149 0.1356006 0.6670104 0.1435316 0.7028428 0.1439813 0.6940388 0.1453058 0.7032518 0.1453058 0.7032518 0.1469057 0.6944907 0.1480324 0.703621 0.1480324 0.703621 0.1509648 0.6948589 0.1518965 0.7038923 0.1518965 0.7038923 0.1555028 0.6951443 0.1563441 0.7040675 0.1563441 0.7040675 0.1609262 0.6954451 0.1614882 0.7042335 0.1614882 0.7042335 0.1667097 0.6956927 0.1671103 0.7043371 0.1671103 0.7043371 0.1728392 0.6959059 0.1731308 0.7044035 0.1731308 0.7044035 0.1792415 0.6960968 0.1795112 0.7044469 0.1795112 0.7044469 0.1858178 0.6962475 0.1860777 0.7044476 0.1860777 0.7044476 0.1924719 0.6963407 0.1927566 0.7043858 0.1927566 0.7043858 0.1991382 0.6963841 0.1995384 0.7042677 0.1995384 0.7042677 0.2057886 0.6963957 0.2062444 0.7041208 0.2062444 0.7041208 0.212418 0.6963872 0.2129707 0.7039532 0.2129707 0.7039532 0.2190306 0.6963635 0.2196512 0.7037711 0.2196512 0.7037711 0.2256292 0.6963302 0.2263594 0.7035774 0.2263594 0.7035774 0.2322091 0.6962956 0.2329971 0.7033829 0.2329971 0.7033829 0.2379785 0.6962947 0.2393272 0.7032386 0.2287541 0.6663726 0.2349997 0.6664472 0.235072 0.6670079 0.1379354 0.6809149 0.1397043 0.6926681 0.1377291 0.6808149 0.235072 0.6670079 0.2394068 0.6668947 0.2394117 0.6674652 0.2379785 0.6962947 0.240384 0.6876695 0.2417705 0.6962992 0.2311989 0.68736 0.2356275 0.6773237 0.2367259 0.6875631 0.2246924 0.6871948 0.2299947 0.676914 0.2311989 0.68736 0.2181894 0.6870254 0.2235749 0.6765184 0.2246924 0.6871948 0.2116542 0.6868519 0.2171385 0.676123 0.2181894 0.6870254 0.2051139 0.6866631 0.210686 0.675722 0.2116542 0.6868519 0.1985352 0.6864546 0.2042143 0.6753076 0.2051139 0.6866631 0.1919639 0.6862149 0.1977209 0.6748712 0.1985352 0.6864546 0.1853604 0.6859282 0.1912072 0.6744027 0.1919639 0.6862149 0.1788017 0.6855901 0.1846848 0.6738932 0.1853604 0.6859282 0.1723752 0.6852146 0.1781797 0.6733402 0.1788017 0.6855901 0.166129 0.6848122 0.171729 0.6727495 0.1723752 0.6852146 0.1601384 0.6843741 0.1653709 0.6721231 0.166129 0.6848122 0.1543878 0.6838902 0.1591357 0.6714527 0.1601384 0.6843741 0.1497304 0.6834557 0.1530319 0.67074 0.1543878 0.6838902 0.1455 0.6829763 0.1482221 0.6701268 0.1497304 0.6834557 0.1423791 0.6824277 0.1438828 0.6695147 0.1455 0.6829763 0.1403039 0.6818625 0.1405968 0.6688552 0.1423791 0.6824277 0.2393272 0.7032386 0.2417705 0.6962992 0.243831 0.7031146 0.1446498 0.7094587 0.1453058 0.7032518 0.1463117 0.7098211 0.1399097 0.6927618 0.1413707 0.7020893 0.1397043 0.6926681 0.2367259 0.6875631 0.2394968 0.6775704 0.240384 0.6876695 0.2476976 0.666458 0.2448518 0.6662532 0.2449248 0.6656388 0.1462916 0.6552081 0.1509802 0.6551494 0.1513188 0.6559581 0.2285291 0.6647165 0.2347282 0.6642211 0.234864 0.665335 0.1421776 0.6544805 0.1405903 0.6534536 0.1423525 0.6537854 0.1462916 0.6552081 0.1441721 0.6541085 0.1459513 0.6544072 0.1578063 0.6569009 0.1639792 0.6569314 0.1642971 0.6577993 0.1513188 0.6559581 0.1574777 0.6560623 0.1578063 0.6569009 0.1707875 0.6586413 0.1769758 0.6585164 0.1772706 0.6594344 0.1642971 0.6577993 0.1704806 0.6577478 0.1707875 0.6586413 0.1837413 0.6601879 0.1899281 0.6599383 0.1901959 0.6609051 0.1772706 0.6594344 0.1834595 0.6592453 0.1837413 0.6601879 0.1966319 0.6615868 0.2028114 0.6612282 0.2030473 0.662238 0.1901959 0.6609051 0.1963791 0.6605973 0.1966319 0.6615868 0.2094425 0.6628673 0.2156192 0.6624322 0.2158194 0.6634852 0.2030473 0.662238 0.2092238 0.6618356 0.2094425 0.6628673 0.222181 0.6641 0.2283702 0.6636225 0.2285291 0.6647165 0.2158194 0.6634852 0.2220006 0.6630262 0.222181 0.6641 0.2395294 0.664102 0.2423484 0.631866 0.2421475 0.6643497 0.1352798 0.6452906 0.134118 0.6510455 0.1338197 0.6448564 0.1508054 0.6334286 0.1457536 0.6352819 0.1457372 0.63336 0.2283803 0.6630477 0.2349678 0.6320657 0.2347394 0.6636468 0.1448209 0.6333391 0.1457536 0.6352819 0.1445826 0.6353235 0.1574741 0.6554804 0.1638926 0.6334832 0.1639772 0.6563495 0.1509121 0.6471799 0.1508054 0.6334286 0.1573451 0.6334723 0.1704797 0.6571661 0.1769889 0.6333937 0.1769763 0.6579351 0.1639772 0.6563495 0.1704428 0.6334557 0.1704797 0.6571661 0.1834613 0.6586644 0.1900492 0.6331883 0.1899313 0.6593579 0.1769763 0.6579351 0.1835255 0.6333036 0.1834613 0.6586644 0.1963832 0.6600175 0.2030718 0.6329441 0.2028173 0.6606507 0.1899313 0.6593579 0.1965574 0.6330497 0.1963832 0.6600175 0.2092309 0.6612587 0.2160063 0.6325908 0.2156273 0.6618559 0.1404076 0.6462072 0.1411386 0.639628 0.1422165 0.6463899 0.2028173 0.6606507 0.2095472 0.6327708 0.2092309 0.6612587 0.1336667 0.6527683 0.1340469 0.6521663 0.1335873 0.6521939 0.1387659 0.6537607 0.1371664 0.6526742 0.1388109 0.6530832 0.1435316 0.7028428 0.1435176 0.7091335 0.1423462 0.7024848 0.1420637 0.6935576 0.1423462 0.7024848 0.1407713 0.6931333 0.1338645 0.6530937 0.1356006 0.6670104 0.13366 0.6529814 0.1403039 0.6818625 0.1407713 0.6931333 0.1388891 0.6813575 0.2220098 0.6624507 0.2288892 0.6322318 0.2283803 0.6630477 0.1383682 0.6682034 0.1388891 0.6813575 0.1368322 0.6676194 0.239468 0.6657857 0.2421463 0.6649226 0.2420807 0.666042 0.1355576 0.6515998 0.1341404 0.6516259 0.134118 0.6510455 0.2535408 0.7102364 0.2539369 0.7068874 0.256043 0.7096509 0.2489946 0.6777324 0.2493764 0.6877567 0.2484334 0.6777319 0.2498635 0.6877585 0.2504978 0.6956556 0.2493764 0.6877567 0.2347394 0.6636468 0.2396864 0.6319379 0.2395294 0.664102 0.2482574 0.6659244 0.2476976 0.666458 0.2476788 0.6657751 0.2509295 0.7126643 0.2509225 0.710849 0.2534704 0.7125099 0.1440325 0.711655 0.1434813 0.7117677 0.1433395 0.7111948 0.1360085 0.6529542 0.1348186 0.6530528 0.134473 0.6523426 0.2477962 0.6321218 0.244928 0.6650655 0.2452039 0.6320001 0.134118 0.6510455 0.1331651 0.6511705 0.133147 0.6505926 0.1326658 0.6444029 0.1329392 0.6502753 0.1326584 0.6442193 0.134473 0.6523426 0.1337848 0.6525191 0.1334763 0.6518446 0.1433395 0.7111948 0.1432885 0.7116166 0.1431412 0.7110481 0.1407713 0.6931333 0.1415745 0.7021764 0.1399097 0.6927618 0.1365152 0.6542733 0.1368322 0.6676194 0.1348981 0.6536281 0.1388891 0.6813575 0.1399097 0.6927618 0.1379354 0.6809149 0.1368322 0.6676194 0.1379354 0.6809149 0.1358066 0.6671164 0.1423462 0.7024848 0.1428258 0.7088778 0.1415745 0.7021764 0.1356006 0.6670104 0.1377423 0.6806534 0.1356132 0.6668415 0.1431412 0.7110481 0.1432787 0.7113084 0.1431293 0.710741 0.1348981 0.6536281 0.1358066 0.6671164 0.1338645 0.6530937 0.1413707 0.7020893 0.1426292 0.7085717 0.141379 0.7018968 0.1377291 0.6808149 0.1397159 0.6924957 0.1377423 0.6806534 0.133147 0.6505926 0.1330547 0.6510708 0.1330032 0.6504992 0.1397043 0.6926681 0.141379 0.7018968 0.1397159 0.6924957 0.1338197 0.6448564 0.133147 0.6505926 0.1328749 0.6444858 0.1334763 0.6518446 0.1335805 0.6524068 0.1332669 0.6517369 0.1430788 0.7085371 0.1443218 0.7016757 0.1418301 0.701863 0.1401686 0.692463 0.14071 0.6804493 0.1381972 0.6806221 0.1330032 0.6504992 0.1329596 0.6508517 0.1329392 0.6502753 0.1418301 0.701863 0.1426698 0.692282 0.1401686 0.692463 0.1329813 0.6348153 0.135464 0.6319243 0.1329067 0.6320629 0.1332736 0.6515232 0.1335805 0.6524068 0.1335873 0.6521939 0.1381972 0.6806221 0.1385961 0.6666487 0.1360704 0.6668118 0.1434928 0.7103804 0.1455632 0.7083454 0.1430788 0.7085371 0.13366 0.6529814 0.1356132 0.6668415 0.1336667 0.6527683 0.1341263 0.6527406 0.1365858 0.6520134 0.1340469 0.6521663 0.1430436 0.7104153 0.1430788 0.7085371 0.1426292 0.7085717 0.1377423 0.6806534 0.1360704 0.6668118 0.1356132 0.6668415 0.1337336 0.6514956 0.1359621 0.6506721 0.1334198 0.6508242 0.141379 0.7018968 0.1401686 0.692463 0.1397159 0.6924957 0.1397159 0.6924957 0.1381972 0.6806221 0.1377423 0.6806534 0.1426292 0.7085717 0.1418301 0.701863 0.141379 0.7018968 0.1431293 0.710741 0.1434928 0.7103804 0.1430436 0.7104153 0.1435926 0.7107771 0.1459747 0.7101874 0.1434928 0.7103804 0.1426255 0.7087962 0.1430436 0.7104153 0.1426292 0.7085717 0.1428258 0.7088778 0.143047 0.7106844 0.1426255 0.7087962 0.1435176 0.7091335 0.1432425 0.7108029 0.1428258 0.7088778 0.1440325 0.711655 0.1450749 0.7116488 0.1451995 0.7122523 0.1525158 0.7129911 0.1565146 0.7142909 0.1525002 0.7139917 0.178645 0.7135822 0.1847052 0.7152501 0.1781044 0.7151795 0.2196617 0.712458 0.2263976 0.7140128 0.2194217 0.7143361 0.1492006 0.7135046 0.1525158 0.7129911 0.1525002 0.7139917 0.1566431 0.7131793 0.1610795 0.7145696 0.1565146 0.7142909 0.146851 0.7129089 0.149115 0.712639 0.1492006 0.7135046 0.1989584 0.7132828 0.2055398 0.7148784 0.198579 0.7150879 0.2266335 0.7121269 0.2333783 0.7136638 0.2263976 0.7140128 0.1451995 0.7122523 0.1467208 0.7121742 0.146851 0.7129089 0.1666114 0.7134589 0.1718733 0.7150233 0.1661961 0.7148221 0.1613249 0.713341 0.1661961 0.7148221 0.1610795 0.7145696 0.1851816 0.7135704 0.1915532 0.715222 0.1847052 0.7152501 0.1723701 0.7135374 0.1781044 0.7151795 0.1718733 0.7150233 0.1919373 0.713472 0.198579 0.7150879 0.1915532 0.715222 0.2127923 0.7127609 0.2194217 0.7143361 0.2125078 0.7146223 0.2058387 0.713041 0.2125078 0.7146223 0.2055398 0.7148784 0.2333783 0.7136638 0.2404039 0.711441 0.2404292 0.7133022 0.2509766 0.695605 0.2520448 0.7019436 0.2504978 0.6956556 0.2335274 0.7082571 0.2393272 0.7032386 0.2401701 0.7079418 0.2199429 0.7089074 0.2263594 0.7035774 0.2268519 0.7085785 0.2062958 0.7095147 0.2129707 0.7039532 0.2131902 0.7092165 0.1925308 0.7100343 0.1995384 0.7042677 0.1995499 0.7097867 0.1795112 0.7044469 0.1858848 0.7102157 0.1794073 0.7103328 0.1671543 0.7104544 0.1731308 0.7044035 0.1730438 0.7104066 0.1567361 0.7103951 0.1614882 0.7042335 0.1616219 0.7104595 0.1488105 0.710114 0.1518965 0.7038923 0.1524148 0.7103043 0.2459812 0.7076505 0.2464688 0.7030383 0.2485507 0.7075219 0.2268519 0.7085785 0.2329971 0.7033829 0.2335274 0.7082571 0.2131902 0.7092165 0.2196512 0.7037711 0.2199429 0.7089074 0.1995499 0.7097867 0.2062444 0.7041208 0.2062958 0.7095147 0.1860777 0.7044476 0.1925308 0.7100343 0.1858848 0.7102157 0.1731308 0.7044035 0.1794073 0.7103328 0.1730438 0.7104066 0.1616219 0.7104595 0.1671103 0.7043371 0.1671543 0.7104544 0.1524148 0.7103043 0.1563441 0.7040675 0.1567361 0.7103951 0.1463117 0.7098211 0.1480324 0.703621 0.1488105 0.710114 0.2058387 0.713041 0.1995499 0.7097867 0.2062958 0.7095147 0.2333352 0.7142836 0.2404292 0.7133022 0.2404373 0.7139075 0.2055398 0.7148784 0.2124111 0.7152544 0.2054367 0.7155123 0.2125078 0.7146223 0.2193411 0.714967 0.2124111 0.7152544 0.1915532 0.715222 0.1984465 0.715718 0.1914153 0.7158502 0.1718733 0.7150233 0.1779004 0.7157819 0.1716731 0.7156223 0.1847052 0.7152501 0.1914153 0.7158502 0.1845307 0.7158654 0.1610795 0.7145696 0.1660141 0.7154194 0.1609584 0.7151762 0.1661961 0.7148221 0.1716731 0.7156223 0.1660141 0.7154194 0.1453217 0.7128442 0.146851 0.7129089 0.1469561 0.7135031 0.2263976 0.7140128 0.2333352 0.7142836 0.2263193 0.7146393 0.198579 0.7150879 0.2054367 0.7155123 0.1984465 0.715718 0.1469561 0.7135031 0.1492006 0.7135046 0.1492602 0.7141088 0.1565146 0.7142909 0.1609584 0.7151762 0.1564434 0.7149057 0.1492602 0.7141088 0.1525002 0.7139917 0.1524907 0.7146103 0.2194217 0.7143361 0.2263193 0.7146393 0.2193411 0.714967 0.1781044 0.7151795 0.1845307 0.7158654 0.1779004 0.7157819 0.1525002 0.7139917 0.1564434 0.7149057 0.1524907 0.7146103 0.1441556 0.7122392 0.1451995 0.7122523 0.1453217 0.7128442 0.1437381 0.7113553 0.1460737 0.7105839 0.1435926 0.7107771 0.1432787 0.7113084 0.1435926 0.7107771 0.1431293 0.710741 0.143047 0.7106844 0.1431293 0.710741 0.1430436 0.7104153 0.1432425 0.7108029 0.1431412 0.7110481 0.143047 0.7106844 0.1439319 0.7111772 0.1433395 0.7111948 0.1432425 0.7108029 0.2515035 0.7131675 0.2534704 0.7125099 0.2540403 0.7129979 0.2540403 0.7129979 0.2570465 0.7125551 0.2576407 0.7128977 0.2535408 0.7102364 0.2534704 0.7125099 0.2509225 0.710849 0.1445441 0.7121499 0.1437381 0.7113553 0.1434813 0.7117677 0.1441556 0.7122392 0.1445441 0.7121499 0.1434813 0.7117677 0.1434813 0.7117677 0.1437381 0.7113553 0.1432885 0.7116166 0.1469561 0.7135031 0.1457096 0.7127542 0.1453217 0.7128442 0.1716731 0.7156223 0.1663817 0.7153186 0.1660141 0.7154194 0.1453217 0.7128442 0.1445441 0.7121499 0.1441556 0.7122392 0.1660141 0.7154194 0.161332 0.715078 0.1609584 0.7151762 0.1914153 0.7158502 0.1848694 0.7157529 0.1845307 0.7158654 0.1779004 0.7157819 0.172033 0.7155181 0.1716731 0.7156223 0.2193411 0.714967 0.2126713 0.7151168 0.2124111 0.7152544 0.1984465 0.715718 0.1917397 0.7157323 0.1914153 0.7158502 0.1845307 0.7158654 0.1782509 0.7156739 0.1779004 0.7157819 0.2124111 0.7152544 0.2057226 0.7153819 0.2054367 0.7155123 0.1564434 0.7149057 0.1528731 0.7145164 0.1524907 0.7146103 0.1609584 0.7151762 0.1568219 0.71481 0.1564434 0.7149057 0.2263193 0.7146393 0.2195702 0.7148215 0.2193411 0.714967 0.1524907 0.7146103 0.1496454 0.7140166 0.1492602 0.7141088 0.2054367 0.7155123 0.1987534 0.7155941 0.1984465 0.715718 0.2404373 0.7139075 0.2334772 0.7141215 0.2333352 0.7142836 0.2515035 0.7131675 0.2405199 0.7137381 0.2404373 0.7139075 0.1492602 0.7141088 0.147343 0.7134121 0.1469561 0.7135031 0.2575434 0.712724 0.2540403 0.7129979 0.2576407 0.7128977 0.2333352 0.7142836 0.2265095 0.7144854 0.2263193 0.7146393 0.1437381 0.7113553 0.1432787 0.7113084 0.1432885 0.7116166 0.2540403 0.7129979 0.2514479 0.7129948 0.2515035 0.7131675 0.2404373 0.7139075 0.2509295 0.7126643 0.2515035 0.7131675 0.2401701 0.7079418 0.243831 0.7031146 0.2459812 0.7076505 0.1329392 0.6502753 0.1332358 0.6442087 0.1326584 0.6442193 0.2404292 0.7133022 0.2483714 0.7109926 0.2509295 0.7126643 0.234864 0.665335 0.2395292 0.6646751 0.239468 0.6657857 0.240384 0.6876695 0.2421532 0.6777254 0.2430423 0.6877336 0.243831 0.7031146 0.2443857 0.6963019 0.2464688 0.7030383 0.2417705 0.6962992 0.2430423 0.6877336 0.2443857 0.6963019 0.2394117 0.6674652 0.2420153 0.6671595 0.2420199 0.6677291 0.2483714 0.7109926 0.2485507 0.7075219 0.2509225 0.710849 0.2576407 0.7128977 0.2600086 0.712495 0.2606048 0.7128153 0.2604715 0.7126432 0.2576407 0.7128977 0.2606048 0.7128153 0.2420153 0.6671595 0.2447845 0.6674369 0.2420199 0.6677291 0.2449869 0.6777283 0.2430423 0.6877336 0.2421532 0.6777254 0.2458567 0.6877439 0.2443857 0.6963019 0.2430423 0.6877336 0.2471156 0.6960132 0.2464688 0.7030383 0.2443857 0.6963019 0.2491421 0.7025135 0.2485507 0.7075219 0.2464688 0.7030383 0.2525095 0.7018525 0.2539369 0.7068874 0.2520448 0.7019436 0.2570465 0.7125551 0.2534704 0.7125099 0.2561591 0.7120436 0.244928 0.6650655 0.2421463 0.6649226 0.2421475 0.6643497 0.2452039 0.6320001 0.2421475 0.6643497 0.2423484 0.631866 0.2421463 0.6649226 0.2448518 0.6662532 0.2420807 0.666042 0.2476976 0.666458 0.2482882 0.6670694 0.2477407 0.6671269 0.256043 0.7096509 0.2561591 0.7120436 0.2535408 0.7102364 0.2477407 0.6671269 0.2489946 0.6777324 0.2484334 0.6777319 0.2420199 0.6677291 0.2449869 0.6777283 0.2421532 0.6777254 0.2394968 0.6775704 0.2420199 0.6677291 0.2421532 0.6777254 0.1360704 0.6668118 0.1366648 0.6525874 0.1341263 0.6527406 0.1335805 0.6524068 0.1336667 0.6527683 0.1335873 0.6521939 0.1348186 0.6530528 0.1338645 0.6530937 0.1337848 0.6525191 0.1364387 0.6536973 0.1348981 0.6536281 0.1348186 0.6530528 0.1337848 0.6525191 0.13366 0.6529814 0.1335805 0.6524068 0.1356132 0.6668415 0.1341263 0.6527406 0.1336667 0.6527683 0.2356275 0.6773237 0.2394117 0.6674652 0.2394968 0.6775704 0.2299947 0.676914 0.235072 0.6670079 0.2356275 0.6773237 0.2235749 0.6765184 0.2287541 0.6663726 0.2299947 0.676914 0.2171385 0.676123 0.2224217 0.6657391 0.2235749 0.6765184 0.210686 0.675722 0.2160744 0.6651064 0.2171385 0.676123 0.2042143 0.6753076 0.2097105 0.6644699 0.210686 0.675722 0.1977209 0.6748712 0.2033272 0.6638211 0.2042143 0.6753076 0.1912072 0.6744027 0.1969228 0.6631494 0.1977209 0.6748712 0.1846848 0.6738932 0.1904969 0.6624461 0.1912072 0.6744027 0.1781797 0.6733402 0.1840521 0.6617062 0.1846848 0.6738932 0.171729 0.6727495 0.1775922 0.6609286 0.1781797 0.6733402 0.1653709 0.6721231 0.1711219 0.6601102 0.171729 0.6727495 0.1591357 0.6714527 0.1646478 0.6592419 0.1653709 0.6721231 0.1530319 0.67074 0.1581776 0.6583158 0.1591357 0.6714527 0.1482221 0.6701268 0.1517148 0.6573433 0.1530319 0.67074 0.1438828 0.6695147 0.1467028 0.6565701 0.1482221 0.6701268 0.1405968 0.6688552 0.142293 0.6557863 0.1438828 0.6695147 0.1383682 0.6682034 0.1388707 0.6550089 0.1405968 0.6688552 0.2347282 0.6642211 0.2395294 0.664102 0.2395292 0.6646751 0.1334198 0.6508242 0.1359422 0.6500962 0.1333994 0.6502479 0.2395292 0.6646751 0.2421475 0.6643497 0.2421463 0.6649226 0.1459513 0.6544072 0.1509752 0.6545673 0.1509802 0.6551494 0.2283702 0.6636225 0.2347394 0.6636468 0.2347282 0.6642211 0.1574777 0.6560623 0.1639772 0.6563495 0.1639792 0.6569314 0.1509802 0.6551494 0.1574741 0.6554804 0.1574777 0.6560623 0.1704806 0.6577478 0.1769763 0.6579351 0.1769758 0.6585164 0.1639792 0.6569314 0.1704797 0.6571661 0.1704806 0.6577478 0.1834595 0.6592453 0.1899313 0.6593579 0.1899281 0.6599383 0.1769758 0.6585164 0.1834613 0.6586644 0.1834595 0.6592453 0.1963791 0.6605973 0.2028173 0.6606507 0.2028114 0.6612282 0.1423525 0.6537854 0.1441522 0.6535242 0.1441721 0.6541085 0.1899281 0.6599383 0.1963832 0.6600175 0.1963791 0.6605973 0.2092238 0.6618356 0.2156273 0.6618559 0.2156192 0.6624322 0.1405903 0.6534536 0.1423661 0.6532078 0.1423525 0.6537854 0.2028114 0.6612282 0.2092309 0.6612587 0.2092238 0.6618356 0.2220006 0.6630262 0.2283803 0.6630477 0.2283702 0.6636225 0.2156192 0.6624322 0.2220098 0.6624507 0.2220006 0.6630262 0.1329596 0.6508517 0.1333994 0.6502479 0.1329392 0.6502753 0.2420807 0.666042 0.2447791 0.6668669 0.2420153 0.6671595 0.2349997 0.6664472 0.239468 0.6657857 0.2394068 0.6668947 0.1340469 0.6521663 0.1362742 0.6513431 0.1337336 0.6514956 0.1329596 0.6508517 0.1332669 0.6517369 0.1332736 0.6515232 0.1331651 0.6511705 0.1332669 0.6517369 0.1330547 0.6510708 0.1341404 0.6516259 0.1334763 0.6518446 0.1331651 0.6511705 0.1356171 0.6521874 0.134473 0.6523426 0.1341404 0.6516259 0.2394068 0.6668947 0.2420807 0.666042 0.2420153 0.6671595 0.1364387 0.6536973 0.1387659 0.6537607 0.1387987 0.6544317 0.2160194 0.6645365 0.222181 0.6641 0.222361 0.6651721 0.222361 0.6651721 0.2285291 0.6647165 0.2286878 0.6658089 0.2032828 0.6632463 0.2094425 0.6628673 0.2096608 0.6638974 0.2096608 0.6638974 0.2158194 0.6634852 0.2160194 0.6645365 0.1904625 0.6618672 0.1966319 0.6615868 0.1968834 0.6625724 0.1968834 0.6625724 0.2030473 0.662238 0.2032828 0.6632463 0.1775646 0.6603474 0.1837413 0.6601879 0.184022 0.661126 0.184022 0.661126 0.1901959 0.6609051 0.1904625 0.6618672 0.1646151 0.6586599 0.1707875 0.6586413 0.1710939 0.6595286 0.1710939 0.6595286 0.1772706 0.6594344 0.1775646 0.6603474 0.1516578 0.6567629 0.1578063 0.6569009 0.1581352 0.657734 0.1581352 0.657734 0.1642971 0.6577993 0.1646151 0.6586599 0.1422259 0.6552075 0.1462916 0.6552081 0.1466379 0.655991 0.1387987 0.6544317 0.1421776 0.6544805 0.1422259 0.6552075 0.2286878 0.6658089 0.234864 0.665335 0.2349997 0.6664472 0.1466379 0.655991 0.1513188 0.6559581 0.1516578 0.6567629 0.1335873 0.6521939 0.1337336 0.6514956 0.1332736 0.6515232 0.2554827 0.7067468 0.2565045 0.7095429 0.2544093 0.7068318 0.2482597 0.6664984 0.2493535 0.6664255 0.2482882 0.6670694 0.1328749 0.6444858 0.1330032 0.6504992 0.1326658 0.6444029 0.2520651 0.6955225 0.2525095 0.7018525 0.2509766 0.695605 0.2536104 0.701767 0.2544093 0.7068318 0.2525095 0.7018525 0.2501066 0.6776545 0.2498635 0.6877585 0.2489946 0.6777324 0.2482574 0.6659244 0.2493535 0.6664255 0.2482597 0.6664984 0.2599824 0.7114789 0.2606478 0.712482 0.2589161 0.7115652 0.2614765 0.7123861 0.2612437 0.7127976 0.2606478 0.712482 0.250974 0.687677 0.2509766 0.695605 0.2498635 0.6877585 0.2482882 0.6670694 0.2501066 0.6776545 0.2489946 0.6777324 0.2534269 0.7015349 0.2554827 0.7067468 0.2536104 0.701767 0.2499244 0.6774418 0.250974 0.687677 0.2501066 0.6776545 0.2507917 0.6874562 0.2520651 0.6955225 0.250974 0.687677 0.2476788 0.6657751 0.248391 0.6321498 0.2482574 0.6659244 0.2573884 0.7092195 0.2599824 0.7114789 0.2575744 0.7094571 0.2491713 0.6662222 0.2501066 0.6776545 0.2493535 0.6664255 0.2612879 0.7121585 0.2620468 0.7127323 0.2614765 0.7123861 0.255298 0.706511 0.2575744 0.7094571 0.2554827 0.7067468 0.2597947 0.7112404 0.2614765 0.7123861 0.2599824 0.7114789 0.2518826 0.6952954 0.2536104 0.701767 0.2520651 0.6955225 0.2447845 0.6674369 0.2484334 0.6777319 0.2449869 0.6777283 0.2565045 0.7095429 0.2584426 0.7116474 0.256043 0.7096509 0.2447791 0.6668669 0.2477407 0.6671269 0.2447845 0.6674369 0.2520448 0.7019436 0.2512306 0.7072061 0.2491421 0.7025135 0.2611083 0.7126254 0.2606048 0.7128153 0.2612437 0.7127976 0.2606048 0.7128153 0.2606478 0.712482 0.2612437 0.7127976 0.2504978 0.6956556 0.2491421 0.7025135 0.2471156 0.6960132 0.2493764 0.6877567 0.2471156 0.6960132 0.2458567 0.6877439 0.2484334 0.6777319 0.2458567 0.6877439 0.2449869 0.6777283 0.256043 0.7096509 0.2544093 0.7068318 0.2565045 0.7095429 0.2600086 0.712495 0.2589161 0.7115652 0.2606478 0.712482 0.2575744 0.7094571 0.2589161 0.7115652 0.2565045 0.7095429 0.2612437 0.7127976 0.261887 0.7125272 0.2611083 0.7126254 0.2494956 0.6320877 0.2482574 0.6659244 0.248391 0.6321498 0.2476788 0.6657751 0.2449248 0.6656388 0.244928 0.6650655 0.2447791 0.6668669 0.2448518 0.6662532 0.2476976 0.666458 0.2493115 0.6319139 0.2493535 0.6664255 0.2494956 0.6320877 0.2156273 0.6618559 0.2224527 0.6324101 0.2220098 0.6624507 0.1395379 0.6390022 0.1385535 0.6376252 0.1397954 0.6379463 0.1409956 0.6387872 0.1397954 0.6379463 0.1410349 0.6377596 0.1440364 0.6351343 0.1430191 0.6359902 0.1435574 0.6346092 0.1368258 0.6376771 0.1385535 0.6376252 0.1380974 0.6386216 0.1433718 0.6367496 0.14215 0.6370791 0.1430191 0.6359902 0.1358404 0.636266 0.1374568 0.6368134 0.1368258 0.6376771 0.1350179 0.6327082 0.1360624 0.6341271 0.135228 0.6345487 0.135228 0.6345487 0.1366026 0.6356006 0.1358404 0.636266 0.1442512 0.6333244 0.1435574 0.6346092 0.1437261 0.6330796 0.1445826 0.6353235 0.1442512 0.6333244 0.1448209 0.6333391 0.1395379 0.6390022 0.1411386 0.639628 0.1395481 0.6398327 0.1366294 0.6384326 0.1380974 0.6386216 0.1380147 0.6393887 0.1348188 0.6348441 0.1358404 0.636266 0.1354775 0.6368477 0.1354775 0.6368477 0.1368258 0.6376771 0.1366294 0.6384326 0.1380147 0.6393887 0.1395379 0.6390022 0.1395481 0.6398327 0.1409956 0.6387872 0.1427618 0.6386973 0.1411386 0.639628 0.1427618 0.6386973 0.1433718 0.6367496 0.1438938 0.637193 0.1438938 0.637193 0.1440364 0.6351343 0.1445826 0.6353235 0.1325286 0.6349408 0.1324735 0.6395258 0.1323478 0.6348958 0.1326804 0.6395958 0.1326658 0.6444029 0.1324735 0.6395258 0.132434 0.6393783 0.1329813 0.6348153 0.1322219 0.6348007 0.1326584 0.6442193 0.133105 0.6393803 0.132434 0.6393783 0.1333994 0.6502479 0.1357834 0.6440613 0.1332358 0.6442087 0.1332358 0.6442087 0.1356564 0.6392364 0.133105 0.6393803 0.1334236 0.6351562 0.1326804 0.6395958 0.1325286 0.6349408 0.1336015 0.6399016 0.1328749 0.6444858 0.1326804 0.6395958 0.1323478 0.6348958 0.132434 0.6393783 0.1322219 0.6348007 0.1324735 0.6395258 0.1326584 0.6442193 0.132434 0.6393783 0.1336015 0.6399016 0.1352798 0.6452906 0.1338197 0.6448564 0.1459448 0.6538252 0.1509121 0.6471799 0.1509752 0.6545673 0.136899 0.6456701 0.1380147 0.6393887 0.1386249 0.6459723 0.1405853 0.6528723 0.1422165 0.6463899 0.1423661 0.6532078 0.1371447 0.6520907 0.1386249 0.6459723 0.138831 0.6525071 0.1355576 0.6515998 0.136899 0.6456701 0.1371447 0.6520907 0.1388109 0.6530832 0.1405853 0.6528723 0.1405903 0.6534536 0.1352798 0.6452906 0.1366294 0.6384326 0.136899 0.6456701 0.1387659 0.6537607 0.1388109 0.6530832 0.1405903 0.6534536 0.138831 0.6525071 0.1404076 0.6462072 0.1405853 0.6528723 0.138831 0.6525071 0.1371664 0.6526742 0.1371447 0.6520907 0.1356171 0.6521874 0.1371447 0.6520907 0.1371664 0.6526742 0.1423661 0.6532078 0.1440374 0.6465412 0.1441522 0.6535242 0.1441522 0.6535242 0.1458658 0.6466724 0.1459448 0.6538252 0.1360085 0.6529542 0.1356171 0.6521874 0.1371664 0.6526742 0.1441721 0.6541085 0.1459448 0.6538252 0.1459513 0.6544072 0.1411386 0.639628 0.1440374 0.6465412 0.1422165 0.6463899 0.1458658 0.6466724 0.1457536 0.6352819 0.1509121 0.6471799 0.1458658 0.6466724 0.1445826 0.6353235 0.1457536 0.6352819 0.1386249 0.6459723 0.1395481 0.6398327 0.1404076 0.6462072 0.1509121 0.6471799 0.1457536 0.6352819 0.1508054 0.6334286 0.1333364 0.632375 0.1342886 0.6351266 0.1334236 0.6351562 0.1320941 0.6320428 0.1323478 0.6348958 0.1322219 0.6348007 0.1333364 0.632375 0.1325286 0.6349408 0.1324574 0.6321663 0.1322219 0.6348007 0.1329067 0.6320629 0.1320941 0.6320428 0.1324574 0.6321663 0.1323478 0.6348958 0.1323015 0.6321285 0.134568 0.6326304 0.135228 0.6345487 0.1348188 0.6348441 0.1334236 0.6351562 0.1347129 0.6389489 0.1336015 0.6399016 0.133105 0.6393803 0.1355364 0.6346747 0.1329813 0.6348153 0.1341091 0.6325421 0.1348188 0.6348441 0.1342886 0.6351266 0.1347129 0.6389489 0.1354775 0.6368477 0.1352798 0.6452906 0.1342886 0.6351266 0.1354775 0.6368477 0.1347129 0.6389489 0.1427618 0.6386973 0.1438938 0.637193 0.1440374 0.6465412 0.1438938 0.637193 0.1458658 0.6466724 0.1440374 0.6465412 0.1360085 0.6529542 0.1371664 0.6526742 0.1387659 0.6537607 0.1387659 0.6537607 0.1405903 0.6534536 0.1421776 0.6544805 0.1423525 0.6537854 0.1441721 0.6541085 0.1421776 0.6544805 0.1421776 0.6544805 0.1441721 0.6541085 0.1462916 0.6552081 0.1574741 0.6554804 0.1509121 0.6471799 0.1573451 0.6334723 0.1509752 0.6545673 0.1509121 0.6471799 0.1574741 0.6554804 0.1423212 0.6380102 0.1410349 0.6377596 0.14215 0.6370791 0.3188271 0.9153255 0.319518 0.9133241 0.3299762 0.9173077 0.5633207 0.553371 0.5611035 0.5514696 0.5615051 0.5511447 0.3145326 0.9141463 0.3153562 0.9120252 0.3167878 0.9127449 0.3167878 0.9127449 0.3181905 0.9129478 0.3175061 0.9149509 0.3181905 0.9129478 0.319518 0.9133241 0.3188271 0.9153255 0.3153562 0.9120252 0.3159584 0.9097447 0.3175101 0.9109474 0.3175101 0.9109474 0.318946 0.9110772 0.3181905 0.9129478 0.318946 0.9110772 0.3202836 0.9114171 0.319518 0.9133241 0.3159245 0.9079545 0.318546 0.9079607 0.3181557 0.9090545 0.318546 0.9079607 0.3201423 0.9079861 0.3197219 0.9090119 0.3201423 0.9079861 0.3216671 0.9084475 0.3211867 0.9093872 0.3139346 0.9162614 0.315594 0.916646 0.3151695 0.9186372 0.3151695 0.9186372 0.315594 0.916646 0.3169339 0.9170921 0.3165042 0.9191758 0.3169339 0.9170921 0.3182616 0.9174541 0.313578 0.9185237 0.3151695 0.9186372 0.3148915 0.9205732 0.3148915 0.9205732 0.3151695 0.9186372 0.3165042 0.9191758 0.316214 0.9211822 0.3165042 0.9191758 0.3178468 0.9195291 0.314485 0.922562 0.3148915 0.9205732 0.316214 0.9211822 0.315839 0.9233933 0.316214 0.9211822 0.3175508 0.9215682 0.3139346 0.9162614 0.3145326 0.9141463 0.3161766 0.9146525 0.315594 0.916646 0.3161766 0.9146525 0.3175061 0.9149509 0.3169339 0.9170921 0.3175061 0.9149509 0.3188271 0.9153255 0.3321226 0.9199979 0.3306345 0.9195846 0.331167 0.9178342 0.5605275 0.5513869 0.56089 0.5511723 0.5611035 0.5514696 0.3320732 0.9165799 0.331167 0.9178342 0.3299762 0.9173077 0.314288 0.9237132 0.314485 0.922562 0.315839 0.9233933 0.3307083 0.9240492 0.3289885 0.9249418 0.3289576 0.9234872 0.3156961 0.9245016 0.315839 0.9233933 0.3173109 0.9238061 0.3321226 0.9199979 0.3313557 0.9220274 0.3302084 0.9213643 0.3302084 0.9213643 0.328905 0.9212072 0.3293268 0.9192279 0.3328684 0.9158908 0.3320732 0.9165799 0.3311671 0.9153566 0.3334907 0.9180017 0.3324297 0.9178578 0.3320732 0.9165799 0.3299762 0.9173077 0.319518 0.9133241 0.3202836 0.9114171 0.3181557 0.9090545 0.3197219 0.9090119 0.318946 0.9110772 0.3289885 0.9249418 0.3172565 0.9248668 0.3173109 0.9238061 0.3197219 0.9090119 0.3211867 0.9093872 0.3202836 0.9114171 0.3318051 0.9142918 0.3311671 0.9153566 0.3211867 0.9093872 0.5614674 0.550567 0.5618304 0.5506572 0.5615051 0.5511447 0.5615051 0.5511447 0.5618304 0.5506572 0.5640351 0.5525296 0.311953 0.9223697 0.3128877 0.9208097 0.314485 0.922562 0.3334907 0.9180017 0.3331398 0.9202772 0.3321226 0.9199979 0.3323357 0.9224643 0.3307083 0.9240492 0.3303521 0.9229013 0.3323357 0.9224643 0.3313557 0.9220274 0.3321226 0.9199979 0.3103188 0.9141044 0.3159245 0.9079545 0.3159584 0.9097447 0.3204667 0.9070414 0.3220246 0.9076876 0.3216671 0.9084475 0.3324837 0.9137946 0.3337037 0.9155877 0.3328684 0.9158908 0.3330485 0.9229544 0.3323357 0.9224643 0.3331398 0.9202772 0.3136124 0.9250642 0.314288 0.9237132 0.3156961 0.9245016 0.315523 0.9254698 0.3156961 0.9245016 0.3172565 0.9248668 0.317188 0.925691 0.3172565 0.9248668 0.3289885 0.9249418 0.315333 0.9065268 0.3159245 0.9079545 0.3103188 0.9141044 0.3293178 0.9256908 0.3289885 0.9249418 0.3307083 0.9240492 0.3136124 0.9250642 0.3107351 0.9233414 0.311953 0.9223697 0.3337037 0.9155877 0.3342968 0.917957 0.3334907 0.9180017 0.3186146 0.9064482 0.3204667 0.9070414 0.3201423 0.9079861 0.3186146 0.9064482 0.318546 0.9079607 0.3159245 0.9079545 0.3220246 0.9076876 0.3324837 0.9137946 0.3318051 0.9142918 0.3342968 0.917957 0.3339323 0.9204899 0.3331398 0.9202772 0.3330485 0.9229544 0.3312162 0.9246847 0.3307083 0.9240492 0.3107351 0.9233414 0.3087395 0.9136952 0.3103188 0.9141044 0.3103188 0.9141044 0.312013 0.9145641 0.3128877 0.9208097 0.5206134 0.5784888 0.5227482 0.5802745 0.5223643 0.5806429 0.3182616 0.9174541 0.3178468 0.9195291 0.328905 0.9212072 0.3145326 0.9141463 0.3161766 0.9146525 0.3167878 0.9127449 0.3175061 0.9149509 0.3181905 0.9129478 0.3167878 0.9127449 0.5223643 0.5806429 0.5227482 0.5802745 0.5229712 0.5804646 0.3153562 0.9120252 0.3167878 0.9127449 0.3175101 0.9109474 0.3181905 0.9129478 0.318946 0.9110772 0.3175101 0.9109474 0.319518 0.9133241 0.3202836 0.9114171 0.318946 0.9110772 0.3181557 0.9090545 0.318546 0.9079607 0.3159245 0.9079545 0.3197219 0.9090119 0.3201423 0.9079861 0.318546 0.9079607 0.3211867 0.9093872 0.3216671 0.9084475 0.3201423 0.9079861 0.3151695 0.9186372 0.315594 0.916646 0.3139346 0.9162614 0.3151695 0.9186372 0.3165042 0.9191758 0.3169339 0.9170921 0.3165042 0.9191758 0.3178468 0.9195291 0.3182616 0.9174541 0.3148915 0.9205732 0.3151695 0.9186372 0.313578 0.9185237 0.3148915 0.9205732 0.316214 0.9211822 0.3165042 0.9191758 0.316214 0.9211822 0.3175508 0.9215682 0.3178468 0.9195291 0.314485 0.922562 0.315839 0.9233933 0.316214 0.9211822 0.315839 0.9233933 0.3173109 0.9238061 0.3175508 0.9215682 0.3139346 0.9162614 0.315594 0.916646 0.3161766 0.9146525 0.315594 0.916646 0.3169339 0.9170921 0.3175061 0.9149509 0.3169339 0.9170921 0.3182616 0.9174541 0.3188271 0.9153255 0.331167 0.9178342 0.3306345 0.9195846 0.3321226 0.9199979 0.331167 0.9178342 0.3299762 0.9173077 0.3293268 0.9192279 0.3320732 0.9165799 0.3311671 0.9153566 0.3299762 0.9173077 0.314288 0.9237132 0.3156961 0.9245016 0.315839 0.9233933 0.3289576 0.9234872 0.3289885 0.9249418 0.3307083 0.9240492 0.3156961 0.9245016 0.3172565 0.9248668 0.3173109 0.9238061 0.3321226 0.9199979 0.3306345 0.9195846 0.3302084 0.9213643 0.3293268 0.9192279 0.328905 0.9212072 0.3302084 0.9213643 0.3328684 0.9158908 0.3318051 0.9142918 0.3311671 0.9153566 0.3334907 0.9180017 0.3328684 0.9158908 0.3320732 0.9165799 0.5206134 0.5784888 0.5209364 0.5780177 0.5230672 0.5798486 0.318946 0.9110772 0.3197219 0.9090119 0.3181557 0.9090545 0.3173109 0.9238061 0.3172565 0.9248668 0.3289885 0.9249418 0.3202836 0.9114171 0.3211867 0.9093872 0.3197219 0.9090119 0.3318051 0.9142918 0.3216671 0.9084475 0.3211867 0.9093872 0.328905 0.9212072 0.3289576 0.9234872 0.3303521 0.9229013 0.3175508 0.9215682 0.3289576 0.9234872 0.328905 0.9212072 0.311953 0.9223697 0.314288 0.9237132 0.314485 0.922562 0.3334907 0.9180017 0.3324297 0.9178578 0.3321226 0.9199979 0.3303521 0.9229013 0.3307083 0.9240492 0.3323357 0.9224643 0.3321226 0.9199979 0.3313557 0.9220274 0.3323357 0.9224643 0.3103188 0.9141044 0.312013 0.9145641 0.3159584 0.9097447 0.3204667 0.9070414 0.3201423 0.9079861 0.3216671 0.9084475 0.3324837 0.9137946 0.3318051 0.9142918 0.3328684 0.9158908 0.3331398 0.9202772 0.3323357 0.9224643 0.3330485 0.9229544 0.3156961 0.9245016 0.314288 0.9237132 0.3136124 0.9250642 0.3172565 0.9248668 0.3156961 0.9245016 0.315523 0.9254698 0.3289885 0.9249418 0.3172565 0.9248668 0.317188 0.925691 0.3103188 0.9141044 0.3159245 0.9079545 0.315333 0.9065268 0.3307083 0.9240492 0.3289885 0.9249418 0.3293178 0.9256908 0.3136124 0.9250642 0.314288 0.9237132 0.311953 0.9223697 0.3337037 0.9155877 0.3328684 0.9158908 0.3334907 0.9180017 0.3186146 0.9064482 0.318546 0.9079607 0.3201423 0.9079861 0.3159245 0.9079545 0.318546 0.9079607 0.3186146 0.9064482 0.3220246 0.9076876 0.3216671 0.9084475 0.3318051 0.9142918 0.3342968 0.917957 0.3334907 0.9180017 0.3331398 0.9202772 0.3330485 0.9229544 0.3323357 0.9224643 0.3307083 0.9240492 0.3107351 0.9233414 0.311953 0.9223697 0.3103188 0.9141044 0.3128877 0.9208097 0.312013 0.9145641 0.3103188 0.9141044 0.6066706 0.1922026 0.5882238 0.1668449 0.597439 0.159439 0.5513852 0.1134255 0.5439109 0.1225856 0.5185306 0.104169 0.5250064 0.09427785 0.5185306 0.104169 0.491364 0.08850651 0.4967706 0.07799255 0.491364 0.08850651 0.4627091 0.0757693 0.4669869 0.06474775 0.4627091 0.0757693 0.4328796 0.06609725 0.4359821 0.05468899 0.4328796 0.06609725 0.4022026 0.05959618 0.4040955 0.047926 0.4022026 0.05959618 0.3710141 0.05633741 0.3716766 0.04453337 0.3710141 0.05633741 0.3396555 0.05635666 0.3390808 0.04454803 0.3396555 0.05635666 0.3084711 0.05965369 0.306665 0.04796969 0.3084711 0.05965369 0.2778021 0.06619232 0.2747845 0.05476123 0.2778021 0.06619232 0.2479843 0.07590097 0.2437884 0.06484794 0.2479843 0.07590097 0.2193448 0.08867317 0.2140166 0.07811921 0.2193448 0.08867317 0.1921973 0.1043693 0.185795 0.09443002 0.1921973 0.1043693 0.1668393 0.1228169 0.1594331 0.1136015 0.1668393 0.1228169 0.1435483 0.1438141 0.1352195 0.1354234 0.1435483 0.1438141 0.1225799 0.1671309 0.1134197 0.1596567 0.1225799 0.1671309 0.1041637 0.1925118 0.09427231 0.1860361 0.1041637 0.1925118 0.08850127 0.2196786 0.07798725 0.2142723 0.08850127 0.2196786 0.07576453 0.2483339 0.06474298 0.2440562 0.07576453 0.2483339 0.06609266 0.2781634 0.05468434 0.2750613 0.06609266 0.2781634 0.05959206 0.3088405 0.04792195 0.3069478 0.05959206 0.3088405 0.0563336 0.3400291 0.04452955 0.3393666 0.0563336 0.3400291 0.05635303 0.3713875 0.04454445 0.3719625 0.05635303 0.3713875 0.0596503 0.4025719 0.04796642 0.4043781 0.0596503 0.4025719 0.06618899 0.4332408 0.05475801 0.4362584 0.06618899 0.4332408 0.07589775 0.4630582 0.06484478 0.4672543 0.07589775 0.4630582 0.08866995 0.4916976 0.07811611 0.4970259 0.08866995 0.4916976 0.104366 0.5188449 0.09442692 0.5252472 0.104366 0.5188449 0.1228136 0.5442028 0.1228136 0.5442028 0.1438106 0.5674936 0.1354199 0.5758223 0.1438106 0.5674936 0.1671273 0.5884619 0.1596531 0.5976221 0.1671273 0.5884619 0.1925079 0.6068782 0.1860322 0.6167694 0.1925079 0.6068782 0.2196746 0.6225406 0.2142681 0.6330546 0.2196746 0.6225406 0.2483295 0.6352776 0.2440517 0.6462991 0.2483295 0.6352776 0.2781589 0.6449496 0.2750566 0.6563578 0.2781589 0.6449496 0.3088358 0.6514506 0.3069431 0.6631207 0.3088358 0.6514506 0.3400244 0.6547095 0.3393618 0.6665135 0.3400244 0.6547095 0.3713827 0.6546905 0.3719576 0.6664991 0.3713827 0.6546905 0.4025674 0.6513938 0.4043734 0.6630777 0.4025674 0.6513938 0.4332367 0.6448554 0.436254 0.6562867 0.4332367 0.6448554 0.4630547 0.6351472 0.4672505 0.6462005 0.4630547 0.6351472 0.4916948 0.6223753 0.4970231 0.6329294 0.4916948 0.6223753 0.5188432 0.6066794 0.5252455 0.6166188 0.5188432 0.6066794 0.5442024 0.5882313 0.5516087 0.5974473 0.5442024 0.5882313 0.5674946 0.5672332 0.5758237 0.5756245 0.5674946 0.5672332 0.5884642 0.5439148 0.5976253 0.5513894 0.5884642 0.5439148 0.6068813 0.5185313 0.6167739 0.5250073 0.6068813 0.5185313 0.6225438 0.491361 0.6330595 0.496767 0.6225438 0.491361 0.6352798 0.4627022 0.6463025 0.4669788 0.6352798 0.4627022 0.6449477 0.4328703 0.6563563 0.4359712 0.6449477 0.4328703 0.6514457 0.4021952 0.6631149 0.4040868 0.6514457 0.4021952 0.6547021 0.3710095 0.6665049 0.3716713 0.6547021 0.3710095 0.6546815 0.3396538 0.6664891 0.3390785 0.6546815 0.3396538 0.6513839 0.3084716 0.663067 0.3066654 0.6513839 0.3084716 0.6448454 0.2778043 0.6562759 0.274787 0.6448454 0.2778043 0.6351373 0.2479881 0.6461899 0.2437924 0.6351373 0.2479881 0.6223657 0.2193495 0.6329193 0.2140216 0.6223657 0.2193495 0.6066706 0.1922026 0.6166095 0.1858006 0.597439 0.159439 0.5882238 0.1668449 0.567227 0.1435542 0.5756178 0.1352255 0.567227 0.1435542 0.5439109 0.1225856 0.5569565 0.1537747 0.526049 0.1847115 0.5072604 0.167822 0.5429692 0.2034725 0.4414095 0.2858738 0.4336585 0.2772772 0.5347648 0.1338238 0.5072604 0.167822 0.4868092 0.1529889 0.526049 0.1847115 0.4336585 0.2772772 0.4250516 0.2695381 0.5106093 0.1163018 0.4868092 0.1529889 0.4649196 0.1403748 0.5072604 0.167822 0.4250516 0.2695381 0.4156828 0.262741 0.4847544 0.1014008 0.4649196 0.1403748 0.4418312 0.1301178 0.4868092 0.1529889 0.4156828 0.262741 0.405655 0.2569606 0.4574834 0.08928394 0.4418312 0.1301178 0.4177972 0.1223304 0.4649196 0.1403748 0.405655 0.2569606 0.3950775 0.2522599 0.4290953 0.08008414 0.4177972 0.1223304 0.3930807 0.1170979 0.4418312 0.1301178 0.3950775 0.2522599 0.3840672 0.2486907 0.3999012 0.07390207 0.3930807 0.1170979 0.3679528 0.1144777 0.4177972 0.1223304 0.3840672 0.2486907 0.3727433 0.2462918 0.4467611 0.4759401 0.445784 0.4759638 0.445738 0.4754402 0.3930807 0.1170979 0.3727433 0.2462918 0.3612318 0.2450898 0.4467071 0.475328 0.445738 0.4754402 0.4456368 0.4749158 0.3679528 0.1144777 0.3612318 0.2450898 0.3496567 0.2450976 0.3107029 0.07397043 0.3175647 0.1171599 0.292857 0.1224329 0.3426885 0.1144984 0.3496567 0.2450976 0.3381463 0.2463154 0.2815182 0.08019745 0.292857 0.1224329 0.2688357 0.1302598 0.3175647 0.1171599 0.3381463 0.2463154 0.3268262 0.2487295 0.4461639 0.4735116 0.445275 0.4738868 0.4450188 0.473393 0.292857 0.1224329 0.3268262 0.2487295 0.3158205 0.2523139 0.2258917 0.1015997 0.2457641 0.1405547 0.223895 0.1532048 0.445275 0.4738868 0.4426528 0.4749042 0.4425348 0.4746747 0.2000595 0.1165404 0.223895 0.1532048 0.2034679 0.1680717 0.2457641 0.1405547 0.3052497 0.2570289 0.2952297 0.2628231 0.1759305 0.1340997 0.2034679 0.1680717 0.1847069 0.1849924 0.223895 0.1532048 0.2952297 0.2628231 0.2858701 0.2696329 0.1847069 0.1849924 0.1678172 0.2037813 0.1338185 0.176277 0.2034679 0.1680717 0.2858701 0.2696329 0.2772737 0.2773838 0.1678172 0.2037813 0.1529842 0.2242328 0.1162967 0.200433 0.1678172 0.2037813 0.1847069 0.1849924 0.2772737 0.2773838 0.4431176 0.4713395 0.4426429 0.4710444 0.443081 0.4701801 0.4431176 0.4713395 0.443567 0.4716788 0.4418626 0.4738816 0.1403703 0.2461228 0.1301134 0.2692112 0.08927935 0.2535593 0.1403703 0.2461228 0.1529842 0.2242328 0.2627375 0.2953594 0.1301134 0.2692112 0.1223261 0.2932455 0.08007967 0.2819476 0.1301134 0.2692112 0.1403703 0.2461228 0.2569571 0.3053872 0.4416382 0.4706004 0.4411187 0.4704569 0.4412978 0.4694895 0.1223261 0.2932455 0.1301134 0.2692112 0.2522564 0.3159645 0.1170938 0.317962 0.1144738 0.3430899 0.07080161 0.3408226 0.1170938 0.317962 0.1223261 0.2932455 0.248687 0.3269753 0.1144738 0.3430899 0.1144947 0.3683542 0.07082474 0.3706642 0.1144738 0.3430899 0.1170938 0.317962 0.2462883 0.3382985 0.1144947 0.3683542 0.1171564 0.3934779 0.07396697 0.4003399 0.1144947 0.3683542 0.1144738 0.3430899 0.2450863 0.3498107 0.439557 0.4703613 0.4390534 0.4704431 0.4388808 0.4694728 0.1171564 0.3934779 0.1144947 0.3683542 0.2450941 0.3613853 0.1224295 0.4181857 0.1302564 0.4422069 0.0894376 0.4578984 0.1224295 0.4181857 0.1171564 0.3934779 0.2463119 0.3728958 0.1302564 0.4422069 0.1405513 0.4652784 0.1015964 0.4851508 0.1302564 0.4422069 0.1224295 0.4181857 0.248726 0.3842163 0.1405513 0.4652784 0.1532014 0.4871473 0.1165372 0.5109827 0.1405513 0.4652784 0.1302564 0.4422069 0.2523104 0.3952219 0.1532014 0.4871473 0.1680682 0.5075742 0.1340963 0.5351115 0.1532014 0.4871473 0.1405513 0.4652784 0.2570254 0.4057927 0.1340963 0.5351115 0.1680682 0.5075742 0.1849887 0.5263352 0.1680682 0.5075742 0.1532014 0.4871473 0.2628194 0.4158125 0.1540813 0.5572727 0.1849887 0.5263352 0.2037776 0.5432249 0.1680682 0.5075742 0.2696294 0.4251722 0.2773802 0.4337686 0.1762733 0.5772235 0.2037776 0.5432249 0.224229 0.558058 0.1849887 0.5263352 0.2773802 0.4337686 0.2859871 0.4415076 0.2004291 0.5947453 0.224229 0.558058 0.2461188 0.5706721 0.2037776 0.5432249 0.2859871 0.4415076 0.2953559 0.4483047 0.4353431 0.4723924 0.4360436 0.4729238 0.4358565 0.4734101 0.224229 0.558058 0.2953559 0.4483047 0.3053838 0.4540852 0.2535551 0.6217629 0.2692072 0.5809289 0.2932414 0.5887163 0.4360436 0.4729238 0.4383721 0.47446 0.4382882 0.4746826 0.2819432 0.6309627 0.2932414 0.5887163 0.3179579 0.5939489 0.2692072 0.5809289 0.3159609 0.4587858 0.3269718 0.4623551 0.3111374 0.6371448 0.3179579 0.5939489 0.343086 0.5965692 0.2932414 0.5887163 0.3269718 0.4623551 0.3382952 0.4647541 0.4348285 0.4748162 0.4356155 0.4749837 0.4356458 0.4755263 0.3179579 0.5939489 0.3382952 0.4647541 0.3498073 0.465956 0.4348607 0.4754542 0.4356458 0.4755263 0.4357318 0.4760677 0.343086 0.5965692 0.3498073 0.465956 0.3613817 0.4659482 0.4003356 0.6370768 0.393474 0.5938871 0.4181821 0.5886142 0.3683502 0.5965485 0.3613817 0.4659482 0.3728924 0.4647304 0.4295206 0.6308502 0.4181821 0.5886142 0.4422037 0.5807874 0.393474 0.5938871 0.3728924 0.4647304 0.3842127 0.4623162 0.457895 0.621607 0.4422037 0.5807874 0.4652756 0.5704924 0.4181821 0.5886142 0.3842127 0.4623162 0.3952182 0.458732 0.4356346 0.4779157 0.4363144 0.4776223 0.4366102 0.4780979 0.4422037 0.5807874 0.3952182 0.458732 0.405789 0.4540168 0.487145 0.5578421 0.5075724 0.5429749 0.5351107 0.576948 0.4652756 0.5704924 0.405789 0.4540168 0.415809 0.4482227 0.5075724 0.5429749 0.5263334 0.5260536 0.557273 0.556962 0.5075724 0.5429749 0.487145 0.5578421 0.415809 0.4482227 0.5263334 0.5260536 0.5432228 0.5072637 0.5772247 0.5347683 0.5263334 0.5260536 0.5075724 0.5429749 0.4251685 0.441413 0.5432228 0.5072637 0.5580548 0.486811 0.5947471 0.5106099 0.5432228 0.5072637 0.5263334 0.5260536 0.4337651 0.4336619 0.4382142 0.4796488 0.438698 0.4799278 0.4384278 0.48061 0.5580548 0.486811 0.5432228 0.5072637 0.4415042 0.4250551 0.5706667 0.4649194 0.5809189 0.441829 0.6217645 0.4574776 0.5706667 0.4649194 0.5580548 0.486811 0.4483013 0.4156863 0.5809189 0.441829 0.588721 0.4178001 0.6309603 0.4290872 0.5809189 0.441829 0.5706667 0.4649194 0.4540816 0.4056584 0.439728 0.4803337 0.4402624 0.4804568 0.4402664 0.48122 0.588721 0.4178001 0.5809189 0.441829 0.4587824 0.3950814 0.4402624 0.4804568 0.4408019 0.4805251 0.4409006 0.4812965 0.593949 0.3930821 0.588721 0.4178001 0.4623516 0.3840708 0.5965663 0.3679538 0.5965435 0.3426898 0.6402109 0.3403775 0.4408019 0.4805251 0.4402624 0.4804568 0.4403443 0.4779469 0.5965435 0.3426898 0.593881 0.3175668 0.6370682 0.3107036 0.5965435 0.3426898 0.5965663 0.3679538 0.4659525 0.3612353 0.593881 0.3175668 0.5886075 0.2928596 0.6308411 0.2815204 0.593881 0.3175668 0.5965435 0.3426898 0.4659445 0.3496602 0.4423884 0.4804007 0.4428867 0.480252 0.4433529 0.4809634 0.4423884 0.4804007 0.4418709 0.4804965 0.4410823 0.4779757 0.5807805 0.268839 0.5704856 0.2457679 0.6094398 0.225896 0.5807805 0.268839 0.5886075 0.2928596 0.4623127 0.3268298 0.4433602 0.4800524 0.4438036 0.4798042 0.4444316 0.4804345 0.5704856 0.2457679 0.5807805 0.268839 0.4587285 0.315824 0.5578358 0.2238991 0.5429692 0.2034725 0.5769409 0.1759359 0.5578358 0.2238991 0.5704856 0.2457679 0.4540134 0.3052533 0.5769409 0.1759359 0.5429692 0.2034725 0.526049 0.1847115 0.4442119 0.47951 0.4438036 0.4798042 0.4419695 0.4776636 0.5882238 0.1668449 0.5769409 0.1759359 0.5569565 0.1537747 0.5944995 0.2000644 0.5769409 0.1759359 0.5882238 0.1668449 0.6094398 0.225896 0.5944995 0.2000644 0.6066706 0.1922026 0.6215979 0.2531476 0.6094398 0.225896 0.6223657 0.2193495 0.6308411 0.2815204 0.6215979 0.2531476 0.6351373 0.2479881 0.6370682 0.3107036 0.6308411 0.2815204 0.6448454 0.2778043 0.6402109 0.3403775 0.6370682 0.3107036 0.6513839 0.3084716 0.6402352 0.3702169 0.6402109 0.3403775 0.6546815 0.3396538 0.6371408 0.399895 0.6402352 0.3702169 0.6547021 0.3710095 0.6309603 0.4290872 0.6371408 0.399895 0.6514457 0.4021952 0.6217645 0.4574776 0.6309603 0.4290872 0.6449477 0.4328703 0.4384278 0.48061 0.4390228 0.4808754 0.4389628 0.4811104 0.5947471 0.5106099 0.6096478 0.4847517 0.6225438 0.491361 0.5772247 0.5347683 0.5947471 0.5106099 0.6068813 0.5185313 0.557273 0.556962 0.5772247 0.5347683 0.5884642 0.5439148 0.5351107 0.576948 0.557273 0.556962 0.5674946 0.5672332 0.4359801 0.4784732 0.43638 0.4789944 0.436192 0.4791426 0.4916948 0.6223753 0.485148 0.6094484 0.510981 0.5945076 0.4630547 0.6351472 0.457895 0.621607 0.485148 0.6094484 0.4332367 0.6448554 0.4295206 0.6308502 0.457895 0.621607 0.4347054 0.4760982 0.4349586 0.4760904 0.4351213 0.4767175 0.4346039 0.4754308 0.4348607 0.4754542 0.4349586 0.4760904 0.3400244 0.6547095 0.340818 0.6402415 0.3706597 0.6402187 0.4346072 0.4740979 0.4348617 0.4741837 0.4348285 0.4748162 0.434711 0.4734478 0.4349596 0.4735642 0.4348617 0.4741837 0.2483295 0.6352776 0.2535551 0.6217629 0.2819432 0.6309627 0.2196746 0.6225406 0.2262841 0.6096462 0.2535551 0.6217629 0.1925079 0.6068782 0.2004291 0.5947453 0.2262841 0.6096462 0.1671273 0.5884619 0.1762733 0.5772235 0.2004291 0.5947453 0.1438106 0.5674936 0.1540813 0.5572727 0.1762733 0.5772235 0.1228136 0.5442028 0.1340963 0.5351115 0.1540813 0.5572727 0.1165372 0.5109827 0.1340963 0.5351115 0.1228136 0.5442028 0.1015964 0.4851508 0.1165372 0.5109827 0.104366 0.5188449 0.0894376 0.4578984 0.1015964 0.4851508 0.08866995 0.4916976 0.08019411 0.4295246 0.0894376 0.4578984 0.07589775 0.4630582 0.07396697 0.4003399 0.08019411 0.4295246 0.06618899 0.4332408 0.07082474 0.3706642 0.07396697 0.4003399 0.0596503 0.4025719 0.07080161 0.3408226 0.07082474 0.3706642 0.05635303 0.3713875 0.07389789 0.311142 0.07080161 0.3408226 0.0563336 0.3400291 0.08007967 0.2819476 0.07389789 0.311142 0.05959206 0.3088405 0.08927935 0.2535593 0.08007967 0.2819476 0.06609266 0.2781634 0.1013958 0.2262881 0.08927935 0.2535593 0.07576453 0.2483339 0.1162967 0.200433 0.1013958 0.2262881 0.08850127 0.2196786 0.1338185 0.176277 0.1162967 0.200433 0.1041637 0.1925118 0.1537693 0.1540848 0.1338185 0.176277 0.1225799 0.1671309 0.1668393 0.1228169 0.1759305 0.1340997 0.1537693 0.1540848 0.1921973 0.1043693 0.2000595 0.1165404 0.1759305 0.1340997 0.2193448 0.08867317 0.2258917 0.1015997 0.2000595 0.1165404 0.2479843 0.07590097 0.253144 0.08944088 0.2258917 0.1015997 0.2778021 0.06619232 0.2815182 0.08019745 0.253144 0.08944088 0.3084711 0.05965369 0.3107029 0.07397043 0.2815182 0.08019745 0.3396555 0.05635666 0.3403788 0.07082837 0.3107029 0.07397043 0.4470822 0.4759306 0.4467611 0.4759401 0.4467071 0.475328 0.4022026 0.05959618 0.3999012 0.07390207 0.3702206 0.07080549 0.4328796 0.06609725 0.4290953 0.08008414 0.3999012 0.07390207 0.4627091 0.0757693 0.4574834 0.08928394 0.4290953 0.08008414 0.491364 0.08850651 0.4847544 0.1014008 0.4574834 0.08928394 0.5185306 0.104169 0.5106093 0.1163018 0.4847544 0.1014008 0.5439109 0.1225856 0.5347648 0.1338238 0.5106093 0.1163018 0.567227 0.1435542 0.5569565 0.1537747 0.5347648 0.1338238 0.5324129 0.08296537 0.5599333 0.1029495 0.5513852 0.1134255 0.5599333 0.1029495 0.5852138 0.1257006 0.5756178 0.1352255 0.597439 0.159439 0.6079739 0.1509729 0.6279762 0.1784791 0.6166095 0.1858006 0.6279762 0.1784791 0.6449891 0.2079282 0.6329193 0.2140216 0.6449891 0.2079282 0.6588302 0.2389938 0.6461899 0.2437924 0.6588302 0.2389938 0.6693482 0.271336 0.6562759 0.274787 0.6693482 0.271336 0.6764289 0.3045995 0.663067 0.3066654 0.6764289 0.3045995 0.6799935 0.3384199 0.6664891 0.3390785 0.6799935 0.3384199 0.6800034 0.3724279 0.6665049 0.3716713 0.6800034 0.3724279 0.6764609 0.4062502 0.6631149 0.4040868 0.6764609 0.4062502 0.6694034 0.4395179 0.6563563 0.4359712 0.6694034 0.4395179 0.6589086 0.4718696 0.6463025 0.4669788 0.6589086 0.4718696 0.6450858 0.5029498 0.6330595 0.496767 0.6450858 0.5029498 0.6280876 0.5324135 0.6280876 0.5324135 0.6081021 0.5599386 0.5976253 0.5513894 0.6081021 0.5599386 0.5853496 0.5852213 0.5758237 0.5756245 0.5853496 0.5852213 0.5600786 0.6079874 0.5516087 0.5974473 0.5600786 0.6079874 0.5325677 0.6279864 0.5252455 0.6166188 0.5325677 0.6279864 0.5031163 0.6450001 0.4970231 0.6329294 0.5031163 0.6450001 0.4720492 0.6588419 0.4672505 0.6462005 0.4720492 0.6588419 0.4397046 0.6693605 0.436254 0.6562867 0.4397046 0.6693605 0.4064388 0.6764401 0.4043734 0.6630777 0.4064388 0.6764401 0.3726148 0.6800042 0.3719576 0.6664991 0.3726148 0.6800042 0.3386045 0.680014 0.3393618 0.6665135 0.3386045 0.680014 0.304778 0.6764672 0.3069431 0.6631207 0.304778 0.6764672 0.2715085 0.6694054 0.2750566 0.6563578 0.2715085 0.6694054 0.2391595 0.6589038 0.2440517 0.6462991 0.2391595 0.6589038 0.2080848 0.6450795 0.2142681 0.6330546 0.2080848 0.6450795 0.178626 0.6280817 0.1860322 0.6167694 0.178626 0.6280817 0.1511054 0.6080979 0.1596531 0.5976221 0.1511054 0.6080979 0.1258236 0.5853476 0.1354199 0.5758223 0.1258236 0.5853476 0.1030546 0.5600827 0.1135982 0.5516089 0.1135982 0.5516089 0.1030546 0.5600827 0.08305948 0.5325698 0.09442692 0.5252472 0.08305948 0.5325698 0.06604611 0.5031197 0.07811611 0.4970259 0.06604611 0.5031197 0.05220407 0.4720532 0.06484478 0.4672543 0.05220407 0.4720532 0.04168468 0.4397096 0.05475801 0.4362584 0.04168468 0.4397096 0.03460395 0.4064441 0.04796642 0.4043781 0.03460395 0.4064441 0.03103929 0.3726201 0.04454445 0.3719625 0.03103929 0.3726201 0.03102988 0.3386093 0.04452955 0.3393666 0.03102988 0.3386093 0.03457468 0.3047826 0.04792195 0.3069478 0.03457468 0.3047826 0.04163718 0.2715138 0.05468434 0.2750613 0.04163718 0.2715138 0.05213803 0.239164 0.06474298 0.2440562 0.05213803 0.239164 0.06596231 0.2080896 0.07798725 0.2142723 0.06596231 0.2080896 0.08295977 0.1786298 0.09427231 0.1860361 0.08295977 0.1786298 0.1029431 0.1511091 0.1134197 0.1596567 0.1029431 0.1511091 0.1256941 0.125827 0.1352195 0.1354234 0.1256941 0.125827 0.1509627 0.1030625 0.1594331 0.1136015 0.1509627 0.1030625 0.1784731 0.08306306 0.185795 0.09443002 0.1784731 0.08306306 0.2079222 0.06604951 0.2140166 0.07811921 0.2079222 0.06604951 0.2389897 0.05220705 0.2389897 0.05220705 0.2713332 0.0416876 0.2747845 0.05476123 0.2713332 0.0416876 0.3045997 0.03460741 0.306665 0.04796969 0.3045997 0.03460741 0.338423 0.03104317 0.3390808 0.04454803 0.338423 0.03104317 0.3724344 0.03103357 0.3716766 0.04453337 0.3724344 0.03103357 0.4062604 0.03457963 0.4040955 0.047926 0.4062604 0.03457963 0.4395304 0.04164165 0.4359821 0.05468899 0.4395304 0.04164165 0.4718793 0.05214262 0.4669869 0.06474775 0.4718793 0.05214262 0.5029536 0.06596767 0.4967706 0.07799255 0.5029536 0.06596767 0.5324129 0.08296537 0.5250064 0.09427785 0.5852138 0.1257006 0.6079739 0.1509729 0.597439 0.159439 0.1328154 0.6120374 0.1325157 0.6128575 0.1329805 0.6128351 0.1999444 0.5468465 0.200516 0.5508359 0.1931968 0.5509316 0.1926083 0.5470055 0.1931968 0.5509316 0.1862661 0.5509997 0.1787189 0.5473153 0.1795107 0.5510409 0.1728739 0.551064 0.1661466 0.5475952 0.1667313 0.5510767 0.1609611 0.5510718 0.1721628 0.5474601 0.1728739 0.551064 0.1667313 0.5510767 0.1476008 0.5509096 0.1449961 0.5507686 0.1453804 0.5480374 0.2359343 0.5502336 0.2289774 0.5503607 0.2288542 0.5462368 0.1436666 0.5480784 0.1453804 0.5480374 0.1449961 0.5507686 0.2428562 0.550109 0.2359343 0.5502336 0.2360341 0.5460897 0.1606245 0.5477151 0.1609611 0.5510718 0.1558657 0.5510385 0.151359 0.5509946 0.1476008 0.5509096 0.1478764 0.5479807 0.2288542 0.5462368 0.2289774 0.5503607 0.2217763 0.5504907 0.185549 0.5471627 0.1862661 0.5509997 0.1795107 0.5510409 0.155735 0.5478134 0.1558657 0.5510385 0.151359 0.5509946 0.2143974 0.546539 0.2147372 0.5506126 0.2075496 0.5507297 0.2215728 0.5463881 0.2217763 0.5504907 0.2147372 0.5506126 0.248911 0.5499935 0.2428562 0.550109 0.2432337 0.5459387 0.142478 0.5481094 0.1436666 0.5480784 0.1432649 0.5506195 0.1401998 0.5579191 0.1399887 0.5578934 0.1411579 0.5503456 0.2621016 0.5450561 0.259741 0.5442703 0.2606979 0.5434466 0.1383585 0.6110479 0.135981 0.6112072 0.1360458 0.6106067 0.1418145 0.6106708 0.1383585 0.6110479 0.1384193 0.6104456 0.1462675 0.6100777 0.1418145 0.6106708 0.1418714 0.6100672 0.1513388 0.6093925 0.1462675 0.6100777 0.1463237 0.6094737 0.1578881 0.6084752 0.1513388 0.6093925 0.1513885 0.6087873 0.1644468 0.6075376 0.1578881 0.6084752 0.1579253 0.607868 0.1710107 0.6065754 0.1644468 0.6075376 0.164476 0.6069294 0.1775729 0.6055936 0.1710107 0.6065754 0.1710372 0.6059668 0.1841276 0.6045965 0.1775729 0.6055936 0.177601 0.604985 0.1906714 0.6035866 0.1841276 0.6045965 0.1841605 0.6039884 0.1972011 0.6025648 0.1906714 0.6035866 0.1907106 0.6029788 0.2037147 0.6015332 0.1972011 0.6025648 0.1972473 0.6019576 0.2102122 0.6004958 0.2037147 0.6015332 0.2037681 0.6009269 0.2166956 0.5994566 0.2102122 0.6004958 0.210273 0.5998905 0.2231675 0.5984182 0.2166956 0.5994566 0.2167639 0.5988521 0.2296299 0.5973827 0.2231675 0.5984182 0.2232436 0.597815 0.2543579 0.550801 0.2515879 0.5499425 0.2542144 0.5456902 0.2385529 0.5734063 0.2328453 0.5739832 0.2341713 0.5639657 0.2328453 0.5739832 0.2261313 0.5745854 0.2273526 0.5643771 0.2261313 0.5745854 0.2194234 0.5751913 0.220516 0.5647888 0.2194234 0.5751913 0.2126853 0.5757931 0.213666 0.5651978 0.2126853 0.5757931 0.2059444 0.5763913 0.2067998 0.5656022 0.2059444 0.5763913 0.1991667 0.5769836 0.1999135 0.5660007 0.1991667 0.5769836 0.1923995 0.5775648 0.1930119 0.5663887 0.1923995 0.5775648 0.1856018 0.5781322 0.1861246 0.566758 0.1856018 0.5781322 0.1788533 0.5786778 0.1793193 0.5671026 0.1788533 0.5786778 0.1722439 0.579199 0.1726957 0.5674235 0.1722439 0.579199 0.1658231 0.5796952 0.166356 0.5677222 0.1658231 0.5796952 0.159668 0.5801572 0.1603761 0.5679904 0.159668 0.5801572 0.1537626 0.5805804 0.1547703 0.56822 0.1537626 0.5805804 0.1489819 0.5809084 0.1500809 0.5683916 0.1489819 0.5809084 0.1446418 0.5811657 0.145888 0.5685142 0.1446418 0.5811657 0.1414421 0.5812888 0.1428691 0.5685343 0.1414421 0.5812888 0.1393166 0.5812998 0.1408911 0.5684778 0.1350252 0.5959376 0.1348165 0.5959315 0.1366829 0.5811977 0.1428691 0.5685343 0.1408911 0.5684778 0.1422285 0.5581222 0.145888 0.5685142 0.1428691 0.5685343 0.1440691 0.5582334 0.1500809 0.5683916 0.145888 0.5685142 0.1468997 0.5582996 0.1547703 0.56822 0.1500809 0.5683916 0.1509131 0.5582932 0.1603761 0.5679904 0.1547703 0.56822 0.1555334 0.5582414 0.166356 0.5677222 0.1603761 0.5679904 0.1608784 0.5581584 0.1726957 0.5674235 0.166356 0.5677222 0.1667208 0.5580409 0.1793193 0.5671026 0.1726957 0.5674235 0.1729782 0.5578995 0.1861246 0.566758 0.1793193 0.5671026 0.1796104 0.5577425 0.1930119 0.5663887 0.1861246 0.566758 0.1864366 0.557564 0.1999135 0.5660007 0.1930119 0.5663887 0.1933801 0.5573589 0.2067998 0.5656022 0.1999135 0.5660007 0.2004309 0.5571325 0.213666 0.5651978 0.2067998 0.5656022 0.2074033 0.5568943 0.220516 0.5647888 0.213666 0.5651978 0.2143967 0.5566481 0.2273526 0.5643771 0.220516 0.5647888 0.2213428 0.5563969 0.2341713 0.5639657 0.2273526 0.5643771 0.2283177 0.5561395 0.240152 0.5635747 0.2341713 0.5639657 0.2352197 0.555884 0.236083 0.5963498 0.2296299 0.5973827 0.2297136 0.5967808 0.1368936 0.5812095 0.1366829 0.5811977 0.1384599 0.5683061 0.240592 0.5956289 0.236083 0.5963498 0.2361747 0.5957497 0.2423306 0.5730575 0.2385529 0.5734063 0.240152 0.5635747 0.2370787 0.5846919 0.2312897 0.5854578 0.2328453 0.5739832 0.2312897 0.5854578 0.2246977 0.5862748 0.2261313 0.5745854 0.2246977 0.5862748 0.218093 0.5870937 0.2194234 0.5751913 0.218093 0.5870937 0.211476 0.5879124 0.2126853 0.5757931 0.211476 0.5879124 0.2048436 0.5887284 0.2059444 0.5763913 0.2048436 0.5887284 0.1981931 0.5895391 0.1991667 0.5769836 0.1981931 0.5895391 0.1915261 0.5903405 0.1923995 0.5775648 0.1915261 0.5903405 0.1848545 0.5911278 0.1856018 0.5781322 0.1848545 0.5911278 0.1782054 0.5918965 0.1788533 0.5786778 0.1782054 0.5918965 0.1716164 0.5926443 0.1722439 0.579199 0.1716164 0.5926443 0.1651265 0.5933673 0.1658231 0.5796952 0.1651265 0.5933673 0.1587669 0.5940582 0.159668 0.5801572 0.1587669 0.5940582 0.1525459 0.5947163 0.1537626 0.5805804 0.1525459 0.5947163 0.1476473 0.5952264 0.1489819 0.5809084 0.1476473 0.5952264 0.1432305 0.5956415 0.1446418 0.5811657 0.1432305 0.5956415 0.1398887 0.595887 0.1414421 0.5812888 0.1398887 0.595887 0.1376243 0.595972 0.1393166 0.5812998 0.2440834 0.5633414 0.240152 0.5635747 0.241803 0.5556094 0.1440691 0.5582334 0.1422285 0.5581222 0.1432649 0.5506195 0.1386714 0.5683244 0.1384599 0.5683061 0.1399887 0.5578934 0.2410564 0.5841895 0.2370787 0.5846919 0.2385529 0.5734063 0.145931 0.6109867 0.1510075 0.6103291 0.1506769 0.611264 0.229435 0.5987003 0.2359067 0.5976957 0.2357301 0.5990422 0.1575642 0.6094475 0.1641308 0.608545 0.1638152 0.6095485 0.1510075 0.6103291 0.1575642 0.6094475 0.157241 0.6104172 0.1707032 0.6076171 0.1772744 0.6066684 0.1769755 0.6077412 0.1641308 0.608545 0.1707032 0.6076171 0.1703954 0.6086556 0.1838389 0.605704 0.1903931 0.604726 0.190114 0.6058635 0.1772744 0.6066684 0.1838389 0.605704 0.1835495 0.6068096 0.1969341 0.6037352 0.2034599 0.602734 0.2032049 0.6039353 0.1903931 0.604726 0.1969341 0.6037352 0.1966662 0.6049044 0.2099705 0.6017265 0.2164681 0.6007165 0.2162407 0.601977 0.2034599 0.602734 0.2099705 0.6017265 0.2097287 0.6029576 0.2229557 0.5997073 0.229435 0.5987003 0.22924 0.6000183 0.2164681 0.6007165 0.2229557 0.5997073 0.2227438 0.6009966 0.240615 0.5989066 0.2432898 0.5985044 0.2423484 0.631866 0.1336907 0.61349 0.1351385 0.6134986 0.1349999 0.6199618 0.2292342 0.6006204 0.2357233 0.5996438 0.2349678 0.6320657 0.1457218 0.631433 0.1457372 0.63336 0.1448209 0.6333391 0.1572435 0.6110208 0.1638174 0.6101524 0.1638926 0.6334832 0.1703967 0.6092594 0.176976 0.6083447 0.1769889 0.6333937 0.1638174 0.6101524 0.1703967 0.6092594 0.1704428 0.6334557 0.1835494 0.6074132 0.1901131 0.606467 0.1900492 0.6331883 0.176976 0.6083447 0.1835494 0.6074132 0.1835255 0.6333036 0.1966643 0.6055074 0.2032027 0.604539 0.2030718 0.6329441 0.1901131 0.606467 0.1966643 0.6055074 0.1965574 0.6330497 0.2097256 0.6035609 0.2162367 0.6025798 0.2160063 0.6325908 0.1401532 0.6199749 0.1419727 0.6199401 0.1410164 0.6267598 0.2032027 0.604539 0.2097256 0.6035609 0.2095472 0.6327708 0.1331819 0.6106205 0.1331151 0.6112176 0.1335799 0.6111952 0.1422285 0.5581222 0.1409994 0.5580127 0.1420862 0.5504845 0.1408911 0.5684778 0.1395587 0.5684009 0.1409994 0.5580127 0.1333783 0.6106325 0.1331728 0.6106317 0.1348165 0.5959315 0.1393166 0.5812998 0.1378688 0.5812638 0.1395587 0.5684009 0.2227388 0.601599 0.2292342 0.6006204 0.2288892 0.6322318 0.1376243 0.595972 0.1360653 0.5959734 0.1378688 0.5812638 0.2406132 0.5969668 0.2432855 0.5965525 0.2433091 0.5979031 0.1336998 0.6128908 0.1351856 0.6129051 0.1351385 0.6134986 0.2571533 0.5516675 0.2543579 0.550801 0.2569117 0.5468663 0.2515862 0.573814 0.2520868 0.5738907 0.250782 0.5848357 0.2530775 0.5649455 0.2535694 0.5650835 0.2520868 0.5738907 0.2396864 0.6319379 0.2349678 0.6320657 0.2357233 0.5996438 0.2490091 0.5968311 0.2495819 0.5968604 0.249557 0.5974624 0.254305 0.5434017 0.2569598 0.5433448 0.2542144 0.5456902 0.1419909 0.5469035 0.1426898 0.5467692 0.1425732 0.5475066 0.1343504 0.6112445 0.135981 0.6112072 0.1355635 0.6120627 0.2461408 0.5980314 0.2489631 0.5975611 0.2477962 0.6321218 0.1327196 0.6128727 0.1336998 0.6128908 0.1336907 0.61349 0.1325089 0.6134575 0.1325713 0.6134954 0.1323758 0.6197196 0.1333112 0.6112301 0.1343504 0.6112445 0.1340184 0.6120691 0.1417915 0.5469462 0.1419909 0.5469035 0.1418551 0.5476331 0.1395587 0.5684009 0.1386714 0.5683244 0.1401998 0.5579191 0.1360458 0.6106067 0.1344176 0.6106458 0.1360653 0.5959734 0.1378688 0.5812638 0.1368936 0.5812095 0.1386714 0.5683244 0.1360653 0.5959734 0.1350252 0.5959376 0.1368936 0.5812095 0.1409994 0.5580127 0.1401998 0.5579191 0.1413663 0.5503792 0.1366975 0.581135 0.1366829 0.5811977 0.1348165 0.5959315 0.1417853 0.5470613 0.1417915 0.5469462 0.1416497 0.5476731 0.1344176 0.6106458 0.1333783 0.6106325 0.1350252 0.5959376 0.1411638 0.5503561 0.1411579 0.5503456 0.1399887 0.5578934 0.138473 0.5682561 0.1384599 0.5683061 0.1366829 0.5811977 0.1326099 0.6129196 0.1327196 0.6128727 0.1327151 0.6134726 0.1399992 0.5578665 0.1399887 0.5578934 0.1384599 0.5683061 0.1327151 0.6134726 0.1336907 0.61349 0.1335334 0.6198185 0.1331059 0.611229 0.1333112 0.6112301 0.1330167 0.6120511 0.1416329 0.550342 0.1404678 0.5578514 0.143057 0.5577678 0.1389411 0.5682396 0.1371645 0.5811167 0.139745 0.5810157 0.1325157 0.6128575 0.1326099 0.6129196 0.1325713 0.6134954 0.1404678 0.5578514 0.1389411 0.5682396 0.1415266 0.5681483 0.1329168 0.6292666 0.1329067 0.6320629 0.135464 0.6319243 0.1328154 0.6120374 0.1331151 0.6112176 0.1331059 0.611229 0.1371645 0.5811167 0.1352965 0.5958554 0.1378706 0.5957433 0.1420278 0.5481894 0.1416329 0.550342 0.1442243 0.5502641 0.1348305 0.5958756 0.1348165 0.5959315 0.1331728 0.6106317 0.1336466 0.6105982 0.1335799 0.6111952 0.1361467 0.6110719 0.1415587 0.5482031 0.1411638 0.5503561 0.1416329 0.550342 0.1366975 0.581135 0.1348305 0.5958756 0.1352965 0.5958554 0.1332802 0.612015 0.1329805 0.6128351 0.1355488 0.6127105 0.1399992 0.5578665 0.138473 0.5682561 0.1389411 0.5682396 0.138473 0.5682561 0.1366975 0.581135 0.1371645 0.5811167 0.1411638 0.5503561 0.1399992 0.5578665 0.1404678 0.5578514 0.1416412 0.547787 0.1415587 0.5482031 0.1420278 0.5481894 0.1421236 0.5476891 0.1420278 0.5481894 0.1446192 0.5481131 0.1415587 0.5482031 0.1415591 0.5481381 0.1411579 0.5503456 0.1415591 0.5481381 0.1417621 0.5481321 0.1413663 0.5503792 0.1417621 0.5481321 0.142478 0.5481094 0.1420862 0.5504845 0.1425732 0.5475066 0.1437849 0.5473239 0.1436666 0.5480784 0.1555867 0.5464516 0.155735 0.5478134 0.1514253 0.5478995 0.185059 0.5451712 0.185549 0.5471627 0.1787189 0.5473153 0.2286643 0.5439714 0.2288542 0.5462368 0.2215728 0.5463881 0.1479509 0.5469013 0.1513941 0.5466713 0.1514253 0.5478995 0.1603561 0.5462116 0.1606245 0.5477151 0.155735 0.5478134 0.1455026 0.5471168 0.1479509 0.5469013 0.1478764 0.5479807 0.2068523 0.5445153 0.207133 0.5466923 0.1999444 0.5468465 0.2359622 0.5438061 0.2360341 0.5460897 0.2288542 0.5462368 0.1437849 0.5473239 0.1455026 0.5471168 0.1453804 0.5480374 0.1716391 0.5456825 0.1721628 0.5474601 0.1661466 0.5475952 0.1657036 0.5459459 0.1661466 0.5475952 0.1606245 0.5477151 0.1922222 0.5449364 0.1926083 0.5470055 0.185549 0.5471627 0.1781551 0.5454173 0.1787189 0.5473153 0.1721628 0.5474601 0.1995714 0.5447142 0.1999444 0.5468465 0.1926083 0.5470055 0.2213702 0.5441449 0.2215728 0.5463881 0.2143974 0.546539 0.2141398 0.5443255 0.2143974 0.546539 0.207133 0.5466923 0.2359622 0.5438061 0.2433326 0.5436374 0.2432337 0.5459387 0.254957 0.5576676 0.255434 0.5578612 0.2535694 0.5650835 0.2359343 0.5502336 0.2428562 0.550109 0.241803 0.5556094 0.2217763 0.5504907 0.2289774 0.5503607 0.2283177 0.5561395 0.2075496 0.5507297 0.2147372 0.5506126 0.2143967 0.5566481 0.1931968 0.5509316 0.200516 0.5508359 0.2004309 0.5571325 0.1862661 0.5509997 0.1864366 0.557564 0.1796104 0.5577425 0.1667313 0.5510767 0.1728739 0.551064 0.1729782 0.5578995 0.1558657 0.5510385 0.1609611 0.5510718 0.1608784 0.5581584 0.1476008 0.5509096 0.151359 0.5509946 0.1509131 0.5582932 0.248911 0.5499935 0.2515879 0.5499425 0.2492294 0.5553401 0.2289774 0.5503607 0.2359343 0.5502336 0.2352197 0.555884 0.2147372 0.5506126 0.2217763 0.5504907 0.2213428 0.5563969 0.200516 0.5508359 0.2075496 0.5507297 0.2074033 0.5568943 0.1931968 0.5509316 0.1933801 0.5573589 0.1864366 0.557564 0.1795107 0.5510409 0.1796104 0.5577425 0.1729782 0.5578995 0.1609611 0.5510718 0.1667313 0.5510767 0.1667208 0.5580409 0.151359 0.5509946 0.1558657 0.5510385 0.1555334 0.5582414 0.1449961 0.5507686 0.1476008 0.5509096 0.1468997 0.5582996 0.207133 0.5466923 0.2075496 0.5507297 0.200516 0.5508359 0.2359385 0.5430517 0.2433649 0.5428876 0.2433326 0.5436374 0.2140522 0.5435727 0.2141398 0.5443255 0.2068523 0.5445153 0.2213022 0.5433903 0.2213702 0.5441449 0.2141398 0.5443255 0.1994411 0.5439687 0.1995714 0.5447142 0.1922222 0.5449364 0.177942 0.5447003 0.1781551 0.5454173 0.1716391 0.5456825 0.1920835 0.5441925 0.1922222 0.5449364 0.185059 0.5451712 0.1655094 0.5452224 0.1657036 0.5459459 0.1603561 0.5462116 0.1714277 0.5449652 0.1716391 0.5456825 0.1657036 0.5459459 0.1439009 0.5465834 0.1456014 0.5463718 0.1455026 0.5471168 0.2359385 0.5430517 0.2359622 0.5438061 0.2286643 0.5439714 0.2067552 0.5437632 0.2068523 0.5445153 0.1995714 0.5447142 0.1456014 0.5463718 0.1480029 0.5461472 0.1479509 0.5469013 0.1602236 0.5454686 0.1603561 0.5462116 0.1555867 0.5464516 0.1480029 0.5461472 0.1513748 0.5459116 0.1513941 0.5466713 0.2286012 0.5432178 0.2286643 0.5439714 0.2213702 0.5441449 0.1848793 0.5444405 0.185059 0.5451712 0.1781551 0.5454173 0.1555047 0.5456977 0.1555867 0.5464516 0.1513941 0.5466713 0.1426898 0.5467692 0.1439009 0.5465834 0.1437849 0.5473239 0.1422636 0.5469594 0.1421236 0.5476891 0.144715 0.5476133 0.1417853 0.5470613 0.1416412 0.547787 0.1421236 0.5476891 0.1416412 0.547787 0.1416497 0.5476731 0.1415591 0.5481381 0.1416497 0.5476731 0.1418551 0.5476331 0.1417621 0.5481321 0.1418551 0.5476331 0.1425732 0.5475066 0.142478 0.5481094 0.2549303 0.542687 0.257581 0.5426411 0.2569598 0.5433448 0.2606979 0.5434466 0.2569598 0.5433448 0.257581 0.5426411 0.2569117 0.5468663 0.2542144 0.5456902 0.2569598 0.5433448 0.1456014 0.5463718 0.1439009 0.5465834 0.1443067 0.5465477 0.1714277 0.5449652 0.1655094 0.5452224 0.165894 0.5451832 0.1439009 0.5465834 0.1426898 0.5467692 0.143096 0.5467336 0.1655094 0.5452224 0.1602236 0.5454686 0.1606146 0.5454304 0.1920835 0.5441925 0.1848793 0.5444405 0.1852336 0.5443971 0.177942 0.5447003 0.1714277 0.5449652 0.1718043 0.5449249 0.2213022 0.5433903 0.2140522 0.5435727 0.2143237 0.5435198 0.1994411 0.5439687 0.1920835 0.5441925 0.1924226 0.5441471 0.1848793 0.5444405 0.177942 0.5447003 0.1783087 0.5446586 0.2140522 0.5435727 0.2067552 0.5437632 0.2070537 0.5437129 0.1555047 0.5456977 0.1513748 0.5459116 0.1517751 0.5458748 0.1602236 0.5454686 0.1555047 0.5456977 0.1559008 0.5456604 0.2286012 0.5432178 0.2213022 0.5433903 0.2215406 0.5433345 0.1513748 0.5459116 0.1480029 0.5461472 0.148406 0.5461111 0.2067552 0.5437632 0.1994411 0.5439687 0.1997618 0.5439211 0.2433649 0.5428876 0.2359385 0.5430517 0.2360854 0.5429891 0.2549303 0.542687 0.2433649 0.5428876 0.2434495 0.5428223 0.1480029 0.5461472 0.1456014 0.5463718 0.1460062 0.546336 0.257581 0.5426411 0.2575169 0.5425732 0.2612348 0.5428275 0.2359385 0.5430517 0.2286012 0.5432178 0.2287988 0.5431586 0.257581 0.5426411 0.2549303 0.542687 0.2548699 0.5426201 0.2433649 0.5428876 0.2549303 0.542687 0.254305 0.5434017 0.2428562 0.550109 0.248911 0.5499935 0.2464864 0.5554389 0.1329513 0.6196615 0.1329737 0.6134349 0.1325089 0.6134575 0.2433326 0.5436374 0.254305 0.5434017 0.2515513 0.5457506 0.2359067 0.5976957 0.2406132 0.5969668 0.2406345 0.5983051 0.2437876 0.5838545 0.2410564 0.5841895 0.2423306 0.5730575 0.2467948 0.5631852 0.2440834 0.5633414 0.2464864 0.5554389 0.2450759 0.5728156 0.2423306 0.5730575 0.2440834 0.5633414 0.2432621 0.5952021 0.240592 0.5956289 0.2406166 0.5950211 0.2515879 0.5499425 0.248911 0.5499935 0.2515513 0.5457506 0.2637894 0.543638 0.2606979 0.5434466 0.261339 0.5428949 0.261339 0.5428949 0.2612348 0.5428275 0.2642905 0.5430364 0.2460872 0.5953277 0.2460601 0.5959364 0.2432621 0.5952021 0.2450759 0.5728156 0.247969 0.5732593 0.246685 0.584261 0.2467948 0.5631852 0.2496019 0.5639718 0.247969 0.5732593 0.2492294 0.5553401 0.2519767 0.5564565 0.2496019 0.5639718 0.2515879 0.5499425 0.2543579 0.550801 0.2519767 0.5564565 0.2571533 0.5516675 0.2576413 0.5518187 0.255434 0.5578612 0.2433091 0.5979031 0.2461589 0.5974294 0.2461408 0.5980314 0.2432898 0.5985044 0.2461408 0.5980314 0.2452039 0.6320001 0.2461094 0.5966829 0.2461589 0.5974294 0.2433091 0.5979031 0.2496334 0.5962538 0.2495819 0.5968604 0.2490091 0.5968311 0.2594872 0.5479894 0.2569117 0.5468663 0.259741 0.5442703 0.250782 0.5848357 0.2496334 0.5962538 0.2490795 0.5961091 0.246685 0.584261 0.2460872 0.5953277 0.2432873 0.5945941 0.2432873 0.5945941 0.2406166 0.5950211 0.2410564 0.5841895 0.1352965 0.5958554 0.1336466 0.6105982 0.1362138 0.6104754 0.1331819 0.6106205 0.1331728 0.6106317 0.1331059 0.611229 0.1343504 0.6112445 0.1333112 0.6112301 0.1333783 0.6106325 0.135981 0.6112072 0.1343504 0.6112445 0.1344176 0.6106458 0.1333112 0.6112301 0.1331059 0.611229 0.1331728 0.6106317 0.1348305 0.5958756 0.1331819 0.6106205 0.1336466 0.6105982 0.2406166 0.5950211 0.2361747 0.5957497 0.2370787 0.5846919 0.2361747 0.5957497 0.2297136 0.5967808 0.2312897 0.5854578 0.2297136 0.5967808 0.2232436 0.597815 0.2246977 0.5862748 0.2232436 0.597815 0.2167639 0.5988521 0.218093 0.5870937 0.2167639 0.5988521 0.210273 0.5998905 0.211476 0.5879124 0.210273 0.5998905 0.2037681 0.6009269 0.2048436 0.5887284 0.2037681 0.6009269 0.1972473 0.6019576 0.1981931 0.5895391 0.1972473 0.6019576 0.1907106 0.6029788 0.1915261 0.5903405 0.1907106 0.6029788 0.1841605 0.6039884 0.1848545 0.5911278 0.1841605 0.6039884 0.177601 0.604985 0.1782054 0.5918965 0.177601 0.604985 0.1710372 0.6059668 0.1716164 0.5926443 0.1710372 0.6059668 0.164476 0.6069294 0.1651265 0.5933673 0.164476 0.6069294 0.1579253 0.607868 0.1587669 0.5940582 0.1579253 0.607868 0.1513885 0.6087873 0.1525459 0.5947163 0.1513885 0.6087873 0.1463237 0.6094737 0.1476473 0.5952264 0.1463237 0.6094737 0.1418714 0.6100672 0.1432305 0.5956415 0.1418714 0.6100672 0.1384193 0.6104456 0.1398887 0.595887 0.1384193 0.6104456 0.1360458 0.6106067 0.1376243 0.595972 0.2357301 0.5990422 0.2406345 0.5983051 0.240615 0.5989066 0.1329805 0.6128351 0.1329737 0.6134349 0.1355415 0.6133098 0.2406345 0.5983051 0.2433091 0.5979031 0.2432898 0.5985044 0.1456006 0.6118848 0.1506769 0.611264 0.15068 0.6118674 0.22924 0.6000183 0.2357301 0.5990422 0.2357233 0.5996438 0.157241 0.6104172 0.1638152 0.6095485 0.1638174 0.6101524 0.1506769 0.611264 0.157241 0.6104172 0.1572435 0.6110208 0.1703954 0.6086556 0.1769755 0.6077412 0.176976 0.6083447 0.1638152 0.6095485 0.1703954 0.6086556 0.1703967 0.6092594 0.1835495 0.6068096 0.190114 0.6058635 0.1901131 0.606467 0.1769755 0.6077412 0.1835495 0.6068096 0.1835494 0.6074132 0.1966662 0.6049044 0.2032049 0.6039353 0.2032027 0.604539 0.1419711 0.6123145 0.1438059 0.6121021 0.1437962 0.6127068 0.190114 0.6058635 0.1966662 0.6049044 0.1966643 0.6055074 0.2097287 0.6029576 0.2162407 0.601977 0.2162367 0.6025798 0.1401945 0.6125082 0.1419711 0.6123145 0.1419956 0.6129146 0.2032049 0.6039353 0.2097287 0.6029576 0.2097256 0.6035609 0.2227438 0.6009966 0.22924 0.6000183 0.2292342 0.6006204 0.2162407 0.601977 0.2227438 0.6009966 0.2227388 0.601599 0.1325157 0.6128575 0.1325089 0.6134575 0.1329737 0.6134349 0.2460601 0.5959364 0.2461094 0.5966829 0.2432855 0.5965525 0.236083 0.5963498 0.240592 0.5956289 0.2406132 0.5969668 0.1335799 0.6111952 0.1332802 0.612015 0.1358478 0.6118911 0.1325157 0.6128575 0.1328154 0.6120374 0.1328062 0.6120481 0.1328062 0.6120481 0.1330167 0.6120511 0.1327196 0.6128727 0.1330167 0.6120511 0.1340184 0.6120691 0.1336998 0.6128908 0.1340184 0.6120691 0.1355635 0.6120627 0.1351856 0.6129051 0.240592 0.5956289 0.2432621 0.5952021 0.2432855 0.5965525 0.135981 0.6112072 0.1383585 0.6110479 0.1383407 0.6118724 0.2166956 0.5994566 0.2231675 0.5984182 0.2229557 0.5997073 0.2231675 0.5984182 0.2296299 0.5973827 0.229435 0.5987003 0.2037147 0.6015332 0.2102122 0.6004958 0.2099705 0.6017265 0.2102122 0.6004958 0.2166956 0.5994566 0.2164681 0.6007165 0.1906714 0.6035866 0.1972011 0.6025648 0.1969341 0.6037352 0.1972011 0.6025648 0.2037147 0.6015332 0.2034599 0.602734 0.1775729 0.6055936 0.1841276 0.6045965 0.1838389 0.605704 0.1841276 0.6045965 0.1906714 0.6035866 0.1903931 0.604726 0.1644468 0.6075376 0.1710107 0.6065754 0.1707032 0.6076171 0.1710107 0.6065754 0.1775729 0.6055936 0.1772744 0.6066684 0.1513388 0.6093925 0.1578881 0.6084752 0.1575642 0.6094475 0.1578881 0.6084752 0.1644468 0.6075376 0.1641308 0.608545 0.1418145 0.6106708 0.1462675 0.6100777 0.145931 0.6109867 0.1383585 0.6110479 0.1418145 0.6106708 0.1417801 0.6115038 0.2296299 0.5973827 0.236083 0.5963498 0.2359067 0.5976957 0.1462675 0.6100777 0.1513388 0.6093925 0.1510075 0.6103291 0.1331151 0.6112176 0.1328154 0.6120374 0.1332802 0.612015 0.259962 0.5481964 0.2610773 0.5481625 0.2587581 0.5517835 0.1325713 0.6134954 0.1327151 0.6134726 0.1325856 0.619737 0.255434 0.5578612 0.2565764 0.5578231 0.2546951 0.5650434 0.2576413 0.5518187 0.2587581 0.5517835 0.2565764 0.5578231 0.2520868 0.5738907 0.2532302 0.5738469 0.2519208 0.5847883 0.2644566 0.5436792 0.2653205 0.5436944 0.2637036 0.545186 0.2650992 0.5431489 0.2659381 0.5431246 0.2653205 0.5436944 0.2535694 0.5650835 0.2546951 0.5650434 0.2532302 0.5738469 0.2496334 0.5962538 0.250782 0.5848357 0.2519208 0.5847883 0.2587581 0.5517835 0.2585628 0.5516818 0.2563831 0.5577159 0.2532302 0.5738469 0.2530403 0.5737249 0.2517326 0.5846564 0.2546951 0.5650434 0.2545036 0.5649295 0.2530403 0.5737249 0.2489631 0.5975611 0.249557 0.5974624 0.248391 0.6321498 0.2637036 0.545186 0.2635041 0.5450907 0.2608799 0.5480643 0.2519208 0.5847883 0.2517326 0.5846564 0.2505087 0.5966673 0.2659381 0.5431246 0.2657661 0.5431253 0.2651178 0.5436886 0.2610773 0.5481625 0.2608799 0.5480643 0.2585628 0.5516818 0.2653205 0.5436944 0.2651178 0.5436886 0.2635041 0.5450907 0.2565764 0.5578231 0.2563831 0.5577159 0.2545036 0.5649295 0.2502084 0.5847552 0.2490795 0.5961091 0.2460872 0.5953277 0.259962 0.5481964 0.2594872 0.5479894 0.2621016 0.5450561 0.2490795 0.5961091 0.2490091 0.5968311 0.2460601 0.5959364 0.2543579 0.550801 0.2571533 0.5516675 0.254957 0.5576676 0.2644324 0.5431039 0.2642905 0.5430364 0.2649551 0.5430819 0.2644566 0.5436792 0.2637894 0.543638 0.2644324 0.5431039 0.2519767 0.5564565 0.254957 0.5576676 0.2530775 0.5649455 0.2496019 0.5639718 0.2530775 0.5649455 0.2515862 0.573814 0.247969 0.5732593 0.2515862 0.573814 0.2502084 0.5847552 0.2576413 0.5518187 0.2571533 0.5516675 0.2594872 0.5479894 0.2625909 0.545219 0.2621016 0.5450561 0.2637894 0.543638 0.2625909 0.545219 0.2637036 0.545186 0.2610773 0.5481625 0.2657661 0.5431253 0.2659381 0.5431246 0.2650992 0.5431489 0.249557 0.5974624 0.2506954 0.59681 0.2494956 0.6320877 0.2461589 0.5974294 0.2490091 0.5968311 0.2489631 0.5975611 0.2506954 0.59681 0.2505087 0.5966673 0.2493115 0.6319139 0.2162367 0.6025798 0.2227388 0.601599 0.2224527 0.6324101 0.1394214 0.6272425 0.1396953 0.6277717 0.1384551 0.6279416 0.140889 0.6276009 0.140943 0.6281083 0.1396953 0.6277717 0.1440048 0.6314974 0.1435303 0.6315238 0.142966 0.6300833 0.1384551 0.6279416 0.1373708 0.6285816 0.1367249 0.6281732 0.1433103 0.6298329 0.142966 0.6300833 0.1420747 0.6289036 0.1373708 0.6285816 0.136539 0.6296383 0.1357653 0.6293662 0.1360288 0.6310129 0.1358679 0.6325568 0.1350179 0.6327082 0.136539 0.6296383 0.1360288 0.6310129 0.1351879 0.6309229 0.1442512 0.6333244 0.1437261 0.6330796 0.1435303 0.6315238 0.1445484 0.6313369 0.1448209 0.6333391 0.1442512 0.6333244 0.1410164 0.6267598 0.140889 0.6276009 0.1394214 0.6272425 0.1365112 0.627364 0.1378834 0.6266519 0.1379825 0.6274445 0.1347703 0.6304897 0.1353877 0.6286741 0.1357653 0.6293662 0.1353877 0.6286741 0.1365112 0.627364 0.1367249 0.6281732 0.1378834 0.6266519 0.139415 0.6264001 0.1394214 0.6272425 0.1426634 0.6278262 0.1422339 0.6284906 0.140889 0.6276009 0.1426634 0.6278262 0.1438258 0.6294163 0.1433103 0.6298329 0.1438258 0.6294163 0.1445484 0.6313369 0.1440048 0.6314974 0.1322986 0.6246794 0.1325057 0.6247088 0.1324634 0.6293958 0.1323758 0.6197196 0.1325856 0.619737 0.1325057 0.6247088 0.1329168 0.6292666 0.1329335 0.6246107 0.13226 0.6246088 0.1329335 0.6246107 0.1329513 0.6196615 0.1323701 0.6196708 0.1329737 0.6134349 0.1329513 0.6196615 0.1355156 0.6195319 0.1329513 0.6196615 0.1329335 0.6246107 0.1354951 0.6244776 0.1325057 0.6247088 0.1334286 0.6248407 0.1333597 0.6296055 0.1325856 0.619737 0.1335334 0.6198185 0.1334286 0.6248407 0.13226 0.6246088 0.1322986 0.6246794 0.1322824 0.6293533 0.1323701 0.6196708 0.1323758 0.6197196 0.1322986 0.6246794 0.1334286 0.6248407 0.1335334 0.6198185 0.1349999 0.6199618 0.1456038 0.6124879 0.15068 0.6118674 0.1507206 0.6194874 0.1366264 0.6200168 0.1383609 0.6200107 0.1378834 0.6266519 0.140201 0.6131107 0.1419956 0.6129146 0.1419727 0.6199401 0.1367356 0.6134229 0.1384336 0.6132873 0.1383609 0.6200107 0.1351385 0.6134986 0.1367356 0.6134229 0.1366264 0.6200168 0.1384014 0.6126867 0.1401945 0.6125082 0.140201 0.6131107 0.1349999 0.6199618 0.1366264 0.6200168 0.1365112 0.627364 0.1384336 0.6132873 0.140201 0.6131107 0.1401532 0.6199749 0.1384336 0.6132873 0.1367356 0.6134229 0.136745 0.6128208 0.1351856 0.6129051 0.136745 0.6128208 0.1367356 0.6134229 0.1419956 0.6129146 0.1437962 0.6127068 0.1438047 0.6199057 0.1437962 0.6127068 0.1456038 0.6124879 0.1456446 0.6198641 0.1438059 0.6121021 0.1456006 0.6118848 0.1456038 0.6124879 0.1438047 0.6199057 0.1426634 0.6278262 0.1410164 0.6267598 0.1383609 0.6200107 0.1401532 0.6199749 0.139415 0.6264001 0.1333364 0.632375 0.1333597 0.6296055 0.1342307 0.6300076 0.1320941 0.6320428 0.1321562 0.6292545 0.1322824 0.6293533 0.1324634 0.6293958 0.1333597 0.6296055 0.1333364 0.632375 0.1329067 0.6320629 0.1329168 0.6292666 0.1321562 0.6292545 0.1322824 0.6293533 0.1324634 0.6293958 0.1324574 0.6321663 0.134568 0.6326304 0.1347703 0.6304897 0.1351879 0.6309229 0.1333597 0.6296055 0.1334286 0.6248407 0.1345714 0.6262808 0.1329335 0.6246107 0.1329168 0.6292666 0.1354756 0.6291301 0.1341091 0.6325421 0.1342307 0.6300076 0.1347703 0.6304897 0.1342307 0.6300076 0.1345714 0.6262808 0.1353877 0.6286741 0.1456446 0.6198641 0.1445484 0.6313369 0.1438258 0.6294163 0.1422339 0.6284906 0.1420747 0.6289036 0.140943 0.6281083 0.1332736 0.6515232 0.1337336 0.6514956 0.1334198 0.6508242 0.1989584 0.7132828 0.1919373 0.713472 0.1925308 0.7100343 0.1919373 0.713472 0.1851816 0.7135704 0.1858848 0.7102157 0.178645 0.7135822 0.1723701 0.7135374 0.1730438 0.7104066 0.1666114 0.7134589 0.1613249 0.713341 0.1616219 0.7104595 0.1723701 0.7135374 0.1666114 0.7134589 0.1671543 0.7104544 0.1467208 0.7121742 0.1463117 0.7098211 0.1488105 0.710114 0.2266335 0.7121269 0.2268519 0.7085785 0.2335274 0.7082571 0.1450749 0.7116488 0.1446498 0.7094587 0.1463117 0.7098211 0.2401701 0.7079418 0.2404039 0.711441 0.233509 0.7117853 0.1613249 0.713341 0.1566431 0.7131793 0.1567361 0.7103951 0.149115 0.712639 0.1488105 0.710114 0.1524148 0.7103043 0.2266335 0.7121269 0.2196617 0.712458 0.2199429 0.7089074 0.1851816 0.7135704 0.178645 0.7135822 0.1794073 0.7103328 0.1566431 0.7131793 0.1525158 0.7129911 0.1524148 0.7103043 0.2127923 0.7127609 0.2058387 0.713041 0.2062958 0.7095147 0.2196617 0.712458 0.2127923 0.7127609 0.2131902 0.7092165 0.2404039 0.711441 0.2401701 0.7079418 0.2459812 0.7076505 0.1439319 0.7111772 0.1435176 0.7091335 0.1446498 0.7094587 0.1415745 0.7021764 0.1428258 0.7088778 0.1426255 0.7087962 0.2570465 0.7125551 0.2561591 0.7120436 0.2584426 0.7116474 0.1365152 0.6542733 0.1364387 0.6536973 0.1387987 0.6544317 0.1388707 0.6550089 0.1387987 0.6544317 0.1422259 0.6552075 0.142293 0.6557863 0.1422259 0.6552075 0.1466379 0.655991 0.1467028 0.6565701 0.1466379 0.655991 0.1516578 0.6567629 0.1517148 0.6573433 0.1516578 0.6567629 0.1581352 0.657734 0.1581776 0.6583158 0.1581352 0.657734 0.1646151 0.6586599 0.1646478 0.6592419 0.1646151 0.6586599 0.1710939 0.6595286 0.1711219 0.6601102 0.1710939 0.6595286 0.1775646 0.6603474 0.1775922 0.6609286 0.1775646 0.6603474 0.184022 0.661126 0.1840521 0.6617062 0.184022 0.661126 0.1904625 0.6618672 0.1904969 0.6624461 0.1904625 0.6618672 0.1968834 0.6625724 0.1969228 0.6631494 0.1968834 0.6625724 0.2032828 0.6632463 0.2033272 0.6638211 0.2032828 0.6632463 0.2096608 0.6638974 0.2097105 0.6644699 0.2096608 0.6638974 0.2160194 0.6645365 0.2160744 0.6651064 0.2160194 0.6645365 0.222361 0.6651721 0.2224217 0.6657391 0.222361 0.6651721 0.2286878 0.6658089 0.2509225 0.710849 0.2485507 0.7075219 0.2512306 0.7072061 0.2322091 0.6962956 0.2311989 0.68736 0.2367259 0.6875631 0.2256292 0.6963302 0.2246924 0.6871948 0.2311989 0.68736 0.2190306 0.6963635 0.2181894 0.6870254 0.2246924 0.6871948 0.212418 0.6963872 0.2116542 0.6868519 0.2181894 0.6870254 0.2057886 0.6963957 0.2051139 0.6866631 0.2116542 0.6868519 0.1991382 0.6963841 0.1985352 0.6864546 0.2051139 0.6866631 0.1924719 0.6963407 0.1919639 0.6862149 0.1985352 0.6864546 0.1858178 0.6962475 0.1853604 0.6859282 0.1919639 0.6862149 0.1792415 0.6960968 0.1788017 0.6855901 0.1853604 0.6859282 0.1728392 0.6959059 0.1723752 0.6852146 0.1788017 0.6855901 0.1667097 0.6956927 0.166129 0.6848122 0.1723752 0.6852146 0.1609262 0.6954451 0.1601384 0.6843741 0.166129 0.6848122 0.1555028 0.6951443 0.1543878 0.6838902 0.1601384 0.6843741 0.1509648 0.6948589 0.1497304 0.6834557 0.1543878 0.6838902 0.1469057 0.6944907 0.1455 0.6829763 0.1497304 0.6834557 0.1439813 0.6940388 0.1423791 0.6824277 0.1455 0.6829763 0.1420637 0.6935576 0.1403039 0.6818625 0.1423791 0.6824277 0.1358066 0.6671164 0.1379354 0.6809149 0.1377291 0.6808149 0.1435316 0.7028428 0.1420637 0.6935576 0.1439813 0.6940388 0.1453058 0.7032518 0.1439813 0.6940388 0.1469057 0.6944907 0.1480324 0.703621 0.1469057 0.6944907 0.1509648 0.6948589 0.1518965 0.7038923 0.1509648 0.6948589 0.1555028 0.6951443 0.1563441 0.7040675 0.1555028 0.6951443 0.1609262 0.6954451 0.1614882 0.7042335 0.1609262 0.6954451 0.1667097 0.6956927 0.1671103 0.7043371 0.1667097 0.6956927 0.1728392 0.6959059 0.1731308 0.7044035 0.1728392 0.6959059 0.1792415 0.6960968 0.1795112 0.7044469 0.1792415 0.6960968 0.1858178 0.6962475 0.1860777 0.7044476 0.1858178 0.6962475 0.1924719 0.6963407 0.1927566 0.7043858 0.1924719 0.6963407 0.1991382 0.6963841 0.1995384 0.7042677 0.1991382 0.6963841 0.2057886 0.6963957 0.2062444 0.7041208 0.2057886 0.6963957 0.212418 0.6963872 0.2129707 0.7039532 0.212418 0.6963872 0.2190306 0.6963635 0.2196512 0.7037711 0.2190306 0.6963635 0.2256292 0.6963302 0.2263594 0.7035774 0.2256292 0.6963302 0.2322091 0.6962956 0.2329971 0.7033829 0.2322091 0.6962956 0.2379785 0.6962947 0.2287541 0.6663726 0.2286878 0.6658089 0.2349997 0.6664472 0.1379354 0.6809149 0.1399097 0.6927618 0.1397043 0.6926681 0.235072 0.6670079 0.2349997 0.6664472 0.2394068 0.6668947 0.2379785 0.6962947 0.2367259 0.6875631 0.240384 0.6876695 0.2311989 0.68736 0.2299947 0.676914 0.2356275 0.6773237 0.2246924 0.6871948 0.2235749 0.6765184 0.2299947 0.676914 0.2181894 0.6870254 0.2171385 0.676123 0.2235749 0.6765184 0.2116542 0.6868519 0.210686 0.675722 0.2171385 0.676123 0.2051139 0.6866631 0.2042143 0.6753076 0.210686 0.675722 0.1985352 0.6864546 0.1977209 0.6748712 0.2042143 0.6753076 0.1919639 0.6862149 0.1912072 0.6744027 0.1977209 0.6748712 0.1853604 0.6859282 0.1846848 0.6738932 0.1912072 0.6744027 0.1788017 0.6855901 0.1781797 0.6733402 0.1846848 0.6738932 0.1723752 0.6852146 0.171729 0.6727495 0.1781797 0.6733402 0.166129 0.6848122 0.1653709 0.6721231 0.171729 0.6727495 0.1601384 0.6843741 0.1591357 0.6714527 0.1653709 0.6721231 0.1543878 0.6838902 0.1530319 0.67074 0.1591357 0.6714527 0.1497304 0.6834557 0.1482221 0.6701268 0.1530319 0.67074 0.1455 0.6829763 0.1438828 0.6695147 0.1482221 0.6701268 0.1423791 0.6824277 0.1405968 0.6688552 0.1438828 0.6695147 0.1403039 0.6818625 0.1383682 0.6682034 0.1405968 0.6688552 0.2393272 0.7032386 0.2379785 0.6962947 0.2417705 0.6962992 0.1446498 0.7094587 0.1435316 0.7028428 0.1453058 0.7032518 0.1399097 0.6927618 0.1415745 0.7021764 0.1413707 0.7020893 0.2367259 0.6875631 0.2356275 0.6773237 0.2394968 0.6775704 0.1462916 0.6552081 0.1459513 0.6544072 0.1509802 0.6551494 0.2285291 0.6647165 0.2283702 0.6636225 0.2347282 0.6642211 0.1578063 0.6569009 0.1574777 0.6560623 0.1639792 0.6569314 0.1513188 0.6559581 0.1509802 0.6551494 0.1574777 0.6560623 0.1707875 0.6586413 0.1704806 0.6577478 0.1769758 0.6585164 0.1642971 0.6577993 0.1639792 0.6569314 0.1704806 0.6577478 0.1837413 0.6601879 0.1834595 0.6592453 0.1899281 0.6599383 0.1772706 0.6594344 0.1769758 0.6585164 0.1834595 0.6592453 0.1966319 0.6615868 0.1963791 0.6605973 0.2028114 0.6612282 0.1901959 0.6609051 0.1899281 0.6599383 0.1963791 0.6605973 0.2094425 0.6628673 0.2092238 0.6618356 0.2156192 0.6624322 0.2030473 0.662238 0.2028114 0.6612282 0.2092238 0.6618356 0.222181 0.6641 0.2220006 0.6630262 0.2283702 0.6636225 0.2158194 0.6634852 0.2156192 0.6624322 0.2220006 0.6630262 0.2395294 0.664102 0.2396864 0.6319379 0.2423484 0.631866 0.1352798 0.6452906 0.1355576 0.6515998 0.134118 0.6510455 0.2283803 0.6630477 0.2288892 0.6322318 0.2349678 0.6320657 0.1448209 0.6333391 0.1457372 0.63336 0.1457536 0.6352819 0.1574741 0.6554804 0.1573451 0.6334723 0.1638926 0.6334832 0.1704797 0.6571661 0.1704428 0.6334557 0.1769889 0.6333937 0.1639772 0.6563495 0.1638926 0.6334832 0.1704428 0.6334557 0.1834613 0.6586644 0.1835255 0.6333036 0.1900492 0.6331883 0.1769763 0.6579351 0.1769889 0.6333937 0.1835255 0.6333036 0.1963832 0.6600175 0.1965574 0.6330497 0.2030718 0.6329441 0.1899313 0.6593579 0.1900492 0.6331883 0.1965574 0.6330497 0.2092309 0.6612587 0.2095472 0.6327708 0.2160063 0.6325908 0.1404076 0.6462072 0.1395481 0.6398327 0.1411386 0.639628 0.2028173 0.6606507 0.2030718 0.6329441 0.2095472 0.6327708 0.1336667 0.6527683 0.1341263 0.6527406 0.1340469 0.6521663 0.1435316 0.7028428 0.1446498 0.7094587 0.1435176 0.7091335 0.1420637 0.6935576 0.1435316 0.7028428 0.1423462 0.7024848 0.1338645 0.6530937 0.1358066 0.6671164 0.1356006 0.6670104 0.1403039 0.6818625 0.1420637 0.6935576 0.1407713 0.6931333 0.2220098 0.6624507 0.2224527 0.6324101 0.2288892 0.6322318 0.1383682 0.6682034 0.1403039 0.6818625 0.1388891 0.6813575 0.239468 0.6657857 0.2395292 0.6646751 0.2421463 0.6649226 0.1355576 0.6515998 0.1356171 0.6521874 0.1341404 0.6516259 0.2535408 0.7102364 0.2512306 0.7072061 0.2539369 0.7068874 0.2489946 0.6777324 0.2498635 0.6877585 0.2493764 0.6877567 0.2498635 0.6877585 0.2509766 0.695605 0.2504978 0.6956556 0.2347394 0.6636468 0.2349678 0.6320657 0.2396864 0.6319379 0.2482574 0.6659244 0.2482597 0.6664984 0.2476976 0.666458 0.2509295 0.7126643 0.2483714 0.7109926 0.2509225 0.710849 0.1440325 0.711655 0.1441556 0.7122392 0.1434813 0.7117677 0.1360085 0.6529542 0.1364387 0.6536973 0.1348186 0.6530528 0.2477962 0.6321218 0.2476788 0.6657751 0.244928 0.6650655 0.134118 0.6510455 0.1341404 0.6516259 0.1331651 0.6511705 0.1326658 0.6444029 0.1330032 0.6504992 0.1329392 0.6502753 0.134473 0.6523426 0.1348186 0.6530528 0.1337848 0.6525191 0.1433395 0.7111948 0.1434813 0.7117677 0.1432885 0.7116166 0.1407713 0.6931333 0.1423462 0.7024848 0.1415745 0.7021764 0.1365152 0.6542733 0.1383682 0.6682034 0.1368322 0.6676194 0.1388891 0.6813575 0.1407713 0.6931333 0.1399097 0.6927618 0.1368322 0.6676194 0.1388891 0.6813575 0.1379354 0.6809149 0.1423462 0.7024848 0.1435176 0.7091335 0.1428258 0.7088778 0.1356006 0.6670104 0.1377291 0.6808149 0.1377423 0.6806534 0.1431412 0.7110481 0.1432885 0.7116166 0.1432787 0.7113084 0.1348981 0.6536281 0.1368322 0.6676194 0.1358066 0.6671164 0.1413707 0.7020893 0.1426255 0.7087962 0.1426292 0.7085717 0.1377291 0.6808149 0.1397043 0.6926681 0.1397159 0.6924957 0.133147 0.6505926 0.1331651 0.6511705 0.1330547 0.6510708 0.1397043 0.6926681 0.1413707 0.7020893 0.141379 0.7018968 0.1338197 0.6448564 0.134118 0.6510455 0.133147 0.6505926 0.1334763 0.6518446 0.1337848 0.6525191 0.1335805 0.6524068 0.1430788 0.7085371 0.1455632 0.7083454 0.1443218 0.7016757 0.1401686 0.692463 0.1426698 0.692282 0.14071 0.6804493 0.1330032 0.6504992 0.1330547 0.6510708 0.1329596 0.6508517 0.1418301 0.701863 0.1443218 0.7016757 0.1426698 0.692282 0.1329813 0.6348153 0.1355364 0.6346747 0.135464 0.6319243 0.1332736 0.6515232 0.1332669 0.6517369 0.1335805 0.6524068 0.1381972 0.6806221 0.14071 0.6804493 0.1385961 0.6666487 0.1434928 0.7103804 0.1459747 0.7101874 0.1455632 0.7083454 0.13366 0.6529814 0.1356006 0.6670104 0.1356132 0.6668415 0.1341263 0.6527406 0.1366648 0.6525874 0.1365858 0.6520134 0.1430436 0.7104153 0.1434928 0.7103804 0.1430788 0.7085371 0.1377423 0.6806534 0.1381972 0.6806221 0.1360704 0.6668118 0.1337336 0.6514956 0.1362742 0.6513431 0.1359621 0.6506721 0.141379 0.7018968 0.1418301 0.701863 0.1401686 0.692463 0.1397159 0.6924957 0.1401686 0.692463 0.1381972 0.6806221 0.1426292 0.7085717 0.1430788 0.7085371 0.1418301 0.701863 0.1431293 0.710741 0.1435926 0.7107771 0.1434928 0.7103804 0.1435926 0.7107771 0.1460737 0.7105839 0.1459747 0.7101874 0.1426255 0.7087962 0.143047 0.7106844 0.1430436 0.7104153 0.1428258 0.7088778 0.1432425 0.7108029 0.143047 0.7106844 0.1435176 0.7091335 0.1439319 0.7111772 0.1432425 0.7108029 0.1440325 0.711655 0.1439319 0.7111772 0.1450749 0.7116488 0.1525158 0.7129911 0.1566431 0.7131793 0.1565146 0.7142909 0.178645 0.7135822 0.1851816 0.7135704 0.1847052 0.7152501 0.2196617 0.712458 0.2266335 0.7121269 0.2263976 0.7140128 0.1492006 0.7135046 0.149115 0.712639 0.1525158 0.7129911 0.1566431 0.7131793 0.1613249 0.713341 0.1610795 0.7145696 0.146851 0.7129089 0.1467208 0.7121742 0.149115 0.712639 0.1989584 0.7132828 0.2058387 0.713041 0.2055398 0.7148784 0.2266335 0.7121269 0.233509 0.7117853 0.2333783 0.7136638 0.1451995 0.7122523 0.1450749 0.7116488 0.1467208 0.7121742 0.1666114 0.7134589 0.1723701 0.7135374 0.1718733 0.7150233 0.1613249 0.713341 0.1666114 0.7134589 0.1661961 0.7148221 0.1851816 0.7135704 0.1919373 0.713472 0.1915532 0.715222 0.1723701 0.7135374 0.178645 0.7135822 0.1781044 0.7151795 0.1919373 0.713472 0.1989584 0.7132828 0.198579 0.7150879 0.2127923 0.7127609 0.2196617 0.712458 0.2194217 0.7143361 0.2058387 0.713041 0.2127923 0.7127609 0.2125078 0.7146223 0.2333783 0.7136638 0.233509 0.7117853 0.2404039 0.711441 0.2509766 0.695605 0.2525095 0.7018525 0.2520448 0.7019436 0.2335274 0.7082571 0.2329971 0.7033829 0.2393272 0.7032386 0.2199429 0.7089074 0.2196512 0.7037711 0.2263594 0.7035774 0.2062958 0.7095147 0.2062444 0.7041208 0.2129707 0.7039532 0.1925308 0.7100343 0.1927566 0.7043858 0.1995384 0.7042677 0.1795112 0.7044469 0.1860777 0.7044476 0.1858848 0.7102157 0.1671543 0.7104544 0.1671103 0.7043371 0.1731308 0.7044035 0.1567361 0.7103951 0.1563441 0.7040675 0.1614882 0.7042335 0.1488105 0.710114 0.1480324 0.703621 0.1518965 0.7038923 0.2459812 0.7076505 0.243831 0.7031146 0.2464688 0.7030383 0.2268519 0.7085785 0.2263594 0.7035774 0.2329971 0.7033829 0.2131902 0.7092165 0.2129707 0.7039532 0.2196512 0.7037711 0.1995499 0.7097867 0.1995384 0.7042677 0.2062444 0.7041208 0.1860777 0.7044476 0.1927566 0.7043858 0.1925308 0.7100343 0.1731308 0.7044035 0.1795112 0.7044469 0.1794073 0.7103328 0.1616219 0.7104595 0.1614882 0.7042335 0.1671103 0.7043371 0.1524148 0.7103043 0.1518965 0.7038923 0.1563441 0.7040675 0.1463117 0.7098211 0.1453058 0.7032518 0.1480324 0.703621 0.2058387 0.713041 0.1989584 0.7132828 0.1995499 0.7097867 0.2333352 0.7142836 0.2333783 0.7136638 0.2404292 0.7133022 0.2055398 0.7148784 0.2125078 0.7146223 0.2124111 0.7152544 0.2125078 0.7146223 0.2194217 0.7143361 0.2193411 0.714967 0.1915532 0.715222 0.198579 0.7150879 0.1984465 0.715718 0.1718733 0.7150233 0.1781044 0.7151795 0.1779004 0.7157819 0.1847052 0.7152501 0.1915532 0.715222 0.1914153 0.7158502 0.1610795 0.7145696 0.1661961 0.7148221 0.1660141 0.7154194 0.1661961 0.7148221 0.1718733 0.7150233 0.1716731 0.7156223 0.1453217 0.7128442 0.1451995 0.7122523 0.146851 0.7129089 0.2263976 0.7140128 0.2333783 0.7136638 0.2333352 0.7142836 0.198579 0.7150879 0.2055398 0.7148784 0.2054367 0.7155123 0.1469561 0.7135031 0.146851 0.7129089 0.1492006 0.7135046 0.1565146 0.7142909 0.1610795 0.7145696 0.1609584 0.7151762 0.1492602 0.7141088 0.1492006 0.7135046 0.1525002 0.7139917 0.2194217 0.7143361 0.2263976 0.7140128 0.2263193 0.7146393 0.1781044 0.7151795 0.1847052 0.7152501 0.1845307 0.7158654 0.1525002 0.7139917 0.1565146 0.7142909 0.1564434 0.7149057 0.1441556 0.7122392 0.1440325 0.711655 0.1451995 0.7122523 0.1437381 0.7113553 0.146218 0.7111618 0.1460737 0.7105839 0.1432787 0.7113084 0.1437381 0.7113553 0.1435926 0.7107771 0.143047 0.7106844 0.1431412 0.7110481 0.1431293 0.710741 0.1432425 0.7108029 0.1433395 0.7111948 0.1431412 0.7110481 0.1439319 0.7111772 0.1440325 0.711655 0.1433395 0.7111948 0.2515035 0.7131675 0.2509295 0.7126643 0.2534704 0.7125099 0.2540403 0.7129979 0.2534704 0.7125099 0.2570465 0.7125551 0.2535408 0.7102364 0.2561591 0.7120436 0.2534704 0.7125099 0.1469561 0.7135031 0.147343 0.7134121 0.1457096 0.7127542 0.1716731 0.7156223 0.172033 0.7155181 0.1663817 0.7153186 0.1453217 0.7128442 0.1457096 0.7127542 0.1445441 0.7121499 0.1660141 0.7154194 0.1663817 0.7153186 0.161332 0.715078 0.1914153 0.7158502 0.1917397 0.7157323 0.1848694 0.7157529 0.1779004 0.7157819 0.1782509 0.7156739 0.172033 0.7155181 0.2193411 0.714967 0.2195702 0.7148215 0.2126713 0.7151168 0.1984465 0.715718 0.1987534 0.7155941 0.1917397 0.7157323 0.1845307 0.7158654 0.1848694 0.7157529 0.1782509 0.7156739 0.2124111 0.7152544 0.2126713 0.7151168 0.2057226 0.7153819 0.1564434 0.7149057 0.1568219 0.71481 0.1528731 0.7145164 0.1609584 0.7151762 0.161332 0.715078 0.1568219 0.71481 0.2263193 0.7146393 0.2265095 0.7144854 0.2195702 0.7148215 0.1524907 0.7146103 0.1528731 0.7145164 0.1496454 0.7140166 0.2054367 0.7155123 0.2057226 0.7153819 0.1987534 0.7155941 0.2404373 0.7139075 0.2405199 0.7137381 0.2334772 0.7141215 0.2515035 0.7131675 0.2514479 0.7129948 0.2405199 0.7137381 0.1492602 0.7141088 0.1496454 0.7140166 0.147343 0.7134121 0.2575434 0.712724 0.2539814 0.7128225 0.2540403 0.7129979 0.2333352 0.7142836 0.2334772 0.7141215 0.2265095 0.7144854 0.2540403 0.7129979 0.2539814 0.7128225 0.2514479 0.7129948 0.2404373 0.7139075 0.2404292 0.7133022 0.2509295 0.7126643 0.2401701 0.7079418 0.2393272 0.7032386 0.243831 0.7031146 0.1329392 0.6502753 0.1333994 0.6502479 0.1332358 0.6442087 0.2404292 0.7133022 0.2404039 0.711441 0.2483714 0.7109926 0.234864 0.665335 0.2347282 0.6642211 0.2395292 0.6646751 0.240384 0.6876695 0.2394968 0.6775704 0.2421532 0.6777254 0.243831 0.7031146 0.2417705 0.6962992 0.2443857 0.6963019 0.2417705 0.6962992 0.240384 0.6876695 0.2430423 0.6877336 0.2394117 0.6674652 0.2394068 0.6668947 0.2420153 0.6671595 0.2483714 0.7109926 0.2459812 0.7076505 0.2485507 0.7075219 0.2576407 0.7128977 0.2570465 0.7125551 0.2600086 0.712495 0.2604715 0.7126432 0.2575434 0.712724 0.2576407 0.7128977 0.2420153 0.6671595 0.2447791 0.6668669 0.2447845 0.6674369 0.2449869 0.6777283 0.2458567 0.6877439 0.2430423 0.6877336 0.2458567 0.6877439 0.2471156 0.6960132 0.2443857 0.6963019 0.2471156 0.6960132 0.2491421 0.7025135 0.2464688 0.7030383 0.2491421 0.7025135 0.2512306 0.7072061 0.2485507 0.7075219 0.2525095 0.7018525 0.2544093 0.7068318 0.2539369 0.7068874 0.244928 0.6650655 0.2449248 0.6656388 0.2421463 0.6649226 0.2452039 0.6320001 0.244928 0.6650655 0.2421475 0.6643497 0.2421463 0.6649226 0.2449248 0.6656388 0.2448518 0.6662532 0.2476976 0.666458 0.2482597 0.6664984 0.2482882 0.6670694 0.256043 0.7096509 0.2584426 0.7116474 0.2561591 0.7120436 0.2477407 0.6671269 0.2482882 0.6670694 0.2489946 0.6777324 0.2420199 0.6677291 0.2447845 0.6674369 0.2449869 0.6777283 0.2394968 0.6775704 0.2394117 0.6674652 0.2420199 0.6677291 0.1360704 0.6668118 0.1385961 0.6666487 0.1366648 0.6525874 0.1335805 0.6524068 0.13366 0.6529814 0.1336667 0.6527683 0.1348186 0.6530528 0.1348981 0.6536281 0.1338645 0.6530937 0.1364387 0.6536973 0.1365152 0.6542733 0.1348981 0.6536281 0.1337848 0.6525191 0.1338645 0.6530937 0.13366 0.6529814 0.1356132 0.6668415 0.1360704 0.6668118 0.1341263 0.6527406 0.2356275 0.6773237 0.235072 0.6670079 0.2394117 0.6674652 0.2299947 0.676914 0.2287541 0.6663726 0.235072 0.6670079 0.2235749 0.6765184 0.2224217 0.6657391 0.2287541 0.6663726 0.2171385 0.676123 0.2160744 0.6651064 0.2224217 0.6657391 0.210686 0.675722 0.2097105 0.6644699 0.2160744 0.6651064 0.2042143 0.6753076 0.2033272 0.6638211 0.2097105 0.6644699 0.1977209 0.6748712 0.1969228 0.6631494 0.2033272 0.6638211 0.1912072 0.6744027 0.1904969 0.6624461 0.1969228 0.6631494 0.1846848 0.6738932 0.1840521 0.6617062 0.1904969 0.6624461 0.1781797 0.6733402 0.1775922 0.6609286 0.1840521 0.6617062 0.171729 0.6727495 0.1711219 0.6601102 0.1775922 0.6609286 0.1653709 0.6721231 0.1646478 0.6592419 0.1711219 0.6601102 0.1591357 0.6714527 0.1581776 0.6583158 0.1646478 0.6592419 0.1530319 0.67074 0.1517148 0.6573433 0.1581776 0.6583158 0.1482221 0.6701268 0.1467028 0.6565701 0.1517148 0.6573433 0.1438828 0.6695147 0.142293 0.6557863 0.1467028 0.6565701 0.1405968 0.6688552 0.1388707 0.6550089 0.142293 0.6557863 0.1383682 0.6682034 0.1365152 0.6542733 0.1388707 0.6550089 0.2347282 0.6642211 0.2347394 0.6636468 0.2395294 0.664102 0.1334198 0.6508242 0.1359621 0.6506721 0.1359422 0.6500962 0.2395292 0.6646751 0.2395294 0.664102 0.2421475 0.6643497 0.1459513 0.6544072 0.1459448 0.6538252 0.1509752 0.6545673 0.2283702 0.6636225 0.2283803 0.6630477 0.2347394 0.6636468 0.1574777 0.6560623 0.1574741 0.6554804 0.1639772 0.6563495 0.1509802 0.6551494 0.1509752 0.6545673 0.1574741 0.6554804 0.1704806 0.6577478 0.1704797 0.6571661 0.1769763 0.6579351 0.1639792 0.6569314 0.1639772 0.6563495 0.1704797 0.6571661 0.1834595 0.6592453 0.1834613 0.6586644 0.1899313 0.6593579 0.1769758 0.6585164 0.1769763 0.6579351 0.1834613 0.6586644 0.1963791 0.6605973 0.1963832 0.6600175 0.2028173 0.6606507 0.1423525 0.6537854 0.1423661 0.6532078 0.1441522 0.6535242 0.1899281 0.6599383 0.1899313 0.6593579 0.1963832 0.6600175 0.2092238 0.6618356 0.2092309 0.6612587 0.2156273 0.6618559 0.1405903 0.6534536 0.1405853 0.6528723 0.1423661 0.6532078 0.2028114 0.6612282 0.2028173 0.6606507 0.2092309 0.6612587 0.2220006 0.6630262 0.2220098 0.6624507 0.2283803 0.6630477 0.2156192 0.6624322 0.2156273 0.6618559 0.2220098 0.6624507 0.1329596 0.6508517 0.1334198 0.6508242 0.1333994 0.6502479 0.2420807 0.666042 0.2448518 0.6662532 0.2447791 0.6668669 0.2349997 0.6664472 0.234864 0.665335 0.239468 0.6657857 0.1340469 0.6521663 0.1365858 0.6520134 0.1362742 0.6513431 0.1329596 0.6508517 0.1330547 0.6510708 0.1332669 0.6517369 0.1331651 0.6511705 0.1334763 0.6518446 0.1332669 0.6517369 0.1341404 0.6516259 0.134473 0.6523426 0.1334763 0.6518446 0.1356171 0.6521874 0.1360085 0.6529542 0.134473 0.6523426 0.2394068 0.6668947 0.239468 0.6657857 0.2420807 0.666042 0.1364387 0.6536973 0.1360085 0.6529542 0.1387659 0.6537607 0.2160194 0.6645365 0.2158194 0.6634852 0.222181 0.6641 0.222361 0.6651721 0.222181 0.6641 0.2285291 0.6647165 0.2032828 0.6632463 0.2030473 0.662238 0.2094425 0.6628673 0.2096608 0.6638974 0.2094425 0.6628673 0.2158194 0.6634852 0.1904625 0.6618672 0.1901959 0.6609051 0.1966319 0.6615868 0.1968834 0.6625724 0.1966319 0.6615868 0.2030473 0.662238 0.1775646 0.6603474 0.1772706 0.6594344 0.1837413 0.6601879 0.184022 0.661126 0.1837413 0.6601879 0.1901959 0.6609051 0.1646151 0.6586599 0.1642971 0.6577993 0.1707875 0.6586413 0.1710939 0.6595286 0.1707875 0.6586413 0.1772706 0.6594344 0.1516578 0.6567629 0.1513188 0.6559581 0.1578063 0.6569009 0.1581352 0.657734 0.1578063 0.6569009 0.1642971 0.6577993 0.1422259 0.6552075 0.1421776 0.6544805 0.1462916 0.6552081 0.1387987 0.6544317 0.1387659 0.6537607 0.1421776 0.6544805 0.2286878 0.6658089 0.2285291 0.6647165 0.234864 0.665335 0.1466379 0.655991 0.1462916 0.6552081 0.1513188 0.6559581 0.1335873 0.6521939 0.1340469 0.6521663 0.1337336 0.6514956 0.2554827 0.7067468 0.2575744 0.7094571 0.2565045 0.7095429 0.1328749 0.6444858 0.133147 0.6505926 0.1330032 0.6504992 0.2520651 0.6955225 0.2536104 0.701767 0.2525095 0.7018525 0.2536104 0.701767 0.2554827 0.7067468 0.2544093 0.7068318 0.2501066 0.6776545 0.250974 0.687677 0.2498635 0.6877585 0.2599824 0.7114789 0.2614765 0.7123861 0.2606478 0.712482 0.2614765 0.7123861 0.2620468 0.7127323 0.2612437 0.7127976 0.250974 0.687677 0.2520651 0.6955225 0.2509766 0.695605 0.2482882 0.6670694 0.2493535 0.6664255 0.2501066 0.6776545 0.2534269 0.7015349 0.255298 0.706511 0.2554827 0.7067468 0.2499244 0.6774418 0.2507917 0.6874562 0.250974 0.687677 0.2507917 0.6874562 0.2518826 0.6952954 0.2520651 0.6955225 0.2476788 0.6657751 0.2477962 0.6321218 0.248391 0.6321498 0.2573884 0.7092195 0.2597947 0.7112404 0.2599824 0.7114789 0.2491713 0.6662222 0.2499244 0.6774418 0.2501066 0.6776545 0.2612879 0.7121585 0.261887 0.7125272 0.2620468 0.7127323 0.255298 0.706511 0.2573884 0.7092195 0.2575744 0.7094571 0.2597947 0.7112404 0.2612879 0.7121585 0.2614765 0.7123861 0.2518826 0.6952954 0.2534269 0.7015349 0.2536104 0.701767 0.2447845 0.6674369 0.2477407 0.6671269 0.2484334 0.6777319 0.2565045 0.7095429 0.2589161 0.7115652 0.2584426 0.7116474 0.2447791 0.6668669 0.2476976 0.666458 0.2477407 0.6671269 0.2520448 0.7019436 0.2539369 0.7068874 0.2512306 0.7072061 0.2611083 0.7126254 0.2604715 0.7126432 0.2606048 0.7128153 0.2606048 0.7128153 0.2600086 0.712495 0.2606478 0.712482 0.2504978 0.6956556 0.2520448 0.7019436 0.2491421 0.7025135 0.2493764 0.6877567 0.2504978 0.6956556 0.2471156 0.6960132 0.2484334 0.6777319 0.2493764 0.6877567 0.2458567 0.6877439 0.256043 0.7096509 0.2539369 0.7068874 0.2544093 0.7068318 0.2600086 0.712495 0.2584426 0.7116474 0.2589161 0.7115652 0.2575744 0.7094571 0.2599824 0.7114789 0.2589161 0.7115652 0.2612437 0.7127976 0.2620468 0.7127323 0.261887 0.7125272 0.2494956 0.6320877 0.2493535 0.6664255 0.2482574 0.6659244 0.2476788 0.6657751 0.2476976 0.666458 0.2449248 0.6656388 0.2493115 0.6319139 0.2491713 0.6662222 0.2493535 0.6664255 0.2156273 0.6618559 0.2160063 0.6325908 0.2224527 0.6324101 0.1395379 0.6390022 0.1380974 0.6386216 0.1385535 0.6376252 0.1409956 0.6387872 0.1395379 0.6390022 0.1397954 0.6379463 0.1440364 0.6351343 0.1433718 0.6367496 0.1430191 0.6359902 0.1368258 0.6376771 0.1374568 0.6368134 0.1385535 0.6376252 0.1433718 0.6367496 0.1423212 0.6380102 0.14215 0.6370791 0.1358404 0.636266 0.1366026 0.6356006 0.1374568 0.6368134 0.1350179 0.6327082 0.1358679 0.6325568 0.1360624 0.6341271 0.135228 0.6345487 0.1360624 0.6341271 0.1366026 0.6356006 0.1442512 0.6333244 0.1440364 0.6351343 0.1435574 0.6346092 0.1445826 0.6353235 0.1440364 0.6351343 0.1442512 0.6333244 0.1395379 0.6390022 0.1409956 0.6387872 0.1411386 0.639628 0.1366294 0.6384326 0.1368258 0.6376771 0.1380974 0.6386216 0.1348188 0.6348441 0.135228 0.6345487 0.1358404 0.636266 0.1354775 0.6368477 0.1358404 0.636266 0.1368258 0.6376771 0.1380147 0.6393887 0.1380974 0.6386216 0.1395379 0.6390022 0.1409956 0.6387872 0.1423212 0.6380102 0.1427618 0.6386973 0.1427618 0.6386973 0.1423212 0.6380102 0.1433718 0.6367496 0.1438938 0.637193 0.1433718 0.6367496 0.1440364 0.6351343 0.1325286 0.6349408 0.1326804 0.6395958 0.1324735 0.6395258 0.1326804 0.6395958 0.1328749 0.6444858 0.1326658 0.6444029 0.132434 0.6393783 0.133105 0.6393803 0.1329813 0.6348153 0.1326584 0.6442193 0.1332358 0.6442087 0.133105 0.6393803 0.1333994 0.6502479 0.1359422 0.6500962 0.1357834 0.6440613 0.1332358 0.6442087 0.1357834 0.6440613 0.1356564 0.6392364 0.1334236 0.6351562 0.1336015 0.6399016 0.1326804 0.6395958 0.1336015 0.6399016 0.1338197 0.6448564 0.1328749 0.6444858 0.1323478 0.6348958 0.1324735 0.6395258 0.132434 0.6393783 0.1324735 0.6395258 0.1326658 0.6444029 0.1326584 0.6442193 0.1336015 0.6399016 0.1347129 0.6389489 0.1352798 0.6452906 0.1459448 0.6538252 0.1458658 0.6466724 0.1509121 0.6471799 0.136899 0.6456701 0.1366294 0.6384326 0.1380147 0.6393887 0.1405853 0.6528723 0.1404076 0.6462072 0.1422165 0.6463899 0.1371447 0.6520907 0.136899 0.6456701 0.1386249 0.6459723 0.1355576 0.6515998 0.1352798 0.6452906 0.136899 0.6456701 0.1388109 0.6530832 0.138831 0.6525071 0.1405853 0.6528723 0.1352798 0.6452906 0.1354775 0.6368477 0.1366294 0.6384326 0.138831 0.6525071 0.1386249 0.6459723 0.1404076 0.6462072 0.138831 0.6525071 0.1388109 0.6530832 0.1371664 0.6526742 0.1356171 0.6521874 0.1355576 0.6515998 0.1371447 0.6520907 0.1423661 0.6532078 0.1422165 0.6463899 0.1440374 0.6465412 0.1441522 0.6535242 0.1440374 0.6465412 0.1458658 0.6466724 0.1441721 0.6541085 0.1441522 0.6535242 0.1459448 0.6538252 0.1411386 0.639628 0.1427618 0.6386973 0.1440374 0.6465412 0.1386249 0.6459723 0.1380147 0.6393887 0.1395481 0.6398327 0.1333364 0.632375 0.1341091 0.6325421 0.1342886 0.6351266 0.1320941 0.6320428 0.1323015 0.6321285 0.1323478 0.6348958 0.1333364 0.632375 0.1334236 0.6351562 0.1325286 0.6349408 0.1322219 0.6348007 0.1329813 0.6348153 0.1329067 0.6320629 0.1324574 0.6321663 0.1325286 0.6349408 0.1323478 0.6348958 0.134568 0.6326304 0.1350179 0.6327082 0.135228 0.6345487 0.1334236 0.6351562 0.1342886 0.6351266 0.1347129 0.6389489 0.133105 0.6393803 0.1356564 0.6392364 0.1355364 0.6346747 0.1341091 0.6325421 0.134568 0.6326304 0.1348188 0.6348441 0.1342886 0.6351266 0.1348188 0.6348441 0.1354775 0.6368477 0.1438938 0.637193 0.1445826 0.6353235 0.1458658 0.6466724 0.1423212 0.6380102 0.1409956 0.6387872 0.1410349 0.6377596</float_array>
          <technique_common>
            <accessor source="#Plane_005-mesh-map-0-array" count="8406" stride="2">
              <param name="S" type="float"/>
              <param name="T" type="float"/>
            </accessor>
          </technique_common>
        </source>
        <vertices id="Plane_005-mesh-vertices">
          <input semantic="POSITION" source="#Plane_005-mesh-positions"/>
        </vertices>
        <triangles material="capo-material" count="2802">
          <input semantic="VERTEX" source="#Plane_005-mesh-vertices" offset="0"/>
          <input semantic="NORMAL" source="#Plane_005-mesh-normals" offset="1"/>
          <input semantic="TEXCOORD" source="#Plane_005-mesh-map-0" offset="2" set="0"/>
          <p>1 0 0 33 1 1 30 2 2 16 3 3 1 0 4 30 2 5 28 4 6 8 5 7 53 6 8 16 3 9 39 7 10 20 8 11 0 9 12 13 10 13 2 11 14 13 10 15 3 12 16 2 11 17 14 13 18 1 0 19 3 12 20 11 14 21 9 15 22 13 10 23 9 15 24 14 13 25 13 10 26 10 16 27 12 17 28 14 13 29 68 18 30 56 19 31 55 20 32 72 21 33 54 22 34 56 19 35 58 23 36 53 6 37 54 22 38 15 24 39 21 25 40 19 26 41 21 25 42 18 27 43 22 28 44 22 28 45 16 3 46 20 8 47 19 26 48 25 29 49 23 30 50 25 29 51 22 28 52 26 31 53 26 31 54 20 8 55 24 32 56 23 30 57 25 29 58 49 33 59 49 33 60 26 31 61 52 34 62 52 34 63 24 32 64 51 35 65 15 24 66 2 11 67 17 36 68 17 36 69 3 12 70 18 27 71 18 27 72 1 0 73 16 3 74 46 37 75 34 38 76 42 39 77 34 38 78 30 2 79 33 1 80 6 40 81 33 1 82 28 4 83 64 41 84 52 34 85 65 42 86 70 43 87 37 44 88 29 45 89 65 42 90 51 35 91 66 46 92 46 37 93 41 47 94 32 48 95 41 47 96 30 2 97 32 48 98 61 49 99 28 4 100 60 50 101 55 20 102 56 19 103 9 15 104 71 51 105 6 40 106 61 49 107 33 1 108 8 5 109 28 4 110 56 19 111 10 16 112 9 15 113 67 52 114 51 35 115 37 44 116 54 22 117 8 5 118 10 16 119 42 39 120 34 38 121 6 40 122 60 50 123 53 6 124 59 53 125 41 47 126 43 54 127 29 45 128 29 45 129 39 7 130 41 47 131 39 7 132 24 32 133 20 8 134 69 55 135 49 33 136 64 41 137 24 32 138 37 44 139 51 35 140 71 51 141 46 37 142 42 39 143 62 56 144 29 45 145 43 54 146 62 56 147 46 37 148 63 57 149 74 58 150 55 20 151 73 59 152 7 60 153 59 53 154 58 23 155 35 61 156 61 49 157 60 50 158 40 62 159 63 57 160 31 63 161 45 64 162 65 42 163 47 65 164 47 65 165 66 46 166 48 66 167 48 66 168 67 52 169 50 67 170 4 68 171 74 58 172 75 69 173 50 67 174 70 43 175 38 70 176 45 64 177 69 55 178 64 41 179 36 71 180 71 51 181 61 49 182 44 72 183 58 23 184 72 21 185 44 72 186 68 18 187 4 68 188 5 73 189 60 50 190 59 53 191 57 74 192 63 57 193 71 51 194 40 62 195 70 43 196 62 56 197 27 75 198 74 58 199 69 55 200 74 58 201 23 30 202 69 55 203 23 30 204 73 59 205 19 26 206 19 26 207 73 59 208 15 24 209 15 24 210 73 59 211 0 9 212 0 9 213 73 59 214 11 14 215 11 14 216 73 59 217 55 20 218 109 76 219 77 77 220 106 78 221 92 79 222 106 78 223 77 77 224 104 80 225 129 81 226 84 82 227 92 79 228 115 83 229 106 78 230 76 84 231 89 85 232 87 86 233 79 87 234 89 85 235 78 88 236 77 77 237 90 89 238 79 87 239 87 86 240 85 90 241 131 91 242 90 89 243 85 90 244 89 85 245 88 92 246 86 93 247 90 89 248 132 94 249 144 95 250 131 91 251 130 96 252 148 97 253 132 94 254 129 81 255 134 98 256 130 96 257 97 99 258 91 100 259 95 101 260 97 99 261 94 102 262 93 103 263 98 104 264 92 79 265 94 102 266 101 105 267 95 101 268 99 106 269 101 105 270 98 104 271 97 99 272 102 107 273 96 108 274 98 104 275 99 106 276 125 109 277 101 105 278 125 109 279 102 107 280 101 105 281 128 110 282 100 111 283 102 107 284 91 100 285 78 88 286 76 84 287 93 103 288 79 87 289 78 88 290 94 102 291 77 77 292 79 87 293 110 112 294 122 113 295 118 114 296 110 112 297 106 78 298 108 115 299 82 116 300 109 76 301 110 112 302 140 117 303 128 110 304 125 109 305 113 118 306 146 119 307 105 120 308 141 121 309 127 122 310 128 110 311 122 113 312 117 123 313 119 124 314 106 78 315 117 123 316 108 115 317 137 125 318 104 80 319 82 116 320 131 91 321 85 90 322 132 94 323 147 126 324 82 116 325 118 114 326 109 76 327 84 82 328 88 92 329 86 93 330 132 94 331 85 90 332 127 122 333 143 127 334 113 118 335 84 82 336 130 96 337 86 93 338 118 114 339 82 116 340 110 112 341 136 128 342 129 81 343 104 80 344 117 123 345 105 120 346 119 124 347 115 83 348 105 120 349 117 123 350 100 111 351 115 83 352 96 108 353 145 129 354 125 109 355 99 106 356 100 111 357 127 122 358 113 118 359 147 126 360 122 113 361 139 130 362 105 120 363 138 131 364 119 124 365 122 113 366 138 131 367 139 130 368 150 132 369 131 91 370 144 95 371 83 133 372 135 134 373 81 135 374 111 136 375 137 125 376 112 137 377 139 130 378 116 138 379 107 139 380 141 121 381 121 140 382 123 141 383 142 142 384 123 141 385 124 143 386 143 127 387 124 143 388 126 144 389 150 132 390 80 145 391 151 146 392 146 119 393 126 144 394 114 147 395 121 140 396 145 129 397 103 148 398 112 137 399 147 126 400 133 149 401 120 150 402 134 98 403 83 133 404 144 95 405 120 150 406 80 145 407 81 135 408 136 128 409 111 136 410 133 149 411 139 130 412 107 139 413 116 138 414 146 119 415 114 147 416 103 148 417 150 132 418 151 146 419 99 106 420 150 132 421 145 129 422 99 106 423 95 101 424 149 151 425 95 101 426 91 100 427 149 151 428 91 100 429 76 84 430 149 151 431 76 84 432 87 86 433 149 151 434 87 86 435 131 91 436 149 151 437 330 152 438 393 153 439 395 154 440 396 155 441 161 156 442 397 157 443 397 157 444 164 158 445 398 159 446 398 159 447 167 160 448 399 161 449 399 161 450 170 162 451 400 163 452 400 163 453 173 164 454 401 165 455 401 165 456 176 166 457 402 167 458 402 167 459 179 168 460 403 169 461 403 169 462 182 170 463 404 171 464 404 171 465 185 172 466 405 173 467 405 173 468 188 174 469 406 175 470 406 175 471 191 176 472 407 177 473 407 177 474 194 178 475 408 179 476 408 179 477 197 180 478 409 181 479 409 181 480 200 182 481 410 183 482 410 183 483 203 184 484 411 185 485 411 185 486 206 186 487 412 187 488 412 187 489 209 188 490 413 189 491 413 189 492 212 190 493 414 191 494 414 191 495 215 192 496 415 193 497 415 193 498 218 194 499 416 195 500 416 195 501 221 196 502 417 197 503 417 197 504 224 198 505 418 199 506 418 199 507 227 200 508 419 201 509 419 201 510 230 202 511 420 203 512 420 203 513 233 204 514 421 205 515 421 205 516 236 206 517 422 207 518 422 207 519 239 208 520 423 209 521 423 209 522 242 210 523 424 211 524 242 210 525 425 212 526 424 211 527 245 213 528 426 214 529 425 212 530 248 215 531 427 216 532 426 214 533 251 217 534 428 218 535 427 216 536 254 219 537 429 220 538 428 218 539 258 221 540 430 222 541 429 220 542 261 223 543 431 224 544 430 222 545 264 225 546 432 226 547 431 224 548 267 227 549 433 228 550 432 226 551 270 229 552 434 230 553 433 228 554 273 231 555 435 232 556 434 230 557 276 233 558 436 234 559 435 232 560 279 235 561 437 236 562 436 234 563 282 237 564 438 238 565 437 236 566 285 239 567 439 240 568 438 238 569 288 241 570 440 242 571 439 240 572 291 243 573 441 244 574 440 242 575 294 245 576 442 246 577 441 244 578 297 247 579 443 248 580 442 246 581 300 249 582 444 250 583 443 248 584 303 251 585 445 252 586 444 250 587 306 253 588 446 254 589 445 252 590 309 255 591 447 256 592 446 254 593 312 257 594 448 258 595 447 256 596 315 259 597 449 260 598 448 258 599 318 261 600 450 262 601 449 260 602 321 263 603 451 264 604 450 262 605 324 265 606 452 266 607 451 264 608 327 267 609 395 154 610 452 266 611 393 153 612 155 268 613 394 269 614 394 269 615 158 270 616 396 155 617 333 271 618 160 272 619 335 273 620 154 274 621 156 275 622 157 276 623 156 275 624 153 277 625 257 278 626 335 273 627 163 279 628 336 280 629 157 276 630 159 281 631 160 272 632 159 281 633 156 275 634 257 278 635 336 280 636 166 282 637 337 283 638 160 272 639 162 284 640 163 279 641 162 284 642 159 281 643 257 278 644 337 283 645 169 285 646 338 286 647 163 279 648 165 287 649 166 282 650 165 287 651 162 284 652 257 278 653 338 286 654 172 288 655 339 289 656 166 282 657 168 290 658 169 285 659 168 290 660 165 287 661 257 278 662 339 289 663 175 291 664 340 292 665 169 285 666 171 293 667 172 288 668 171 293 669 168 290 670 257 278 671 340 292 672 178 294 673 341 295 674 172 288 675 174 296 676 175 291 677 174 296 678 171 293 679 257 278 680 341 295 681 181 297 682 342 298 683 175 291 684 177 299 685 178 294 686 177 299 687 174 296 688 257 278 689 342 298 690 184 300 691 343 301 692 178 294 693 180 302 694 181 297 695 180 302 696 177 299 697 257 278 698 343 301 699 187 303 700 344 304 701 181 297 702 183 305 703 184 300 704 183 305 705 180 302 706 257 278 707 344 304 708 190 306 709 345 307 710 184 300 711 186 308 712 187 303 713 186 308 714 183 305 715 257 278 716 345 307 717 193 309 718 346 310 719 187 303 720 189 311 721 190 306 722 189 311 723 186 308 724 257 278 725 346 310 726 196 312 727 347 313 728 190 306 729 192 314 730 193 309 731 192 314 732 189 311 733 257 278 734 347 313 735 199 315 736 348 316 737 193 309 738 195 317 739 196 312 740 195 317 741 192 314 742 257 278 743 348 316 744 202 318 745 349 319 746 196 312 747 198 320 748 199 315 749 198 320 750 195 317 751 257 278 752 202 318 753 350 321 754 349 319 755 199 315 756 201 322 757 202 318 758 201 322 759 198 320 760 257 278 761 205 323 762 351 324 763 350 321 764 205 323 765 201 322 766 204 325 767 204 325 768 201 322 769 257 278 770 208 326 771 352 327 772 351 324 773 208 326 774 204 325 775 207 328 776 207 328 777 204 325 778 257 278 779 211 329 780 353 330 781 352 327 782 211 329 783 207 328 784 210 331 785 210 331 786 207 328 787 257 278 788 214 332 789 354 333 790 353 330 791 214 332 792 210 331 793 213 334 794 213 334 795 210 331 796 257 278 797 217 335 798 355 336 799 354 333 800 217 335 801 213 334 802 216 337 803 216 337 804 213 334 805 257 278 806 220 338 807 356 339 808 355 336 809 220 338 810 216 337 811 219 340 812 219 340 813 216 337 814 257 278 815 223 341 816 357 342 817 356 339 818 223 341 819 219 340 820 222 343 821 222 343 822 219 340 823 257 278 824 226 344 825 358 345 826 357 342 827 226 344 828 222 343 829 225 346 830 225 346 831 222 343 832 257 278 833 229 347 834 359 348 835 358 345 836 229 347 837 225 346 838 228 349 839 228 349 840 225 346 841 257 278 842 232 350 843 360 351 844 359 348 845 232 350 846 228 349 847 231 352 848 231 352 849 228 349 850 257 278 851 235 353 852 361 354 853 360 351 854 235 353 855 231 352 856 234 355 857 234 355 858 231 352 859 257 278 860 238 356 861 362 357 862 361 354 863 238 356 864 234 355 865 237 358 866 237 358 867 234 355 868 257 278 869 241 359 870 363 360 871 362 357 872 241 359 873 237 358 874 240 361 875 240 361 876 237 358 877 257 278 878 363 360 879 247 362 880 364 363 881 244 364 882 240 361 883 243 365 884 243 365 885 240 361 886 257 278 887 364 363 888 250 366 889 365 367 890 244 364 891 246 368 892 247 362 893 246 368 894 243 365 895 257 278 896 365 367 897 253 369 898 366 370 899 247 362 900 249 371 901 250 366 902 249 371 903 246 368 904 257 278 905 366 370 906 256 372 907 367 373 908 250 366 909 252 374 910 253 369 911 252 374 912 249 371 913 257 278 914 367 373 915 260 375 916 368 376 917 253 369 918 255 377 919 256 372 920 255 377 921 252 374 922 257 278 923 368 376 924 263 378 925 369 379 926 256 372 927 259 380 928 260 375 929 259 380 930 255 377 931 257 278 932 369 379 933 266 381 934 370 382 935 260 375 936 262 383 937 263 378 938 262 383 939 259 380 940 257 278 941 370 382 942 269 384 943 371 385 944 263 378 945 265 386 946 266 381 947 265 386 948 262 383 949 257 278 950 371 385 951 272 387 952 372 388 953 266 381 954 268 389 955 269 384 956 268 389 957 265 386 958 257 278 959 372 388 960 275 390 961 373 391 962 269 384 963 271 392 964 272 387 965 271 392 966 268 389 967 257 278 968 373 391 969 278 393 970 374 394 971 272 387 972 274 395 973 275 390 974 274 395 975 271 392 976 257 278 977 374 394 978 281 396 979 375 397 980 275 390 981 277 398 982 278 393 983 277 398 984 274 395 985 257 278 986 375 397 987 284 399 988 376 400 989 278 393 990 280 401 991 281 396 992 280 401 993 277 398 994 257 278 995 376 400 996 287 402 997 377 403 998 281 396 999 283 404 1000 284 399 1001 283 404 1002 280 401 1003 257 278 1004 287 402 1005 378 405 1006 377 403 1007 284 399 1008 286 406 1009 287 402 1010 286 406 1011 283 404 1012 257 278 1013 290 407 1014 379 408 1015 378 405 1016 290 407 1017 286 406 1018 289 409 1019 289 409 1020 286 406 1021 257 278 1022 293 410 1023 380 411 1024 379 408 1025 293 410 1026 289 409 1027 292 412 1028 292 412 1029 289 409 1030 257 278 1031 296 413 1032 381 414 1033 380 411 1034 296 413 1035 292 412 1036 295 415 1037 295 415 1038 292 412 1039 257 278 1040 299 416 1041 382 417 1042 381 414 1043 299 416 1044 295 415 1045 298 418 1046 298 418 1047 295 415 1048 257 278 1049 302 419 1050 383 420 1051 382 417 1052 302 419 1053 298 418 1054 301 421 1055 301 421 1056 298 418 1057 257 278 1058 305 422 1059 384 423 1060 383 420 1061 305 422 1062 301 421 1063 304 424 1064 304 424 1065 301 421 1066 257 278 1067 308 425 1068 385 426 1069 384 423 1070 308 425 1071 304 424 1072 307 427 1073 307 427 1074 304 424 1075 257 278 1076 311 428 1077 386 429 1078 385 426 1079 311 428 1080 307 427 1081 310 430 1082 310 430 1083 307 427 1084 257 278 1085 314 431 1086 387 432 1087 386 429 1088 314 431 1089 310 430 1090 313 433 1091 313 433 1092 310 430 1093 257 278 1094 317 434 1095 388 435 1096 387 432 1097 317 434 1098 313 433 1099 316 436 1100 316 436 1101 313 433 1102 257 278 1103 320 437 1104 389 438 1105 388 435 1106 320 437 1107 316 436 1108 319 439 1109 319 439 1110 316 436 1111 257 278 1112 323 440 1113 390 441 1114 389 438 1115 323 440 1116 319 439 1117 322 442 1118 322 442 1119 319 439 1120 257 278 1121 326 443 1122 391 444 1123 390 441 1124 326 443 1125 322 442 1126 325 445 1127 325 445 1128 322 442 1129 257 278 1130 329 446 1131 392 447 1132 391 444 1133 329 446 1134 325 445 1135 328 448 1136 328 448 1137 325 445 1138 257 278 1139 332 449 1140 334 450 1141 392 447 1142 332 449 1143 328 448 1144 331 451 1145 331 451 1146 328 448 1147 257 278 1148 334 450 1149 157 276 1150 333 271 1151 154 274 1152 331 451 1153 153 277 1154 153 277 1155 331 451 1156 257 278 1157 152 452 1158 333 271 1159 155 268 1160 392 447 1161 152 452 1162 330 152 1163 391 444 1164 330 152 1165 327 267 1166 390 441 1167 327 267 1168 324 265 1169 389 438 1170 324 265 1171 321 263 1172 388 435 1173 321 263 1174 318 261 1175 387 432 1176 318 261 1177 315 259 1178 386 429 1179 315 259 1180 312 257 1181 385 426 1182 312 257 1183 309 255 1184 384 423 1185 309 255 1186 306 253 1187 383 420 1188 306 253 1189 303 251 1190 382 417 1191 303 251 1192 300 249 1193 381 414 1194 300 249 1195 297 247 1196 380 411 1197 297 247 1198 294 245 1199 379 408 1200 294 245 1201 291 243 1202 378 405 1203 291 243 1204 288 241 1205 377 403 1206 288 241 1207 285 239 1208 282 237 1209 377 403 1210 285 239 1211 279 235 1212 376 400 1213 282 237 1214 276 233 1215 375 397 1216 279 235 1217 273 231 1218 374 394 1219 276 233 1220 270 229 1221 373 391 1222 273 231 1223 267 227 1224 372 388 1225 270 229 1226 264 225 1227 371 385 1228 267 227 1229 261 223 1230 370 382 1231 264 225 1232 258 221 1233 369 379 1234 261 223 1235 254 219 1236 368 376 1237 258 221 1238 251 217 1239 367 373 1240 254 219 1241 248 215 1242 366 370 1243 251 217 1244 245 213 1245 365 367 1246 248 215 1247 242 210 1248 364 363 1249 245 213 1250 362 357 1251 242 210 1252 239 208 1253 361 354 1254 239 208 1255 236 206 1256 360 351 1257 236 206 1258 233 204 1259 359 348 1260 233 204 1261 230 202 1262 358 345 1263 230 202 1264 227 200 1265 357 342 1266 227 200 1267 224 198 1268 356 339 1269 224 198 1270 221 196 1271 355 336 1272 221 196 1273 218 194 1274 354 333 1275 218 194 1276 215 192 1277 353 330 1278 215 192 1279 212 190 1280 352 327 1281 212 190 1282 209 188 1283 351 324 1284 209 188 1285 206 186 1286 350 321 1287 206 186 1288 203 184 1289 349 319 1290 203 184 1291 200 182 1292 197 180 1293 349 319 1294 200 182 1295 194 178 1296 348 316 1297 197 180 1298 191 176 1299 347 313 1300 194 178 1301 188 174 1302 346 310 1303 191 176 1304 185 172 1305 345 307 1306 188 174 1307 182 170 1308 344 304 1309 185 172 1310 179 168 1311 343 301 1312 182 170 1313 176 166 1314 342 298 1315 179 168 1316 173 164 1317 341 295 1318 176 166 1319 170 162 1320 340 292 1321 173 164 1322 167 160 1323 339 289 1324 170 162 1325 164 158 1326 338 286 1327 167 160 1328 161 156 1329 337 283 1330 164 158 1331 158 270 1332 336 280 1333 161 156 1334 155 268 1335 335 273 1336 158 270 1337 456 453 1338 396 155 1339 397 157 1340 455 454 1341 394 269 1342 396 155 1343 393 153 1344 512 455 1345 395 154 1346 395 154 1347 511 456 1348 452 266 1349 452 266 1350 510 457 1351 451 264 1352 451 264 1353 509 458 1354 450 262 1355 450 262 1356 508 459 1357 449 260 1358 449 260 1359 507 460 1360 448 258 1361 448 258 1362 506 461 1363 447 256 1364 447 256 1365 505 462 1366 446 254 1367 446 254 1368 504 463 1369 445 252 1370 445 252 1371 503 464 1372 444 250 1373 444 250 1374 502 465 1375 443 248 1376 443 248 1377 501 466 1378 442 246 1379 501 466 1380 441 244 1381 442 246 1382 500 467 1383 440 242 1384 441 244 1385 499 468 1386 439 240 1387 440 242 1388 498 469 1389 438 238 1390 439 240 1391 497 470 1392 437 236 1393 438 238 1394 496 471 1395 436 234 1396 437 236 1397 495 472 1398 435 232 1399 436 234 1400 494 473 1401 434 230 1402 435 232 1403 493 474 1404 433 228 1405 434 230 1406 492 475 1407 432 226 1408 433 228 1409 491 476 1410 431 224 1411 432 226 1412 490 477 1413 430 222 1414 431 224 1415 489 478 1416 429 220 1417 430 222 1418 488 479 1419 428 218 1420 429 220 1421 487 480 1422 427 216 1423 428 218 1424 486 481 1425 426 214 1426 427 216 1427 485 482 1428 425 212 1429 426 214 1430 484 483 1431 424 211 1432 425 212 1433 424 211 1434 482 484 1435 423 209 1436 423 209 1437 481 485 1438 422 207 1439 422 207 1440 480 486 1441 421 205 1442 421 205 1443 479 487 1444 420 203 1445 420 203 1446 478 488 1447 419 201 1448 419 201 1449 477 489 1450 418 199 1451 418 199 1452 476 490 1453 417 197 1454 417 197 1455 475 491 1456 416 195 1457 416 195 1458 474 492 1459 415 193 1460 415 193 1461 473 493 1462 414 191 1463 414 191 1464 472 494 1465 413 189 1466 413 189 1467 471 495 1468 412 187 1469 412 187 1470 470 496 1471 411 185 1472 411 185 1473 469 497 1474 410 183 1475 410 183 1476 468 498 1477 409 181 1478 409 181 1479 467 499 1480 408 179 1481 408 179 1482 466 500 1483 407 177 1484 407 177 1485 465 501 1486 406 175 1487 465 501 1488 405 173 1489 406 175 1490 464 502 1491 404 171 1492 405 173 1493 463 503 1494 403 169 1495 404 171 1496 462 504 1497 402 167 1498 403 169 1499 461 505 1500 401 165 1501 402 167 1502 460 506 1503 400 163 1504 401 165 1505 459 507 1506 399 161 1507 400 163 1508 458 508 1509 398 159 1510 399 161 1511 457 509 1512 397 157 1513 398 159 1514 454 510 1515 393 153 1516 394 269 1517 929 511 1518 736 512 1519 931 513 1520 745 514 1521 777 515 1522 744 516 1523 744 516 1524 768 517 1525 748 518 1526 747 519 1527 775 520 1528 746 521 1529 750 522 1530 765 523 1531 749 524 1532 746 521 1533 769 525 1534 750 522 1535 770 526 1536 751 527 1537 754 528 1538 774 529 1539 752 530 1540 753 531 1541 757 532 1542 543 533 1543 545 534 1544 776 535 1545 753 531 1546 694 536 1547 749 524 1548 780 537 1549 755 538 1550 771 539 1551 754 528 1552 756 540 1553 752 530 1554 778 541 1555 743 542 1556 748 518 1557 764 543 1558 747 519 1559 755 538 1560 771 539 1561 756 540 1562 742 544 1563 767 545 1564 741 546 1565 743 542 1566 772 547 1567 742 544 1568 837 548 1569 694 536 1570 836 549 1571 758 550 1572 545 534 1573 678 551 1574 702 552 1575 717 553 1576 704 554 1577 956 555 1578 842 556 1579 957 557 1580 547 558 1581 853 559 1582 854 560 1583 548 561 1584 854 560 1585 855 562 1586 561 563 1587 855 562 1588 868 564 1589 564 565 1590 868 564 1591 871 566 1592 552 567 1593 871 566 1594 859 568 1595 554 569 1596 859 568 1597 861 570 1598 556 571 1599 861 570 1600 863 572 1601 558 573 1602 863 572 1603 865 574 1604 560 575 1605 865 574 1606 867 576 1607 563 577 1608 867 576 1609 870 578 1610 551 579 1611 870 578 1612 858 580 1613 553 581 1614 858 580 1615 860 582 1616 555 583 1617 860 582 1618 862 584 1619 557 585 1620 862 584 1621 864 586 1622 559 587 1623 864 586 1624 866 588 1625 562 589 1626 866 588 1627 869 590 1628 852 591 1629 695 592 1630 851 593 1631 569 594 1632 600 595 1633 588 596 1634 581 597 1635 597 598 1636 600 595 1637 578 599 1638 595 600 1639 597 598 1640 576 601 1641 593 602 1642 595 600 1643 574 603 1644 591 604 1645 593 602 1646 572 605 1647 589 606 1648 591 604 1649 570 607 1650 601 608 1651 589 606 1652 582 609 1653 598 610 1654 601 608 1655 579 611 1656 596 612 1657 598 610 1658 577 613 1659 594 614 1660 596 612 1661 575 615 1662 592 616 1663 594 614 1664 573 617 1665 590 618 1666 592 616 1667 571 619 1668 602 620 1669 590 618 1670 583 621 1671 599 622 1672 602 620 1673 580 623 1674 586 624 1675 599 622 1676 567 625 1677 585 626 1678 586 624 1679 566 627 1680 584 628 1681 585 626 1682 700 629 1683 714 630 1684 703 631 1685 585 626 1686 622 632 1687 623 633 1688 586 624 1689 623 633 1690 624 634 1691 599 622 1692 624 634 1693 637 635 1694 602 620 1695 637 635 1696 640 636 1697 590 618 1698 640 636 1699 628 637 1700 592 616 1701 628 637 1702 630 638 1703 594 614 1704 630 638 1705 632 639 1706 596 612 1707 632 639 1708 634 640 1709 598 610 1710 634 640 1711 636 641 1712 601 608 1713 636 641 1714 639 642 1715 589 606 1716 639 642 1717 627 643 1718 591 604 1719 627 643 1720 629 644 1721 593 602 1722 629 644 1723 631 645 1724 595 600 1725 631 645 1726 633 646 1727 597 598 1728 633 646 1729 635 647 1730 600 595 1731 635 647 1732 638 648 1733 588 596 1734 638 648 1735 626 649 1736 550 650 1737 869 590 1738 857 651 1739 703 631 1740 720 652 1741 698 653 1742 829 654 1743 857 651 1744 879 655 1745 830 656 1746 588 596 1747 831 657 1748 607 658 1749 581 597 1750 569 594 1751 619 659 1752 578 599 1753 581 597 1754 616 660 1755 576 601 1756 578 599 1757 614 661 1758 574 603 1759 576 601 1760 612 662 1761 572 605 1762 574 603 1763 610 663 1764 570 607 1765 572 605 1766 608 664 1767 582 609 1768 570 607 1769 620 665 1770 579 611 1771 582 609 1772 617 666 1773 577 613 1774 579 611 1775 615 667 1776 575 615 1777 577 613 1778 613 668 1779 573 617 1780 575 615 1781 611 669 1782 571 619 1783 573 617 1784 609 670 1785 583 621 1786 571 619 1787 621 671 1788 580 623 1789 583 621 1790 618 672 1791 567 625 1792 580 623 1793 605 673 1794 566 627 1795 567 625 1796 604 674 1797 565 675 1798 566 627 1799 831 657 1800 626 649 1801 833 676 1802 623 633 1803 545 534 1804 543 533 1805 698 653 1806 719 677 1807 702 552 1808 832 678 1809 569 594 1810 830 656 1811 967 679 1812 845 680 1813 933 681 1814 910 682 1815 658 683 1816 655 684 1817 912 685 1818 644 686 1819 656 687 1820 914 688 1821 642 689 1822 1029 690 1823 910 682 1824 655 684 1825 1010 691 1826 915 692 1827 648 693 1828 646 694 1829 911 695 1830 646 694 1831 658 683 1832 917 696 1833 652 697 1834 650 698 1835 916 699 1836 650 698 1837 648 693 1838 919 700 1839 657 701 1840 654 702 1841 918 703 1842 654 702 1843 652 697 1844 921 704 1845 647 705 1846 645 706 1847 920 707 1848 645 706 1849 657 701 1850 923 708 1851 651 709 1852 649 710 1853 922 711 1854 649 710 1855 647 705 1856 925 712 1857 656 687 1858 653 713 1859 924 714 1860 653 713 1861 651 709 1862 906 715 1863 659 716 1864 835 717 1865 899 718 1866 999 719 1867 989 720 1868 675 721 1869 672 722 1870 1015 723 1871 882 724 1872 661 725 1873 673 726 1874 1015 723 1875 980 727 1876 984 728 1877 884 729 1878 665 730 1879 663 731 1880 987 732 1881 663 731 1882 675 721 1883 885 733 1884 669 734 1885 667 735 1886 893 736 1887 667 735 1888 665 730 1889 886 737 1890 674 738 1891 671 739 1892 894 740 1893 671 739 1894 669 734 1895 887 741 1896 664 742 1897 662 743 1898 895 744 1899 662 743 1900 674 738 1901 889 745 1902 668 746 1903 666 747 1904 1009 748 1905 981 749 1906 986 750 1907 896 751 1908 666 747 1909 664 742 1910 876 752 1911 738 753 1912 878 754 1913 913 755 1914 1007 756 1915 1028 757 1916 622 632 1917 678 551 1918 545 534 1919 584 628 1920 682 758 1921 622 632 1922 875 759 1923 715 760 1924 700 629 1925 565 675 1926 680 761 1927 584 628 1928 890 762 1929 673 726 1930 670 763 1931 603 764 1932 676 765 1933 565 675 1934 932 766 1935 641 767 1936 834 768 1937 683 769 1938 888 770 1939 899 718 1940 964 771 1941 851 593 1942 963 772 1943 960 773 1944 692 774 1945 959 775 1946 962 776 1947 691 777 1948 960 773 1949 835 717 1950 881 778 1951 906 715 1952 967 679 1953 900 779 1954 969 780 1955 838 781 1956 695 592 1957 836 549 1958 697 782 1959 801 783 1960 803 784 1961 677 785 1962 1027 786 1963 926 787 1964 907 788 1965 968 789 1966 844 790 1967 705 791 1968 899 718 1969 902 792 1970 903 793 1971 991 794 1972 995 795 1973 699 796 1974 926 787 1975 928 797 1976 716 798 1977 803 784 1978 802 799 1979 680 761 1980 702 552 1981 682 758 1982 853 559 1983 681 800 1984 603 764 1985 676 765 1986 698 653 1987 680 761 1988 681 800 1989 703 631 1990 676 765 1991 682 758 1992 704 554 1993 678 551 1994 706 801 1995 715 760 1996 707 802 1997 708 803 1998 802 799 1999 804 804 2000 872 805 2001 700 629 2002 681 800 2003 709 806 2004 719 677 2005 711 807 2006 712 808 2007 714 630 2008 706 801 2009 721 809 2010 902 792 2011 901 810 2012 711 807 2013 720 652 2014 712 808 2015 902 792 2016 989 720 2017 993 811 2018 718 812 2019 928 797 2020 927 813 2021 733 814 2022 729 815 2023 727 816 2024 735 817 2025 724 818 2026 730 819 2027 713 820 2028 901 810 2029 903 793 2030 732 821 2031 730 819 2032 729 815 2033 1023 822 2034 723 823 2035 1020 824 2036 929 511 2037 718 812 2038 927 813 2039 734 825 2040 725 826 2041 724 818 2042 763 827 2043 727 816 2044 762 828 2045 707 802 2046 874 829 2047 876 752 2048 878 754 2049 728 830 2050 877 831 2051 761 832 2052 733 814 2053 763 827 2054 706 801 2055 740 833 2056 734 825 2057 931 513 2058 731 834 2059 930 835 2060 711 807 2061 735 817 2062 732 821 2063 712 808 2064 734 825 2065 735 817 2066 709 806 2067 732 821 2068 733 814 2069 804 804 2070 763 827 2071 790 836 2072 790 836 2073 762 828 2074 805 837 2075 761 832 2076 717 553 2077 709 806 2078 759 838 2079 704 554 2080 717 553 2081 760 839 2082 678 551 2083 704 554 2084 801 783 2085 757 532 2086 758 550 2087 788 840 2088 756 540 2089 799 841 2090 785 842 2091 747 519 2092 794 843 2093 787 844 2094 743 542 2095 792 845 2096 798 846 2097 756 540 2098 754 528 2099 786 847 2100 755 538 2101 788 840 2102 796 848 2103 754 528 2104 751 527 2105 781 849 2106 745 514 2107 793 850 2108 797 851 2109 752 530 2110 787 844 2111 800 852 2112 751 527 2113 757 532 2114 784 853 2115 750 522 2116 795 854 2117 795 854 2118 749 524 2119 786 847 2120 782 855 2121 748 518 2122 785 842 2123 794 843 2124 746 521 2125 784 853 2126 793 850 2127 744 516 2128 782 855 2129 792 845 2130 742 544 2131 791 856 2132 791 856 2133 741 546 2134 781 849 2135 797 851 2136 694 536 2137 753 531 2138 961 857 2139 690 858 2140 962 776 2141 774 529 2142 626 649 2143 638 648 2144 778 541 2145 635 647 2146 633 646 2147 767 545 2148 631 645 2149 629 644 2150 777 515 2151 627 643 2152 639 642 2153 768 517 2154 634 640 2155 764 543 2156 769 525 2157 632 639 2158 630 638 2159 780 537 2160 628 637 2161 640 636 2162 770 526 2163 637 635 2164 624 634 2165 837 548 2166 625 859 2167 833 676 2168 766 860 2169 638 648 2170 635 647 2171 772 547 2172 633 646 2173 631 645 2174 779 861 2175 629 644 2176 627 643 2177 777 515 2178 636 641 2179 768 517 2180 764 543 2181 632 639 2182 775 520 2183 765 523 2184 630 638 2185 628 637 2186 771 539 2187 640 636 2188 637 635 2189 543 533 2190 624 634 2191 623 633 2192 741 546 2193 779 861 2194 745 514 2195 525 862 2196 783 863 2197 797 851 2198 535 864 2199 781 849 2200 526 865 2201 530 866 2202 791 856 2203 535 864 2204 536 867 2205 782 855 2206 532 868 2207 537 869 2208 784 853 2209 531 870 2210 532 868 2211 785 842 2212 527 871 2213 538 872 2214 786 847 2215 528 873 2216 531 870 2217 795 854 2218 538 872 2219 544 874 2220 796 848 2221 800 852 2222 525 862 2223 787 844 2224 534 875 2225 526 865 2226 793 850 2227 536 867 2228 539 876 2229 798 846 2230 796 848 2231 528 873 2232 788 840 2233 542 877 2234 540 878 2235 799 841 2236 798 846 2237 534 875 2238 792 845 2239 530 866 2240 527 871 2241 794 843 2242 537 869 2243 542 877 2244 799 841 2245 541 879 2246 679 880 2247 800 852 2248 801 783 2249 739 881 2250 805 837 2251 726 882 2252 708 803 2253 790 836 2254 739 881 2255 804 804 2256 759 838 2257 761 832 2258 802 799 2259 760 839 2260 759 838 2261 803 784 2262 758 550 2263 760 839 2264 828 883 2265 789 884 2266 838 781 2267 842 556 2268 529 885 2269 843 886 2270 851 593 2271 789 884 2272 840 887 2273 826 888 2274 697 782 2275 739 881 2276 679 880 2277 697 782 2278 826 888 2279 697 782 2280 716 798 2281 739 881 2282 539 876 2283 827 889 2284 811 890 2285 531 870 2286 825 891 2287 824 892 2288 544 874 2289 826 888 2290 827 889 2291 538 872 2292 819 893 2293 825 891 2294 532 868 2295 822 894 2296 823 895 2297 537 869 2298 824 892 2299 821 896 2300 530 866 2301 820 897 2302 817 898 2303 536 867 2304 823 895 2305 814 899 2306 527 871 2307 821 896 2308 822 894 2309 535 864 2310 815 900 2311 820 897 2312 542 877 2313 816 901 2314 818 902 2315 528 873 2316 818 902 2317 819 893 2318 534 875 2319 817 898 2320 807 903 2321 541 879 2322 812 904 2323 816 901 2324 526 865 2325 814 899 2326 815 900 2327 533 905 2328 808 906 2329 813 907 2330 828 883 2331 813 907 2332 839 908 2333 540 878 2334 811 890 2335 812 904 2336 529 885 2337 841 909 2338 843 886 2339 525 862 2340 807 903 2341 808 906 2342 739 881 2343 716 798 2344 708 803 2345 529 885 2346 839 908 2347 809 910 2348 533 905 2349 838 781 2350 783 863 2351 776 535 2352 833 676 2353 626 649 2354 1001 911 2355 903 793 2356 995 795 2357 783 863 2358 836 549 2359 694 536 2360 908 912 2361 834 768 2362 644 686 2363 606 913 2364 830 656 2365 568 914 2366 587 915 2367 833 676 2368 625 859 2369 568 914 2370 831 657 2371 587 915 2372 546 916 2373 879 655 2374 856 917 2375 773 918 2376 836 549 2377 695 592 2378 957 557 2379 843 886 2380 965 919 2381 843 886 2382 958 920 2383 965 919 2384 880 921 2385 546 916 2386 856 917 2387 568 914 2388 846 922 2389 606 913 2390 587 915 2391 848 923 2392 568 914 2393 625 859 2394 850 924 2395 587 915 2396 773 918 2397 849 925 2398 625 859 2399 964 771 2400 689 926 2401 961 857 2402 842 556 2403 840 887 2404 789 884 2405 641 767 2406 907 788 2407 891 927 2408 891 927 2409 844 790 2410 659 716 2411 933 681 2412 641 767 2413 909 928 2414 873 929 2415 967 679 2416 966 930 2417 963 772 2418 840 887 2419 956 555 2420 692 774 2421 966 930 2422 959 775 2423 846 922 2424 856 917 2425 606 913 2426 856 917 2427 832 678 2428 606 913 2429 740 833 2430 877 831 2431 725 826 2432 876 752 2433 718 812 2434 710 931 2435 677 785 2436 875 759 2437 872 805 2438 549 932 2439 872 805 2440 853 559 2441 699 796 2442 874 829 2443 875 759 2444 707 802 2445 878 754 2446 740 833 2447 879 655 2448 607 658 2449 832 678 2450 857 651 2451 619 659 2452 607 658 2453 869 590 2454 616 660 2455 619 659 2456 866 588 2457 614 661 2458 616 660 2459 864 586 2460 612 662 2461 614 661 2462 862 584 2463 610 663 2464 612 662 2465 860 582 2466 608 664 2467 610 663 2468 858 580 2469 620 665 2470 608 664 2471 870 578 2472 617 666 2473 620 665 2474 867 576 2475 615 667 2476 617 666 2477 865 574 2478 613 668 2479 615 667 2480 863 572 2481 611 669 2482 613 668 2483 861 570 2484 609 670 2485 611 669 2486 859 568 2487 621 671 2488 609 670 2489 871 566 2490 618 672 2491 621 671 2492 868 564 2493 605 673 2494 618 672 2495 855 562 2496 604 674 2497 605 673 2498 854 560 2499 603 764 2500 604 674 2501 644 686 2502 906 715 2503 881 778 2504 736 512 2505 904 933 2506 731 834 2507 834 768 2508 891 927 2509 906 715 2510 655 684 2511 892 934 2512 1011 935 2513 656 687 2514 881 778 2515 882 724 2516 646 694 2517 893 736 2518 884 729 2519 658 683 2520 884 729 2521 892 934 2522 650 698 2523 894 740 2524 885 733 2525 648 693 2526 885 733 2527 893 736 2528 654 702 2529 895 744 2530 886 737 2531 652 697 2532 886 737 2533 894 740 2534 645 706 2535 896 751 2536 887 741 2537 642 689 2538 1012 936 2539 883 937 2540 657 701 2541 887 741 2542 895 744 2543 649 710 2544 898 938 2545 889 745 2546 1029 690 2547 883 937 2548 1008 939 2549 647 705 2550 889 745 2551 896 751 2552 653 713 2553 882 724 2554 890 762 2555 651 709 2556 890 762 2557 898 938 2558 713 820 2559 905 940 2560 736 512 2561 847 941 2562 909 928 2563 546 916 2564 550 650 2565 932 766 2566 908 912 2567 738 753 2568 930 835 2569 728 830 2570 713 820 2571 927 813 2572 721 809 2573 927 813 2574 705 791 2575 721 809 2576 928 797 2577 683 769 2578 705 791 2579 926 787 2580 643 942 2581 683 769 2582 829 654 2583 909 928 2584 932 766 2585 549 932 2586 913 755 2587 1027 786 2588 557 585 2589 925 712 2590 924 714 2591 559 587 2592 912 685 2593 925 712 2594 553 581 2595 923 708 2596 922 711 2597 555 583 2598 924 714 2599 923 708 2600 563 577 2601 921 704 2602 920 707 2603 551 579 2604 922 711 2605 921 704 2606 558 573 2607 919 700 2608 918 703 2609 560 575 2610 920 707 2611 919 700 2612 554 569 2613 917 696 2614 916 699 2615 556 571 2616 918 703 2617 917 696 2618 564 565 2619 915 692 2620 911 695 2621 552 567 2622 916 699 2623 915 692 2624 548 561 2625 910 682 2626 914 688 2627 547 558 2628 914 688 2629 913 755 2630 562 589 2631 908 912 2632 912 685 2633 561 563 2634 911 695 2635 910 682 2636 710 931 2637 931 513 2638 738 753 2639 687 943 2640 938 944 2641 688 945 2642 693 946 2643 873 929 2644 944 947 2645 901 810 2646 993 811 2647 991 794 2648 689 926 2649 940 948 2650 690 858 2651 688 945 2652 939 949 2653 689 926 2654 691 777 2655 942 950 2656 692 774 2657 900 779 2658 693 946 2659 944 947 2660 806 951 2661 936 952 2662 686 953 2663 524 954 2664 943 955 2665 806 951 2666 690 858 2667 941 956 2668 691 777 2669 873 929 2670 942 950 2671 944 947 2672 938 944 2673 950 957 2674 939 949 2675 941 956 2676 953 958 2677 942 950 2678 940 948 2679 952 959 2680 941 956 2681 969 780 2682 685 960 2683 968 789 2684 936 952 2685 948 961 2686 937 962 2687 942 950 2688 954 963 2689 944 947 2690 934 964 2691 955 965 2692 943 955 2693 937 962 2694 949 966 2695 938 944 2696 943 955 2697 947 967 2698 936 952 2699 939 949 2700 951 968 2701 940 948 2702 959 775 2703 880 921 2704 846 922 2705 687 943 2706 956 555 2707 686 953 2708 966 930 2709 847 941 2710 880 921 2711 852 591 2712 961 857 2713 849 925 2714 965 919 2715 810 969 2716 524 954 2717 806 951 2718 965 919 2719 524 954 2720 849 925 2721 962 776 2722 850 924 2723 850 924 2724 960 773 2725 848 923 2726 848 923 2727 959 775 2728 846 922 2729 688 945 2730 963 772 2731 687 943 2732 686 953 2733 957 557 2734 806 951 2735 686 953 2736 937 962 2737 687 943 2738 945 970 2739 524 954 2740 810 969 2741 900 779 2742 935 971 2743 685 960 2744 845 680 2745 969 780 2746 907 788 2747 847 941 2748 967 679 2749 933 681 2750 944 947 2751 946 972 2752 935 971 2753 898 938 2754 670 763 2755 668 746 2756 970 973 2757 519 974 2758 971 975 2759 974 976 2760 518 977 2761 970 973 2762 977 978 2763 515 979 2764 975 980 2765 519 974 2766 973 981 2767 971 975 2768 975 980 2769 516 982 2770 972 983 2771 520 984 2772 976 985 2773 973 981 2774 522 986 2775 979 987 2776 1021 988 2777 521 989 2778 1021 988 2779 976 985 2780 978 990 2781 514 991 2782 977 978 2783 984 728 2784 978 990 2785 977 978 2786 981 749 2787 970 973 2788 986 750 2789 988 992 2790 971 975 2791 973 981 2792 1022 993 2793 976 985 2794 1021 988 2795 1002 994 2796 973 981 2797 976 985 2798 985 995 2799 970 973 2800 971 975 2801 982 996 2802 974 976 2803 981 749 2804 982 996 2805 975 980 2806 972 983 2807 983 997 2808 977 978 2809 975 980 2810 992 998 2811 1018 999 2812 1017 1000 2813 991 794 2814 994 1001 2815 992 998 2816 1023 822 2817 996 1002 2818 1019 1003 2819 1000 1004 2820 995 795 2821 996 1002 2822 905 940 2823 997 1005 2824 904 933 2825 1001 911 2826 998 1006 2827 997 1005 2828 994 1001 2829 1016 1007 2830 1018 999 2831 993 811 2832 990 1008 2833 994 1001 2834 996 1002 2835 1017 1000 2836 1019 1003 2837 995 795 2838 992 998 2839 996 1002 2840 990 1008 2841 999 719 2842 1024 1009 2843 1011 935 2844 987 732 2845 1013 1010 2846 1006 1011 2847 985 995 2848 988 992 2849 1008 939 2850 1003 1012 2851 1009 748 2852 1005 1013 2853 1004 1014 2854 1006 1011 2855 888 770 2856 1006 1011 2857 999 719 2858 1007 756 2859 1008 939 2860 897 1015 2861 999 719 2862 988 992 2863 1002 994 2864 913 755 2865 1029 690 2866 1007 756 2867 897 1015 2868 1009 748 2869 1004 1014 2870 897 1015 2871 1028 757 2872 1007 756 2873 643 942 2874 1005 1013 2875 888 770 2876 883 937 2877 1014 1016 2878 1003 1012 2879 1012 936 2880 1013 1010 2881 1014 1016 2882 1027 786 2883 1028 757 2884 643 942 2885 1010 691 2886 1011 935 2887 1012 936 2888 1014 1016 2889 981 749 2890 1003 1012 2891 1013 1010 2892 987 732 2893 1015 723 2894 1013 1010 2895 1015 723 2896 984 728 2897 1004 1014 2898 986 750 2899 985 995 2900 987 732 2901 675 721 2902 1015 723 2903 684 1017 2904 1026 1018 2905 1025 1019 2906 696 1020 2907 1017 1000 2908 722 1021 2909 1018 999 2910 684 1017 2911 701 1022 2912 737 1023 2913 1019 1003 2914 696 1020 2915 1017 1000 2916 701 1022 2917 722 1021 2918 660 1024 2919 1021 988 2920 979 987 2921 1016 1007 2922 1024 1009 2923 1026 1018 2924 1000 1004 2925 1020 824 2926 998 1006 2927 1025 1019 2928 1022 993 2929 660 1024 2930 1024 1009 2931 999 719 2932 1002 994 2933 1026 1018 2934 1002 994 2935 1022 993 2936 982 996 2937 1014 1016 2938 983 997 2939 1013 1010 2940 983 997 2941 1014 1016 2942 1027 786 2943 913 755 2944 1028 757 2945 913 755 2946 914 688 2947 1029 690 2948 642 689 2949 914 688 2950 1010 691 2951 914 688 2952 910 682 2953 1010 691 2954 884 729 2955 663 731 2956 987 732 2957 892 934 2958 884 729 2959 987 732 2960 972 983 2961 517 1025 2962 974 976 2963 1418 1026 2964 1228 1027 2965 1207 1028 2966 1236 1029 2967 1268 1030 2968 1270 1031 2969 1235 1032 2970 1259 1033 2971 1268 1030 2972 1238 1034 2973 1266 1035 2974 1255 1036 2975 1241 1037 2976 1256 1038 2977 1260 1039 2978 1237 1040 2979 1260 1039 2980 1266 1035 2981 1242 1041 2982 1261 1042 2983 1245 1043 2984 1243 1044 2985 1265 1045 2986 1244 1046 2987 1248 1047 2988 1058 1048 2989 1242 1041 2990 1267 1049 2991 1244 1046 2992 1265 1045 2993 1240 1050 2994 1271 1051 2995 1256 1038 2996 1245 1043 2997 1262 1052 2998 1247 1053 2999 1243 1044 3000 1269 1054 3001 1257 1055 3002 1239 1056 3003 1255 1036 3004 1259 1033 3005 1246 1057 3006 1262 1052 3007 1271 1051 3008 1233 1058 3009 1258 1059 3010 1263 1060 3011 1234 1061 3012 1263 1060 3013 1269 1054 3014 1190 1062 3015 1327 1063 3016 1326 1064 3017 1249 1065 3018 1060 1066 3019 1248 1047 3020 1196 1067 3021 1211 1068 3022 1213 1069 3023 1332 1070 3024 1443 1071 3025 1444 1072 3026 1342 1073 3027 1062 1074 3028 1343 1075 3029 1343 1075 3030 1063 1076 3031 1344 1077 3032 1344 1077 3033 1076 1078 3034 1357 1079 3035 1357 1079 3036 1079 1080 3037 1360 1081 3038 1360 1081 3039 1067 1082 3040 1348 1083 3041 1348 1083 3042 1069 1084 3043 1350 1085 3044 1350 1085 3045 1071 1086 3046 1352 1087 3047 1352 1087 3048 1073 1088 3049 1354 1089 3050 1354 1089 3051 1075 1090 3052 1356 1091 3053 1356 1091 3054 1078 1092 3055 1359 1093 3056 1359 1093 3057 1066 1094 3058 1347 1095 3059 1347 1095 3060 1068 1096 3061 1349 1097 3062 1349 1097 3063 1070 1098 3064 1351 1099 3065 1351 1099 3066 1072 1100 3067 1353 1101 3068 1353 1101 3069 1074 1102 3070 1355 1103 3071 1355 1103 3072 1077 1104 3073 1358 1105 3074 1191 1106 3075 1341 1107 3076 1340 1108 3077 1115 1109 3078 1084 1110 3079 1103 1111 3080 1112 1112 3081 1096 1113 3082 1115 1109 3083 1110 1114 3084 1093 1115 3085 1112 1112 3086 1108 1116 3087 1091 1117 3088 1110 1114 3089 1106 1118 3090 1089 1119 3091 1108 1116 3092 1104 1120 3093 1087 1121 3094 1106 1118 3095 1116 1122 3096 1085 1123 3097 1104 1120 3098 1113 1124 3099 1097 1125 3100 1116 1122 3101 1111 1126 3102 1094 1127 3103 1113 1124 3104 1109 1128 3105 1092 1129 3106 1111 1126 3107 1107 1130 3108 1090 1131 3109 1109 1128 3110 1105 1132 3111 1088 1133 3112 1107 1130 3113 1117 1134 3114 1086 1135 3115 1105 1132 3116 1114 1136 3117 1098 1137 3118 1117 1134 3119 1101 1138 3120 1095 1139 3121 1114 1136 3122 1100 1140 3123 1082 1141 3124 1101 1138 3125 1099 1142 3126 1081 1143 3127 1100 1140 3128 1195 1144 3129 1208 1145 3130 1209 1146 3131 1137 1147 3132 1100 1140 3133 1138 1148 3134 1138 1148 3135 1101 1138 3136 1139 1149 3137 1139 1149 3138 1114 1136 3139 1152 1150 3140 1152 1150 3141 1117 1134 3142 1155 1151 3143 1155 1151 3144 1105 1132 3145 1143 1152 3146 1143 1152 3147 1107 1130 3148 1145 1153 3149 1145 1153 3150 1109 1128 3151 1147 1154 3152 1147 1154 3153 1111 1126 3154 1149 1155 3155 1149 1155 3156 1113 1124 3157 1151 1156 3158 1151 1156 3159 1116 1122 3160 1154 1157 3161 1154 1157 3162 1104 1120 3163 1142 1158 3164 1142 1158 3165 1106 1118 3166 1144 1159 3167 1144 1159 3168 1108 1116 3169 1146 1160 3170 1146 1160 3171 1110 1114 3172 1148 1161 3173 1148 1161 3174 1112 1112 3175 1150 1162 3176 1150 1162 3177 1115 1109 3178 1153 1163 3179 1153 1163 3180 1103 1111 3181 1141 1164 3182 1358 1105 3183 1065 1165 3184 1346 1166 3185 1197 1167 3186 1214 1168 3187 1208 1145 3188 1346 1166 3189 1320 1169 3190 1368 1170 3191 1103 1111 3192 1321 1171 3193 1322 1172 3194 1096 1113 3195 1122 1173 3196 1084 1110 3197 1093 1115 3198 1134 1174 3199 1096 1113 3200 1091 1117 3201 1131 1175 3202 1093 1115 3203 1089 1119 3204 1129 1176 3205 1091 1117 3206 1087 1121 3207 1127 1177 3208 1089 1119 3209 1085 1123 3210 1125 1178 3211 1087 1121 3212 1097 1125 3213 1123 1179 3214 1085 1123 3215 1094 1127 3216 1135 1180 3217 1097 1125 3218 1092 1129 3219 1132 1181 3220 1094 1127 3221 1090 1131 3222 1130 1182 3223 1092 1129 3224 1088 1133 3225 1128 1183 3226 1090 1131 3227 1086 1135 3228 1126 1184 3229 1088 1133 3230 1098 1137 3231 1124 1185 3232 1086 1135 3233 1095 1139 3234 1136 1186 3235 1098 1137 3236 1082 1141 3237 1133 1187 3238 1095 1139 3239 1081 1143 3240 1120 1188 3241 1082 1141 3242 1080 1189 3243 1119 1190 3244 1081 1143 3245 1141 1164 3246 1322 1172 3247 1324 1191 3248 1060 1066 3249 1138 1148 3250 1058 1048 3251 1193 1192 3252 1213 1069 3253 1214 1168 3254 1084 1110 3255 1323 1193 3256 1321 1171 3257 1454 1194 3258 1422 1195 3259 1334 1196 3260 1399 1197 3261 1173 1198 3262 1400 1199 3263 1401 1200 3264 1159 1201 3265 1397 1202 3266 1403 1203 3267 1511 1204 3268 1157 1205 3269 1399 1197 3270 1493 1206 3271 1170 1207 3272 1404 1208 3273 1163 1209 3274 1405 1210 3275 1400 1199 3276 1161 1211 3277 1404 1208 3278 1406 1212 3279 1167 1213 3280 1407 1214 3281 1405 1210 3282 1165 1215 3283 1406 1212 3284 1408 1216 3285 1172 1217 3286 1409 1218 3287 1407 1214 3288 1169 1219 3289 1408 1216 3290 1410 1220 3291 1162 1221 3292 1411 1222 3293 1409 1218 3294 1160 1223 3295 1410 1220 3296 1412 1224 3297 1166 1225 3298 1413 1226 3299 1411 1222 3300 1164 1227 3301 1412 1224 3302 1414 1228 3303 1171 1229 3304 1401 1200 3305 1413 1226 3306 1168 1230 3307 1414 1228 3308 1395 1231 3309 659 716 3310 1380 1232 3311 1482 1233 3312 1388 1234 3313 1472 1235 3314 675 721 3315 1498 1236 3316 672 722 3317 1371 1237 3318 661 725 3319 1370 1238 3320 980 727 3321 1498 1236 3322 1467 1239 3323 1373 1240 3324 665 730 3325 1382 1241 3326 1470 1242 3327 675 721 3328 663 731 3329 1374 1243 3330 669 734 3331 1383 1244 3332 1382 1241 3333 667 735 3334 1374 1243 3335 1375 1245 3336 674 738 3337 1384 1246 3338 1383 1244 3339 671 739 3340 1375 1245 3341 1376 1247 3342 664 742 3343 1385 1248 3344 1384 1246 3345 662 743 3346 1376 1247 3347 1378 1249 3348 668 746 3349 1387 1250 3350 1492 1251 3351 1464 1252 3352 1486 1253 3353 1385 1248 3354 666 747 3355 1378 1249 3356 1365 1254 3357 1229 1255 3358 1204 1256 3359 1402 1257 3360 1510 1258 3361 1490 1259 3362 1137 1147 3363 1176 1260 3364 1180 1261 3365 1099 1142 3366 1180 1261 3367 1178 1262 3368 1364 1263 3369 1209 1146 3370 1363 1264 3371 1080 1189 3372 1178 1262 3373 1174 1265 3374 1379 1266 3375 673 726 3376 1371 1237 3377 1118 1267 3378 1174 1265 3379 1179 1268 3380 1421 1269 3381 1156 1270 3382 1398 1271 3383 1377 1272 3384 1181 1273 3385 1388 1234 3386 1340 1108 3387 1451 1274 3388 1450 1275 3389 1188 1276 3390 1447 1277 3391 1446 1278 3392 1187 1279 3393 1449 1280 3394 1447 1277 3395 1370 1238 3396 835 717 3397 1395 1231 3398 1389 1281 3399 1454 1194 3400 1455 1282 3401 1328 1283 3402 1191 1106 3403 1280 1284 3404 1292 1285 3405 1192 1286 3406 1294 1287 3407 1509 1288 3408 1175 1289 3409 1415 1290 3410 968 789 3411 1396 1291 3412 844 790 3413 1388 1234 3414 1199 1292 3415 1391 1293 3416 1474 1294 3417 1392 1295 3418 1478 1296 3419 1415 1290 3420 1194 1297 3421 1417 1298 3422 1294 1287 3423 1210 1299 3424 1293 1300 3425 1178 1262 3426 1196 1067 3427 1193 1192 3428 1342 1073 3429 1179 1268 3430 1361 1301 3431 1174 1265 3432 1193 1192 3433 1197 1167 3434 1179 1268 3435 1197 1167 3436 1195 1144 3437 1180 1261 3438 1198 1302 3439 1196 1067 3440 1209 1146 3441 1200 1303 3442 1201 1304 3443 1293 1300 3444 1202 1305 3445 1295 1306 3446 1361 1301 3447 1195 1144 3448 1364 1263 3449 1213 1069 3450 1203 1307 3451 1205 1308 3452 1208 1145 3453 1206 1309 3454 1200 1303 3455 1391 1293 3456 1215 1310 3457 1390 1311 3458 1214 1168 3459 1205 1308 3460 1206 1309 3461 1472 1235 3462 1391 1293 3463 1476 1312 3464 1417 1298 3465 1212 1313 3466 1416 1314 3467 1225 1315 3468 1221 1316 3469 1224 1317 3470 1227 1318 3471 1216 1319 3472 1226 1320 3473 1390 1311 3474 1207 1028 3475 1392 1295 3476 1224 1317 3477 1222 1321 3478 1227 1318 3479 1506 1322 3480 723 823 3481 737 1023 3482 1418 1026 3483 1212 1313 3484 1204 1256 3485 1226 1320 3486 1217 1323 3487 1231 1324 3488 1254 1325 3489 1219 1326 3490 1225 1315 3491 1363 1264 3492 1201 1304 3493 1365 1254 3494 1367 1327 3495 1220 1328 3496 1229 1255 3497 1252 1329 3498 1225 1315 3499 1203 1307 3500 1200 1303 3501 1231 1324 3502 1201 1304 3503 1420 1330 3504 1223 1331 3505 1228 1027 3506 1205 1308 3507 1227 1318 3508 1206 1309 3509 1206 1309 3510 1226 1320 3511 1200 1303 3512 1203 1307 3513 1224 1317 3514 1205 1308 3515 1295 1306 3516 1254 1325 3517 1252 1329 3518 1281 1332 3519 1253 1333 3520 1254 1325 3521 1211 1068 3522 1252 1329 3523 1203 1307 3524 1198 1302 3525 1250 1334 3526 1211 1068 3527 1176 1260 3528 1251 1335 3529 1198 1302 3530 1292 1285 3531 1248 1047 3532 1291 1336 3533 1247 1053 3534 1279 1337 3535 1290 1338 3536 1238 1034 3537 1276 1339 3538 1285 1340 3539 1234 1061 3540 1278 1341 3541 1283 1342 3542 1289 1343 3543 1247 1053 3544 1290 1338 3545 1246 1057 3546 1277 1344 3547 1279 1337 3548 1287 1345 3549 1245 1043 3550 1289 1343 3551 1236 1029 3552 1272 1346 3553 1284 1347 3554 1243 1044 3555 1288 1348 3556 1278 1341 3557 1291 1336 3558 1242 1041 3559 1287 1345 3560 1241 1037 3561 1275 1349 3562 1286 1350 3563 1240 1050 3564 1286 1350 3565 1277 1344 3566 1239 1056 3567 1273 1351 3568 1276 1339 3569 1237 1040 3570 1285 1340 3571 1275 1349 3572 1235 1032 3573 1284 1347 3574 1273 1351 3575 1233 1058 3576 1283 1342 3577 1282 1352 3578 1232 1353 3579 1282 1352 3580 1272 1346 3581 1288 1348 3582 1190 1062 3583 1274 1354 3584 1186 1355 3585 1448 1356 3586 1449 1280 3587 1265 1045 3588 1141 1164 3589 1267 1049 3590 1269 1054 3591 1150 1162 3592 1257 1055 3593 1258 1059 3594 1146 1160 3595 1263 1060 3596 1268 1030 3597 1142 1158 3598 1270 1031 3599 1149 1155 3600 1259 1033 3601 1255 1036 3602 1260 1039 3603 1147 1154 3604 1266 1035 3605 1271 1051 3606 1143 1152 3607 1256 1038 3608 1261 1042 3609 1152 1150 3610 1262 1052 3611 1327 1063 3612 1140 1357 3613 1264 1358 3614 1257 1055 3615 1153 1163 3616 1265 1045 3617 1263 1060 3618 1148 1161 3619 1269 1054 3620 1270 1031 3621 1144 1159 3622 1258 1059 3623 1151 1156 3624 1268 1030 3625 1259 1033 3626 1147 1154 3627 1255 1036 3628 1266 1035 3629 1256 1038 3630 1145 1153 3631 1260 1039 3632 1262 1052 3633 1155 1151 3634 1271 1051 3635 1058 1048 3636 1139 1149 3637 1261 1042 3638 1232 1353 3639 1270 1031 3640 1258 1059 3641 1040 1359 3642 1274 1354 3643 1048 1360 3644 1272 1346 3645 1050 1361 3646 1041 1362 3647 1282 1352 3648 1045 1363 3649 1050 1361 3650 1273 1351 3651 1051 1364 3652 1047 1365 3653 1275 1349 3654 1052 1366 3655 1046 1367 3656 1276 1339 3657 1047 1365 3658 1042 1368 3659 1277 1344 3660 1053 1369 3661 1043 1370 3662 1286 1350 3663 1046 1367 3664 1053 1369 3665 1059 1371 3666 1287 1345 3667 1054 1372 3668 1278 1341 3669 1040 1359 3670 1049 1373 3671 1284 1347 3672 1041 1362 3673 1051 1364 3674 1054 1372 3675 1289 1343 3676 1055 1374 3677 1279 1337 3678 1043 1370 3679 1057 1375 3680 1055 1374 3681 1290 1338 3682 1056 1376 3683 1283 1342 3684 1049 1373 3685 1045 1363 3686 1285 1340 3687 1042 1368 3688 1052 1366 3689 1290 1338 3690 1057 1375 3691 1056 1376 3692 1177 1377 3693 1291 1336 3694 1059 1371 3695 1230 1378 3696 1296 1379 3697 1281 1332 3698 1202 1305 3699 1281 1332 3700 1295 1306 3701 1250 1334 3702 1295 1306 3703 1252 1329 3704 1251 1335 3705 1293 1300 3706 1250 1334 3707 1249 1065 3708 1294 1287 3709 1251 1335 3710 1319 1380 3711 1280 1284 3712 1044 1381 3713 1044 1381 3714 1332 1070 3715 1333 1382 3716 1340 1108 3717 1280 1284 3718 1191 1106 3719 1317 1383 3720 1230 1378 3721 1192 1286 3722 1177 1377 3723 1317 1383 3724 1192 1286 3725 1192 1286 3726 1230 1378 3727 1210 1299 3728 1054 1372 3729 1318 1384 3730 1059 1371 3731 1046 1367 3732 1316 1385 3733 1053 1369 3734 1059 1371 3735 1317 1383 3736 1177 1377 3737 1053 1369 3738 1310 1386 3739 1043 1370 3740 1047 1365 3741 1313 1387 3742 1042 1368 3743 1052 1366 3744 1315 1388 3745 1046 1367 3746 1045 1363 3747 1311 1389 3748 1050 1361 3749 1051 1364 3750 1314 1390 3751 1047 1365 3752 1042 1368 3753 1312 1391 3754 1052 1366 3755 1050 1361 3756 1306 1392 3757 1041 1362 3758 1057 1375 3759 1307 1393 3760 1056 1376 3761 1043 1370 3762 1309 1394 3763 1057 1375 3764 1049 1373 3765 1308 1395 3766 1045 1363 3767 1056 1376 3768 1303 1396 3769 1055 1374 3770 1041 1362 3771 1305 1397 3772 1051 1364 3773 1048 1360 3774 1299 1398 3775 1040 1359 3776 1319 1380 3777 1304 1399 3778 1048 1360 3779 1055 1374 3780 1302 1400 3781 1054 1372 3782 1331 1401 3783 1044 1381 3784 1333 1382 3785 1040 1359 3786 1298 1402 3787 1049 1373 3788 1230 1378 3789 1202 1305 3790 1210 1299 3791 1044 1381 3792 1329 1403 3793 1319 1380 3794 1048 1360 3795 1328 1283 3796 1319 1380 3797 1267 1049 3798 1324 1191 3799 1327 1063 3800 1392 1295 3801 1484 1404 3802 1478 1296 3803 1274 1354 3804 1326 1064 3805 1328 1283 3806 1397 1202 3807 1325 1405 3808 1421 1269 3809 1321 1171 3810 1121 1406 3811 1083 1407 3812 1324 1191 3813 1102 1408 3814 1140 1357 3815 1322 1172 3816 1083 1407 3817 1102 1408 3818 1368 1170 3819 1061 1409 3820 1345 1410 3821 1326 1064 3822 1264 1358 3823 1191 1106 3824 1333 1382 3825 1444 1072 3826 1452 1411 3827 1445 1412 3828 1333 1382 3829 1452 1411 3830 1061 1409 3831 1369 1413 3832 1345 1410 3833 1335 1414 3834 1083 1407 3835 1121 1406 3836 1337 1415 3837 1102 1408 3838 1083 1407 3839 1339 1416 3840 1140 1357 3841 1102 1408 3842 1338 1417 3843 1264 1358 3844 1140 1357 3845 1185 1418 3846 1451 1274 3847 1448 1356 3848 1332 1070 3849 1280 1284 3850 1330 1419 3851 1396 1291 3852 1156 1270 3853 1380 1232 3854 844 790 3855 1380 1232 3856 659 716 3857 1156 1270 3858 1422 1195 3859 1398 1271 3860 1454 1194 3861 1362 1420 3862 1453 1421 3863 1450 1275 3864 1330 1419 3865 1340 1108 3866 1453 1421 3867 1188 1276 3868 1446 1278 3869 1345 1410 3870 1335 1414 3871 1121 1406 3872 1323 1193 3873 1345 1410 3874 1121 1406 3875 1231 1324 3876 1366 1422 3877 1367 1327 3878 1212 1313 3879 1365 1254 3880 1204 1256 3881 1175 1289 3882 1364 1263 3883 1194 1297 3884 1064 1423 3885 1361 1301 3886 1175 1289 3887 1194 1297 3888 1363 1264 3889 1212 1313 3890 1201 1304 3891 1367 1327 3892 1365 1254 3893 1122 1173 3894 1368 1170 3895 1323 1193 3896 1134 1174 3897 1346 1166 3898 1122 1173 3899 1131 1175 3900 1358 1105 3901 1134 1174 3902 1129 1176 3903 1355 1103 3904 1131 1175 3905 1127 1177 3906 1353 1101 3907 1129 1176 3908 1125 1178 3909 1351 1099 3910 1127 1177 3911 1123 1179 3912 1349 1097 3913 1125 1178 3914 1135 1180 3915 1347 1095 3916 1123 1179 3917 1132 1181 3918 1359 1093 3919 1135 1180 3920 1130 1182 3921 1356 1091 3922 1132 1181 3923 1128 1183 3924 1354 1089 3925 1130 1182 3926 1126 1184 3927 1352 1087 3928 1128 1183 3929 1124 1185 3930 1350 1085 3931 1126 1184 3932 1136 1186 3933 1348 1083 3934 1124 1185 3935 1133 1187 3936 1360 1081 3937 1136 1186 3938 1120 1188 3939 1357 1079 3940 1133 1187 3941 1119 1190 3942 1344 1077 3943 1120 1188 3944 1118 1267 3945 1343 1075 3946 1119 1190 3947 1159 1201 3948 1395 1231 3949 1325 1405 3950 1228 1027 3951 1393 1424 3952 1394 1425 3953 1325 1405 3954 1380 1232 3955 1156 1270 3956 1170 1207 3957 1381 1426 3958 1173 1198 3959 1171 1229 3960 1370 1238 3961 1159 1201 3962 1161 1211 3963 1382 1241 3964 1163 1209 3965 1173 1198 3966 1373 1240 3967 1161 1211 3968 1165 1215 3969 1383 1244 3970 1167 1213 3971 1163 1209 3972 1374 1243 3973 1165 1215 3974 1169 1219 3975 1384 1246 3976 1172 1217 3977 1167 1213 3978 1375 1245 3979 1169 1219 3980 1160 1223 3981 1385 1248 3982 1162 1221 3983 1157 1205 3984 1495 1427 3985 1493 1206 3986 1172 1217 3987 1376 1247 3988 1160 1223 3989 1164 1227 3990 1387 1250 3991 1166 1225 3992 1511 1204 3993 1372 1428 3994 1157 1205 3995 1162 1221 3996 1378 1249 3997 1164 1227 3998 1168 1230 3999 1371 1237 4000 1171 1229 4001 1166 1225 4002 1379 1266 4003 1168 1230 4004 1207 1028 4005 1394 1425 4006 1392 1295 4007 1398 1271 4008 1336 1429 4009 1061 1409 4010 1065 1165 4011 1421 1269 4012 1320 1169 4013 1229 1255 4014 1419 1430 4015 1420 1330 4016 1207 1028 4017 1416 1314 4018 1418 1026 4019 1199 1292 4020 1416 1314 4021 1215 1310 4022 1181 1273 4023 1417 1298 4024 1199 1292 4025 1158 1431 4026 1415 1290 4027 1181 1273 4028 1320 1169 4029 1398 1271 4030 1061 1409 4031 1064 1423 4032 1402 1257 4033 1062 1074 4034 1072 1100 4035 1414 1228 4036 1074 1102 4037 1074 1102 4038 1401 1200 4039 1077 1104 4040 1068 1096 4041 1412 1224 4042 1070 1098 4043 1070 1098 4044 1413 1226 4045 1072 1100 4046 1078 1092 4047 1410 1220 4048 1066 1094 4049 1066 1094 4050 1411 1222 4051 1068 1096 4052 1073 1088 4053 1408 1216 4054 1075 1090 4055 1075 1090 4056 1409 1218 4057 1078 1092 4058 1069 1084 4059 1406 1212 4060 1071 1086 4061 1071 1086 4062 1407 1214 4063 1073 1088 4064 1079 1080 4065 1404 1208 4066 1067 1082 4067 1067 1082 4068 1405 1210 4069 1069 1084 4070 1063 1076 4071 1399 1197 4072 1076 1078 4073 1062 1074 4074 1403 1203 4075 1063 1076 4076 1077 1104 4077 1397 1202 4078 1065 1165 4079 1076 1078 4080 1400 1199 4081 1079 1080 4082 1204 1256 4083 1420 1330 4084 1418 1026 4085 1426 1432 4086 1183 1433 4087 1184 1434 4088 1189 1435 4089 1432 1436 4090 1362 1420 4091 1476 1312 4092 1390 1311 4093 1474 1294 4094 1428 1437 4095 1185 1418 4096 1186 1355 4097 1427 1438 4098 1184 1434 4099 1185 1418 4100 1430 1439 4101 1187 1279 4102 1188 1276 4103 1389 1281 4104 1432 1436 4105 1189 1435 4106 1424 1440 4107 1297 1441 4108 1182 1442 4109 1431 1443 4110 1039 1444 4111 1297 1441 4112 1429 1445 4113 1186 1355 4114 1187 1279 4115 1362 1420 4116 1430 1439 4117 1188 1276 4118 1437 1446 4119 1426 1432 4120 1427 1438 4121 1440 1447 4122 1429 1445 4123 1430 1439 4124 1439 1448 4125 1428 1437 4126 1429 1445 4127 1455 1282 4128 685 960 4129 1389 1281 4130 1435 1449 4131 1424 1440 4132 1425 1450 4133 1441 1451 4134 1430 1439 4135 1432 1436 4136 1442 1452 4137 1423 1453 4138 1431 1443 4139 1436 1454 4140 1425 1450 4141 1426 1432 4142 1434 1455 4143 1431 1443 4144 1424 1440 4145 1438 1456 4146 1427 1438 4147 1428 1437 4148 1369 1413 4149 1446 1278 4150 1335 1414 4151 1183 1433 4152 1443 1071 4153 1450 1275 4154 1336 1429 4155 1453 1421 4156 1369 1413 4157 1448 1356 4158 1341 1107 4159 1338 1417 4160 1301 1457 4161 1452 1411 4162 1039 1444 4163 1452 1411 4164 1297 1441 4165 1039 1444 4166 1449 1280 4167 1338 1417 4168 1339 1416 4169 1447 1277 4170 1339 1416 4171 1337 1415 4172 1446 1278 4173 1337 1415 4174 1335 1414 4175 1450 1275 4176 1184 1434 4177 1183 1433 4178 1444 1072 4179 1182 1442 4180 1297 1441 4181 1425 1450 4182 1182 1442 4183 1183 1433 4184 1039 1444 4185 1433 1458 4186 1301 1457 4187 935 971 4188 1389 1281 4189 685 960 4190 1455 1282 4191 1334 1196 4192 1396 1291 4193 1336 1429 4194 1422 1195 4195 1454 1194 4196 946 972 4197 1432 1436 4198 935 971 4199 1387 1250 4200 670 763 4201 1379 1266 4202 1456 1459 4203 1035 1460 4204 1034 1461 4205 1460 1462 4206 1034 1461 4207 1033 1463 4208 1463 1464 4209 1031 1465 4210 1030 1466 4211 1459 1467 4212 1035 1460 4213 1457 1468 4214 1461 1469 4215 1032 1470 4216 1031 1465 4217 1462 1471 4218 1036 1472 4219 1459 1467 4220 979 987 4221 1038 1473 4222 1504 1474 4223 1504 1474 4224 1037 1475 4225 1462 1471 4226 978 990 4227 1030 1466 4228 513 1476 4229 1467 1239 4230 978 990 4231 980 727 4232 1456 1459 4233 1464 1252 4234 1469 1477 4235 1471 1478 4236 1457 1468 4237 1468 1479 4238 1505 1480 4239 1462 1471 4240 1485 1481 4241 1485 1481 4242 1459 1467 4243 1471 1478 4244 1468 1479 4245 1456 1459 4246 1469 1477 4247 1460 1462 4248 1465 1482 4249 1464 1252 4250 1465 1482 4251 1461 1469 4252 1466 1483 4253 1466 1483 4254 1463 1464 4255 1467 1239 4256 1501 1484 4257 1475 1485 4258 1500 1486 4259 1477 1487 4260 1474 1294 4261 1475 1485 4262 1479 1488 4263 1506 1322 4264 1502 1489 4265 1478 1296 4266 1483 1490 4267 1479 1488 4268 1394 1425 4269 1480 1491 4270 1484 1404 4271 1484 1404 4272 1481 1492 4273 1483 1490 4274 1499 1493 4275 1477 1487 4276 1501 1484 4277 1473 1494 4278 1476 1312 4279 1477 1487 4280 1500 1486 4281 1479 1488 4282 1502 1489 4283 1475 1485 4284 1478 1296 4285 1479 1488 4286 1473 1494 4287 1482 1233 4288 1472 1235 4289 1494 1495 4290 1470 1242 4291 1381 1426 4292 1489 1496 4293 1468 1479 4294 1487 1497 4295 1491 1498 4296 1486 1253 4297 1372 1428 4298 1488 1499 4299 1487 1497 4300 1386 1500 4301 1377 1272 4302 1489 1496 4303 1488 1499 4304 1490 1259 4305 1491 1498 4306 1511 1204 4307 1482 1233 4308 1471 1478 4309 1489 1496 4310 1402 1257 4311 1490 1259 4312 1511 1204 4313 1386 1500 4314 1492 1251 4315 1491 1498 4316 1386 1500 4317 1510 1258 4318 1488 1499 4319 1158 1431 4320 1488 1499 4321 1510 1258 4322 1372 1428 4323 1497 1501 4324 1495 1427 4325 1495 1427 4326 1496 1502 4327 1494 1495 4328 1509 1288 4329 1158 1431 4330 1510 1258 4331 1493 1206 4332 1494 1495 4333 1170 1207 4334 1464 1252 4335 1497 1501 4336 1486 1253 4337 1496 1502 4338 1498 1236 4339 1470 1242 4340 1496 1502 4341 1467 1239 4342 1498 1236 4343 1487 1497 4344 1469 1477 4345 1492 1251 4346 1470 1242 4347 1498 1236 4348 675 721 4349 684 1017 4350 1508 1503 4351 1499 1493 4352 696 1020 4353 1500 1486 4354 1502 1489 4355 684 1017 4356 1501 1484 4357 701 1022 4358 1502 1489 4359 737 1023 4360 696 1020 4361 701 1022 4362 1500 1486 4363 722 1021 4364 660 1024 4365 1504 1474 4366 1505 1480 4367 1499 1493 4368 1507 1504 4369 1473 1494 4370 1483 1490 4371 1503 1505 4372 1506 1322 4373 1025 1019 4374 1505 1480 4375 1508 1503 4376 1507 1504 4377 1485 1481 4378 1482 1233 4379 1508 1503 4380 1485 1481 4381 1507 1504 4382 1465 1482 4383 1466 1483 4384 1497 1501 4385 1466 1483 4386 1496 1502 4387 1497 1501 4388 1509 1288 4389 1510 1258 4390 1402 1257 4391 1402 1257 4392 1511 1204 4393 1403 1203 4394 1157 1205 4395 1493 1206 4396 1403 1203 4397 1403 1203 4398 1493 1206 4399 1399 1197 4400 1373 1240 4401 1470 1242 4402 663 731 4403 1381 1426 4404 1470 1242 4405 1373 1240 4406 1458 1506 4407 1033 1463 4408 1032 1470 4409 1 0 4410 12 17 4411 33 1 4412 16 3 4413 30 2 4414 39 7 4415 0 9 4416 11 14 4417 13 10 4418 13 10 4419 14 13 4420 3 12 4421 14 13 4422 12 17 4423 1 0 4424 11 14 4425 55 20 4426 9 15 4427 9 15 4428 10 16 4429 14 13 4430 10 16 4431 8 5 4432 12 17 4433 68 18 4434 72 21 4435 56 19 4436 72 21 4437 58 23 4438 54 22 4439 58 23 4440 59 53 4441 53 6 4442 15 24 4443 17 36 4444 21 25 4445 21 25 4446 17 36 4447 18 27 4448 22 28 4449 18 27 4450 16 3 4451 19 26 4452 21 25 4453 25 29 4454 25 29 4455 21 25 4456 22 28 4457 26 31 4458 22 28 4459 20 8 4460 49 33 4461 25 29 4462 26 31 4463 52 34 4464 26 31 4465 24 32 4466 15 24 4467 0 9 4468 2 11 4469 17 36 4470 2 11 4471 3 12 4472 18 27 4473 3 12 4474 1 0 4475 46 37 4476 32 48 4477 34 38 4478 34 38 4479 32 48 4480 30 2 4481 6 40 4482 34 38 4483 33 1 4484 64 41 4485 49 33 4486 52 34 4487 70 43 4488 67 52 4489 37 44 4490 65 42 4491 52 34 4492 51 35 4493 46 37 4494 43 54 4495 41 47 4496 41 47 4497 39 7 4498 30 2 4499 61 49 4500 6 40 4501 28 4 4502 71 51 4503 42 39 4504 6 40 4505 33 1 4506 12 17 4507 8 5 4508 56 19 4509 54 22 4510 10 16 4511 67 52 4512 66 46 4513 51 35 4514 54 22 4515 53 6 4516 8 5 4517 60 50 4518 28 4 4519 53 6 4520 29 45 4521 37 44 4522 39 7 4523 39 7 4524 37 44 4525 24 32 4526 69 55 4527 23 30 4528 49 33 4529 71 51 4530 63 57 4531 46 37 4532 62 56 4533 70 43 4534 29 45 4535 62 56 4536 43 54 4537 46 37 4538 74 58 4539 68 18 4540 55 20 4541 7 60 4542 5 73 4543 59 53 4544 35 61 4545 36 71 4546 61 49 4547 40 62 4548 62 56 4549 63 57 4550 45 64 4551 64 41 4552 65 42 4553 47 65 4554 65 42 4555 66 46 4556 48 66 4557 66 46 4558 67 52 4559 4 68 4560 68 18 4561 74 58 4562 50 67 4563 67 52 4564 70 43 4565 45 64 4566 27 75 4567 69 55 4568 36 71 4569 57 74 4570 71 51 4571 44 72 4572 7 60 4573 58 23 4574 44 72 4575 72 21 4576 68 18 4577 5 73 4578 35 61 4579 60 50 4580 57 74 4581 31 63 4582 63 57 4583 40 62 4584 38 70 4585 70 43 4586 27 75 4587 75 69 4588 74 58 4589 74 58 4590 73 59 4591 23 30 4592 109 76 4593 88 92 4594 77 77 4595 92 79 4596 96 108 4597 115 83 4598 76 84 4599 78 88 4600 89 85 4601 79 87 4602 90 89 4603 89 85 4604 77 77 4605 88 92 4606 90 89 4607 87 86 4608 89 85 4609 85 90 4610 90 89 4611 86 93 4612 85 90 4613 88 92 4614 84 82 4615 86 93 4616 132 94 4617 148 97 4618 144 95 4619 130 96 4620 134 98 4621 148 97 4622 129 81 4623 135 134 4624 134 98 4625 97 99 4626 93 103 4627 91 100 4628 97 99 4629 98 104 4630 94 102 4631 98 104 4632 96 108 4633 92 79 4634 101 105 4635 97 99 4636 95 101 4637 101 105 4638 102 107 4639 98 104 4640 102 107 4641 100 111 4642 96 108 4643 125 109 4644 128 110 4645 102 107 4646 128 110 4647 127 122 4648 100 111 4649 91 100 4650 93 103 4651 78 88 4652 93 103 4653 94 102 4654 79 87 4655 94 102 4656 92 79 4657 77 77 4658 110 112 4659 108 115 4660 122 113 4661 110 112 4662 109 76 4663 106 78 4664 82 116 4665 104 80 4666 109 76 4667 140 117 4668 141 121 4669 128 110 4670 113 118 4671 143 127 4672 146 119 4673 141 121 4674 142 142 4675 127 122 4676 122 113 4677 108 115 4678 117 123 4679 106 78 4680 115 83 4681 117 123 4682 137 125 4683 136 128 4684 104 80 4685 147 126 4686 137 125 4687 82 116 4688 109 76 4689 104 80 4690 84 82 4691 86 93 4692 130 96 4693 132 94 4694 127 122 4695 142 142 4696 143 127 4697 84 82 4698 129 81 4699 130 96 4700 136 128 4701 135 134 4702 129 81 4703 115 83 4704 113 118 4705 105 120 4706 100 111 4707 113 118 4708 115 83 4709 145 129 4710 140 117 4711 125 109 4712 147 126 4713 118 114 4714 122 113 4715 105 120 4716 146 119 4717 138 131 4718 122 113 4719 119 124 4720 138 131 4721 150 132 4722 149 151 4723 131 91 4724 83 133 4725 134 98 4726 135 134 4727 111 136 4728 136 128 4729 137 125 4730 139 130 4731 138 131 4732 116 138 4733 141 121 4734 140 117 4735 121 140 4736 142 142 4737 141 121 4738 123 141 4739 143 127 4740 142 142 4741 124 143 4742 150 132 4743 144 95 4744 80 145 4745 146 119 4746 143 127 4747 126 144 4748 121 140 4749 140 117 4750 145 129 4751 112 137 4752 137 125 4753 147 126 4754 120 150 4755 148 97 4756 134 98 4757 144 95 4758 148 97 4759 120 150 4760 81 135 4761 135 134 4762 136 128 4763 133 149 4764 147 126 4765 139 130 4766 116 138 4767 138 131 4768 146 119 4769 103 148 4770 145 129 4771 150 132 4772 99 106 4773 149 151 4774 150 132 4775 330 152 4776 152 452 4777 393 153 4778 396 155 4779 158 270 4780 161 156 4781 397 157 4782 161 156 4783 164 158 4784 398 159 4785 164 158 4786 167 160 4787 399 161 4788 167 160 4789 170 162 4790 400 163 4791 170 162 4792 173 164 4793 401 165 4794 173 164 4795 176 166 4796 402 167 4797 176 166 4798 179 168 4799 403 169 4800 179 168 4801 182 170 4802 404 171 4803 182 170 4804 185 172 4805 405 173 4806 185 172 4807 188 174 4808 406 175 4809 188 174 4810 191 176 4811 407 177 4812 191 176 4813 194 178 4814 408 179 4815 194 178 4816 197 180 4817 409 181 4818 197 180 4819 200 182 4820 410 183 4821 200 182 4822 203 184 4823 411 185 4824 203 184 4825 206 186 4826 412 187 4827 206 186 4828 209 188 4829 413 189 4830 209 188 4831 212 190 4832 414 191 4833 212 190 4834 215 192 4835 415 193 4836 215 192 4837 218 194 4838 416 195 4839 218 194 4840 221 196 4841 417 197 4842 221 196 4843 224 198 4844 418 199 4845 224 198 4846 227 200 4847 419 201 4848 227 200 4849 230 202 4850 420 203 4851 230 202 4852 233 204 4853 421 205 4854 233 204 4855 236 206 4856 422 207 4857 236 206 4858 239 208 4859 423 209 4860 239 208 4861 242 210 4862 242 210 4863 245 213 4864 425 212 4865 245 213 4866 248 215 4867 426 214 4868 248 215 4869 251 217 4870 427 216 4871 251 217 4872 254 219 4873 428 218 4874 254 219 4875 258 221 4876 429 220 4877 258 221 4878 261 223 4879 430 222 4880 261 223 4881 264 225 4882 431 224 4883 264 225 4884 267 227 4885 432 226 4886 267 227 4887 270 229 4888 433 228 4889 270 229 4890 273 231 4891 434 230 4892 273 231 4893 276 233 4894 435 232 4895 276 233 4896 279 235 4897 436 234 4898 279 235 4899 282 237 4900 437 236 4901 282 237 4902 285 239 4903 438 238 4904 285 239 4905 288 241 4906 439 240 4907 288 241 4908 291 243 4909 440 242 4910 291 243 4911 294 245 4912 441 244 4913 294 245 4914 297 247 4915 442 246 4916 297 247 4917 300 249 4918 443 248 4919 300 249 4920 303 251 4921 444 250 4922 303 251 4923 306 253 4924 445 252 4925 306 253 4926 309 255 4927 446 254 4928 309 255 4929 312 257 4930 447 256 4931 312 257 4932 315 259 4933 448 258 4934 315 259 4935 318 261 4936 449 260 4937 318 261 4938 321 263 4939 450 262 4940 321 263 4941 324 265 4942 451 264 4943 324 265 4944 327 267 4945 452 266 4946 327 267 4947 330 152 4948 395 154 4949 393 153 4950 152 452 4951 155 268 4952 394 269 4953 155 268 4954 158 270 4955 333 271 4956 157 276 4957 160 272 4958 154 274 4959 153 277 4960 156 275 4961 335 273 4962 160 272 4963 163 279 4964 157 276 4965 156 275 4966 159 281 4967 336 280 4968 163 279 4969 166 282 4970 160 272 4971 159 281 4972 162 284 4973 337 283 4974 166 282 4975 169 285 4976 163 279 4977 162 284 4978 165 287 4979 338 286 4980 169 285 4981 172 288 4982 166 282 4983 165 287 4984 168 290 4985 339 289 4986 172 288 4987 175 291 4988 169 285 4989 168 290 4990 171 293 4991 340 292 4992 175 291 4993 178 294 4994 172 288 4995 171 293 4996 174 296 4997 341 295 4998 178 294 4999 181 297 5000 175 291 5001 174 296 5002 177 299 5003 342 298 5004 181 297 5005 184 300 5006 178 294 5007 177 299 5008 180 302 5009 343 301 5010 184 300 5011 187 303 5012 181 297 5013 180 302 5014 183 305 5015 344 304 5016 187 303 5017 190 306 5018 184 300 5019 183 305 5020 186 308 5021 345 307 5022 190 306 5023 193 309 5024 187 303 5025 186 308 5026 189 311 5027 346 310 5028 193 309 5029 196 312 5030 190 306 5031 189 311 5032 192 314 5033 347 313 5034 196 312 5035 199 315 5036 193 309 5037 192 314 5038 195 317 5039 348 316 5040 199 315 5041 202 318 5042 196 312 5043 195 317 5044 198 320 5045 202 318 5046 205 323 5047 350 321 5048 199 315 5049 198 320 5050 201 322 5051 205 323 5052 208 326 5053 351 324 5054 205 323 5055 202 318 5056 201 322 5057 208 326 5058 211 329 5059 352 327 5060 208 326 5061 205 323 5062 204 325 5063 211 329 5064 214 332 5065 353 330 5066 211 329 5067 208 326 5068 207 328 5069 214 332 5070 217 335 5071 354 333 5072 214 332 5073 211 329 5074 210 331 5075 217 335 5076 220 338 5077 355 336 5078 217 335 5079 214 332 5080 213 334 5081 220 338 5082 223 341 5083 356 339 5084 220 338 5085 217 335 5086 216 337 5087 223 341 5088 226 344 5089 357 342 5090 223 341 5091 220 338 5092 219 340 5093 226 344 5094 229 347 5095 358 345 5096 226 344 5097 223 341 5098 222 343 5099 229 347 5100 232 350 5101 359 348 5102 229 347 5103 226 344 5104 225 346 5105 232 350 5106 235 353 5107 360 351 5108 232 350 5109 229 347 5110 228 349 5111 235 353 5112 238 356 5113 361 354 5114 235 353 5115 232 350 5116 231 352 5117 238 356 5118 241 359 5119 362 357 5120 238 356 5121 235 353 5122 234 355 5123 241 359 5124 244 364 5125 363 360 5126 241 359 5127 238 356 5128 237 358 5129 363 360 5130 244 364 5131 247 362 5132 244 364 5133 241 359 5134 240 361 5135 364 363 5136 247 362 5137 250 366 5138 244 364 5139 243 365 5140 246 368 5141 365 367 5142 250 366 5143 253 369 5144 247 362 5145 246 368 5146 249 371 5147 366 370 5148 253 369 5149 256 372 5150 250 366 5151 249 371 5152 252 374 5153 367 373 5154 256 372 5155 260 375 5156 253 369 5157 252 374 5158 255 377 5159 368 376 5160 260 375 5161 263 378 5162 256 372 5163 255 377 5164 259 380 5165 369 379 5166 263 378 5167 266 381 5168 260 375 5169 259 380 5170 262 383 5171 370 382 5172 266 381 5173 269 384 5174 263 378 5175 262 383 5176 265 386 5177 371 385 5178 269 384 5179 272 387 5180 266 381 5181 265 386 5182 268 389 5183 372 388 5184 272 387 5185 275 390 5186 269 384 5187 268 389 5188 271 392 5189 373 391 5190 275 390 5191 278 393 5192 272 387 5193 271 392 5194 274 395 5195 374 394 5196 278 393 5197 281 396 5198 275 390 5199 274 395 5200 277 398 5201 375 397 5202 281 396 5203 284 399 5204 278 393 5205 277 398 5206 280 401 5207 376 400 5208 284 399 5209 287 402 5210 281 396 5211 280 401 5212 283 404 5213 287 402 5214 290 407 5215 378 405 5216 284 399 5217 283 404 5218 286 406 5219 290 407 5220 293 410 5221 379 408 5222 290 407 5223 287 402 5224 286 406 5225 293 410 5226 296 413 5227 380 411 5228 293 410 5229 290 407 5230 289 409 5231 296 413 5232 299 416 5233 381 414 5234 296 413 5235 293 410 5236 292 412 5237 299 416 5238 302 419 5239 382 417 5240 299 416 5241 296 413 5242 295 415 5243 302 419 5244 305 422 5245 383 420 5246 302 419 5247 299 416 5248 298 418 5249 305 422 5250 308 425 5251 384 423 5252 305 422 5253 302 419 5254 301 421 5255 308 425 5256 311 428 5257 385 426 5258 308 425 5259 305 422 5260 304 424 5261 311 428 5262 314 431 5263 386 429 5264 311 428 5265 308 425 5266 307 427 5267 314 431 5268 317 434 5269 387 432 5270 314 431 5271 311 428 5272 310 430 5273 317 434 5274 320 437 5275 388 435 5276 317 434 5277 314 431 5278 313 433 5279 320 437 5280 323 440 5281 389 438 5282 320 437 5283 317 434 5284 316 436 5285 323 440 5286 326 443 5287 390 441 5288 323 440 5289 320 437 5290 319 439 5291 326 443 5292 329 446 5293 391 444 5294 326 443 5295 323 440 5296 322 442 5297 329 446 5298 332 449 5299 392 447 5300 329 446 5301 326 443 5302 325 445 5303 332 449 5304 154 274 5305 334 450 5306 332 449 5307 329 446 5308 328 448 5309 334 450 5310 154 274 5311 157 276 5312 154 274 5313 332 449 5314 331 451 5315 152 452 5316 334 450 5317 333 271 5318 392 447 5319 334 450 5320 152 452 5321 391 444 5322 392 447 5323 330 152 5324 390 441 5325 391 444 5326 327 267 5327 389 438 5328 390 441 5329 324 265 5330 388 435 5331 389 438 5332 321 263 5333 387 432 5334 388 435 5335 318 261 5336 386 429 5337 387 432 5338 315 259 5339 385 426 5340 386 429 5341 312 257 5342 384 423 5343 385 426 5344 309 255 5345 383 420 5346 384 423 5347 306 253 5348 382 417 5349 383 420 5350 303 251 5351 381 414 5352 382 417 5353 300 249 5354 380 411 5355 381 414 5356 297 247 5357 379 408 5358 380 411 5359 294 245 5360 378 405 5361 379 408 5362 291 243 5363 377 403 5364 378 405 5365 288 241 5366 282 237 5367 376 400 5368 377 403 5369 279 235 5370 375 397 5371 376 400 5372 276 233 5373 374 394 5374 375 397 5375 273 231 5376 373 391 5377 374 394 5378 270 229 5379 372 388 5380 373 391 5381 267 227 5382 371 385 5383 372 388 5384 264 225 5385 370 382 5386 371 385 5387 261 223 5388 369 379 5389 370 382 5390 258 221 5391 368 376 5392 369 379 5393 254 219 5394 367 373 5395 368 376 5396 251 217 5397 366 370 5398 367 373 5399 248 215 5400 365 367 5401 366 370 5402 245 213 5403 364 363 5404 365 367 5405 242 210 5406 363 360 5407 364 363 5408 362 357 5409 363 360 5410 242 210 5411 361 354 5412 362 357 5413 239 208 5414 360 351 5415 361 354 5416 236 206 5417 359 348 5418 360 351 5419 233 204 5420 358 345 5421 359 348 5422 230 202 5423 357 342 5424 358 345 5425 227 200 5426 356 339 5427 357 342 5428 224 198 5429 355 336 5430 356 339 5431 221 196 5432 354 333 5433 355 336 5434 218 194 5435 353 330 5436 354 333 5437 215 192 5438 352 327 5439 353 330 5440 212 190 5441 351 324 5442 352 327 5443 209 188 5444 350 321 5445 351 324 5446 206 186 5447 349 319 5448 350 321 5449 203 184 5450 197 180 5451 348 316 5452 349 319 5453 194 178 5454 347 313 5455 348 316 5456 191 176 5457 346 310 5458 347 313 5459 188 174 5460 345 307 5461 346 310 5462 185 172 5463 344 304 5464 345 307 5465 182 170 5466 343 301 5467 344 304 5468 179 168 5469 342 298 5470 343 301 5471 176 166 5472 341 295 5473 342 298 5474 173 164 5475 340 292 5476 341 295 5477 170 162 5478 339 289 5479 340 292 5480 167 160 5481 338 286 5482 339 289 5483 164 158 5484 337 283 5485 338 286 5486 161 156 5487 336 280 5488 337 283 5489 158 270 5490 335 273 5491 336 280 5492 155 268 5493 333 271 5494 335 273 5495 456 453 5496 455 454 5497 396 155 5498 455 454 5499 454 510 5500 394 269 5501 393 153 5502 453 1507 5503 512 455 5504 395 154 5505 512 455 5506 511 456 5507 452 266 5508 511 456 5509 510 457 5510 451 264 5511 510 457 5512 509 458 5513 450 262 5514 509 458 5515 508 459 5516 449 260 5517 508 459 5518 507 460 5519 448 258 5520 507 460 5521 506 461 5522 447 256 5523 506 461 5524 505 462 5525 446 254 5526 505 462 5527 504 463 5528 445 252 5529 504 463 5530 503 464 5531 444 250 5532 503 464 5533 502 465 5534 443 248 5535 502 465 5536 501 466 5537 501 466 5538 500 467 5539 441 244 5540 500 467 5541 499 468 5542 440 242 5543 499 468 5544 498 469 5545 439 240 5546 498 469 5547 497 470 5548 438 238 5549 497 470 5550 496 471 5551 437 236 5552 496 471 5553 495 472 5554 436 234 5555 495 472 5556 494 473 5557 435 232 5558 494 473 5559 493 474 5560 434 230 5561 493 474 5562 492 475 5563 433 228 5564 492 475 5565 491 476 5566 432 226 5567 491 476 5568 490 477 5569 431 224 5570 490 477 5571 489 478 5572 430 222 5573 489 478 5574 488 479 5575 429 220 5576 488 479 5577 487 480 5578 428 218 5579 487 480 5580 486 481 5581 427 216 5582 486 481 5583 485 482 5584 426 214 5585 485 482 5586 484 483 5587 425 212 5588 484 483 5589 483 1508 5590 424 211 5591 424 211 5592 483 1508 5593 482 484 5594 423 209 5595 482 484 5596 481 485 5597 422 207 5598 481 485 5599 480 486 5600 421 205 5601 480 486 5602 479 487 5603 420 203 5604 479 487 5605 478 488 5606 419 201 5607 478 488 5608 477 489 5609 418 199 5610 477 489 5611 476 490 5612 417 197 5613 476 490 5614 475 491 5615 416 195 5616 475 491 5617 474 492 5618 415 193 5619 474 492 5620 473 493 5621 414 191 5622 473 493 5623 472 494 5624 413 189 5625 472 494 5626 471 495 5627 412 187 5628 471 495 5629 470 496 5630 411 185 5631 470 496 5632 469 497 5633 410 183 5634 469 497 5635 468 498 5636 409 181 5637 468 498 5638 467 499 5639 408 179 5640 467 499 5641 466 500 5642 407 177 5643 466 500 5644 465 501 5645 465 501 5646 464 502 5647 405 173 5648 464 502 5649 463 503 5650 404 171 5651 463 503 5652 462 504 5653 403 169 5654 462 504 5655 461 505 5656 402 167 5657 461 505 5658 460 506 5659 401 165 5660 460 506 5661 459 507 5662 400 163 5663 459 507 5664 458 508 5665 399 161 5666 458 508 5667 457 509 5668 398 159 5669 457 509 5670 456 453 5671 397 157 5672 454 510 5673 453 1507 5674 393 153 5675 929 511 5676 713 820 5677 736 512 5678 745 514 5679 779 861 5680 777 515 5681 744 516 5682 777 515 5683 768 517 5684 747 519 5685 764 543 5686 775 520 5687 750 522 5688 769 525 5689 765 523 5690 746 521 5691 775 520 5692 769 525 5693 770 526 5694 543 533 5695 751 527 5696 774 529 5697 766 860 5698 752 530 5699 757 532 5700 751 527 5701 543 533 5702 776 535 5703 774 529 5704 753 531 5705 749 524 5706 765 523 5707 780 537 5708 771 539 5709 770 526 5710 754 528 5711 752 530 5712 766 860 5713 778 541 5714 748 518 5715 768 517 5716 764 543 5717 755 538 5718 780 537 5719 771 539 5720 742 544 5721 772 547 5722 767 545 5723 743 542 5724 778 541 5725 772 547 5726 837 548 5727 776 535 5728 694 536 5729 758 550 5730 757 532 5731 545 534 5732 702 552 5733 719 677 5734 717 553 5735 956 555 5736 840 887 5737 842 556 5738 547 558 5739 549 932 5740 853 559 5741 548 561 5742 547 558 5743 854 560 5744 561 563 5745 548 561 5746 855 562 5747 564 565 5748 561 563 5749 868 564 5750 552 567 5751 564 565 5752 871 566 5753 554 569 5754 552 567 5755 859 568 5756 556 571 5757 554 569 5758 861 570 5759 558 573 5760 556 571 5761 863 572 5762 560 575 5763 558 573 5764 865 574 5765 563 577 5766 560 575 5767 867 576 5768 551 579 5769 563 577 5770 870 578 5771 553 581 5772 551 579 5773 858 580 5774 555 583 5775 553 581 5776 860 582 5777 557 585 5778 555 583 5779 862 584 5780 559 587 5781 557 585 5782 864 586 5783 562 589 5784 559 587 5785 866 588 5786 852 591 5787 773 918 5788 695 592 5789 569 594 5790 581 597 5791 600 595 5792 581 597 5793 578 599 5794 597 598 5795 578 599 5796 576 601 5797 595 600 5798 576 601 5799 574 603 5800 593 602 5801 574 603 5802 572 605 5803 591 604 5804 572 605 5805 570 607 5806 589 606 5807 570 607 5808 582 609 5809 601 608 5810 582 609 5811 579 611 5812 598 610 5813 579 611 5814 577 613 5815 596 612 5816 577 613 5817 575 615 5818 594 614 5819 575 615 5820 573 617 5821 592 616 5822 573 617 5823 571 619 5824 590 618 5825 571 619 5826 583 621 5827 602 620 5828 583 621 5829 580 623 5830 599 622 5831 580 623 5832 567 625 5833 586 624 5834 567 625 5835 566 627 5836 585 626 5837 566 627 5838 565 675 5839 584 628 5840 700 629 5841 715 760 5842 714 630 5843 585 626 5844 584 628 5845 622 632 5846 586 624 5847 585 626 5848 623 633 5849 599 622 5850 586 624 5851 624 634 5852 602 620 5853 599 622 5854 637 635 5855 590 618 5856 602 620 5857 640 636 5858 592 616 5859 590 618 5860 628 637 5861 594 614 5862 592 616 5863 630 638 5864 596 612 5865 594 614 5866 632 639 5867 598 610 5868 596 612 5869 634 640 5870 601 608 5871 598 610 5872 636 641 5873 589 606 5874 601 608 5875 639 642 5876 591 604 5877 589 606 5878 627 643 5879 593 602 5880 591 604 5881 629 644 5882 595 600 5883 593 602 5884 631 645 5885 597 598 5886 595 600 5887 633 646 5888 600 595 5889 597 598 5890 635 647 5891 588 596 5892 600 595 5893 638 648 5894 550 650 5895 562 589 5896 869 590 5897 703 631 5898 714 630 5899 720 652 5900 829 654 5901 550 650 5902 857 651 5903 830 656 5904 569 594 5905 588 596 5906 607 658 5907 619 659 5908 581 597 5909 619 659 5910 616 660 5911 578 599 5912 616 660 5913 614 661 5914 576 601 5915 614 661 5916 612 662 5917 574 603 5918 612 662 5919 610 663 5920 572 605 5921 610 663 5922 608 664 5923 570 607 5924 608 664 5925 620 665 5926 582 609 5927 620 665 5928 617 666 5929 579 611 5930 617 666 5931 615 667 5932 577 613 5933 615 667 5934 613 668 5935 575 615 5936 613 668 5937 611 669 5938 573 617 5939 611 669 5940 609 670 5941 571 619 5942 609 670 5943 621 671 5944 583 621 5945 621 671 5946 618 672 5947 580 623 5948 618 672 5949 605 673 5950 567 625 5951 605 673 5952 604 674 5953 566 627 5954 604 674 5955 603 764 5956 565 675 5957 831 657 5958 588 596 5959 626 649 5960 623 633 5961 622 632 5962 545 534 5963 698 653 5964 720 652 5965 719 677 5966 832 678 5967 607 658 5968 569 594 5969 910 682 5970 911 695 5971 658 683 5972 912 685 5973 908 912 5974 644 686 5975 915 692 5976 916 699 5977 648 693 5978 911 695 5979 915 692 5980 646 694 5981 917 696 5982 918 703 5983 652 697 5984 916 699 5985 917 696 5986 650 698 5987 919 700 5988 920 707 5989 657 701 5990 918 703 5991 919 700 5992 654 702 5993 921 704 5994 922 711 5995 647 705 5996 920 707 5997 921 704 5998 645 706 5999 923 708 6000 924 714 6001 651 709 6002 922 711 6003 923 708 6004 649 710 6005 925 712 6006 912 685 6007 656 687 6008 924 714 6009 925 712 6010 653 713 6011 906 715 6012 891 927 6013 659 716 6014 899 718 6015 888 770 6016 999 719 6017 882 724 6018 881 778 6019 661 725 6020 1015 723 6021 672 722 6022 980 727 6023 884 729 6024 893 736 6025 665 730 6026 885 733 6027 894 740 6028 669 734 6029 893 736 6030 885 733 6031 667 735 6032 886 737 6033 895 744 6034 674 738 6035 894 740 6036 886 737 6037 671 739 6038 887 741 6039 896 751 6040 664 742 6041 895 744 6042 887 741 6043 662 743 6044 889 745 6045 898 938 6046 668 746 6047 1009 748 6048 1003 1012 6049 981 749 6050 896 751 6051 889 745 6052 666 747 6053 876 752 6054 710 931 6055 738 753 6056 622 632 6057 682 758 6058 678 551 6059 584 628 6060 680 761 6061 682 758 6062 875 759 6063 874 829 6064 715 760 6065 565 675 6066 676 765 6067 680 761 6068 890 762 6069 882 724 6070 673 726 6071 603 764 6072 681 800 6073 676 765 6074 932 766 6075 909 928 6076 641 767 6077 683 769 6078 643 942 6079 888 770 6080 964 771 6081 852 591 6082 851 593 6083 960 773 6084 691 777 6085 692 774 6086 962 776 6087 690 858 6088 691 777 6089 835 717 6090 661 725 6091 881 778 6092 967 679 6093 693 946 6094 900 779 6095 838 781 6096 789 884 6097 695 592 6098 697 782 6099 679 880 6100 801 783 6101 677 785 6102 549 932 6103 1027 786 6104 907 788 6105 969 780 6106 968 789 6107 705 791 6108 683 769 6109 899 718 6110 903 793 6111 901 810 6112 991 794 6113 699 796 6114 677 785 6115 926 787 6116 716 798 6117 697 782 6118 803 784 6119 680 761 6120 698 653 6121 702 552 6122 853 559 6123 872 805 6124 681 800 6125 676 765 6126 703 631 6127 698 653 6128 681 800 6129 700 629 6130 703 631 6131 682 758 6132 702 552 6133 704 554 6134 706 801 6135 714 630 6136 715 760 6137 708 803 6138 716 798 6139 802 799 6140 872 805 6141 875 759 6142 700 629 6143 709 806 6144 717 553 6145 719 677 6146 712 808 6147 720 652 6148 714 630 6149 721 809 6150 705 791 6151 902 792 6152 711 807 6153 719 677 6154 720 652 6155 902 792 6156 899 718 6157 989 720 6158 718 812 6159 699 796 6160 928 797 6161 733 814 6162 732 821 6163 729 815 6164 735 817 6165 734 825 6166 724 818 6167 713 820 6168 721 809 6169 901 810 6170 732 821 6171 735 817 6172 730 819 6173 1023 822 6174 737 1023 6175 723 823 6176 929 511 6177 710 931 6178 718 812 6179 734 825 6180 740 833 6181 725 826 6182 763 827 6183 733 814 6184 727 816 6185 707 802 6186 715 760 6187 874 829 6188 878 754 6189 738 753 6190 728 830 6191 761 832 6192 709 806 6193 733 814 6194 706 801 6195 707 802 6196 740 833 6197 931 513 6198 736 512 6199 731 834 6200 711 807 6201 712 808 6202 735 817 6203 712 808 6204 706 801 6205 734 825 6206 709 806 6207 711 807 6208 732 821 6209 804 804 6210 761 832 6211 763 827 6212 790 836 6213 763 827 6214 762 828 6215 761 832 6216 759 838 6217 717 553 6218 759 838 6219 760 839 6220 704 554 6221 760 839 6222 758 550 6223 678 551 6224 801 783 6225 800 852 6226 757 532 6227 788 840 6228 755 538 6229 756 540 6230 785 842 6231 748 518 6232 747 519 6233 787 844 6234 752 530 6235 743 542 6236 798 846 6237 799 841 6238 756 540 6239 786 847 6240 749 524 6241 755 538 6242 796 848 6243 798 846 6244 754 528 6245 781 849 6246 741 546 6247 745 514 6248 797 851 6249 753 531 6250 752 530 6251 800 852 6252 796 848 6253 751 527 6254 784 853 6255 746 521 6256 750 522 6257 795 854 6258 750 522 6259 749 524 6260 782 855 6261 744 516 6262 748 518 6263 794 843 6264 747 519 6265 746 521 6266 793 850 6267 745 514 6268 744 516 6269 792 845 6270 743 542 6271 742 544 6272 791 856 6273 742 544 6274 741 546 6275 797 851 6276 783 863 6277 694 536 6278 961 857 6279 689 926 6280 690 858 6281 774 529 6282 776 535 6283 626 649 6284 778 541 6285 766 860 6286 635 647 6287 767 545 6288 772 547 6289 631 645 6290 777 515 6291 779 861 6292 627 643 6293 768 517 6294 636 641 6295 634 640 6296 769 525 6297 775 520 6298 632 639 6299 780 537 6300 765 523 6301 628 637 6302 770 526 6303 771 539 6304 637 635 6305 837 548 6306 773 918 6307 625 859 6308 766 860 6309 774 529 6310 638 648 6311 772 547 6312 778 541 6313 633 646 6314 779 861 6315 767 545 6316 629 644 6317 777 515 6318 639 642 6319 636 641 6320 764 543 6321 634 640 6322 632 639 6323 765 523 6324 769 525 6325 630 638 6326 771 539 6327 780 537 6328 640 636 6329 543 533 6330 770 526 6331 624 634 6332 741 546 6333 767 545 6334 779 861 6335 525 862 6336 533 905 6337 783 863 6338 535 864 6339 791 856 6340 781 849 6341 530 866 6342 792 845 6343 791 856 6344 536 867 6345 793 850 6346 782 855 6347 537 869 6348 794 843 6349 784 853 6350 532 868 6351 782 855 6352 785 842 6353 538 872 6354 795 854 6355 786 847 6356 531 870 6357 784 853 6358 795 854 6359 544 874 6360 539 876 6361 796 848 6362 525 862 6363 797 851 6364 787 844 6365 526 865 6366 781 849 6367 793 850 6368 539 876 6369 540 878 6370 798 846 6371 528 873 6372 786 847 6373 788 840 6374 540 878 6375 541 879 6376 799 841 6377 534 875 6378 787 844 6379 792 845 6380 527 871 6381 785 842 6382 794 843 6383 542 877 6384 788 840 6385 799 841 6386 679 880 6387 544 874 6388 800 852 6389 739 881 6390 790 836 6391 805 837 6392 708 803 6393 804 804 6394 790 836 6395 804 804 6396 802 799 6397 759 838 6398 802 799 6399 803 784 6400 760 839 6401 803 784 6402 801 783 6403 758 550 6404 828 883 6405 529 885 6406 789 884 6407 842 556 6408 789 884 6409 529 885 6410 851 593 6411 695 592 6412 789 884 6413 539 876 6414 544 874 6415 827 889 6416 531 870 6417 538 872 6418 825 891 6419 544 874 6420 679 880 6421 826 888 6422 538 872 6423 528 873 6424 819 893 6425 532 868 6426 527 871 6427 822 894 6428 537 869 6429 531 870 6430 824 892 6431 530 866 6432 535 864 6433 820 897 6434 536 867 6435 532 868 6436 823 895 6437 527 871 6438 537 869 6439 821 896 6440 535 864 6441 526 865 6442 815 900 6443 542 877 6444 541 879 6445 816 901 6446 528 873 6447 542 877 6448 818 902 6449 534 875 6450 530 866 6451 817 898 6452 541 879 6453 540 878 6454 812 904 6455 526 865 6456 536 867 6457 814 899 6458 533 905 6459 525 862 6460 808 906 6461 828 883 6462 533 905 6463 813 907 6464 540 878 6465 539 876 6466 811 890 6467 529 885 6468 809 910 6469 841 909 6470 525 862 6471 534 875 6472 807 903 6473 529 885 6474 828 883 6475 839 908 6476 533 905 6477 828 883 6478 838 781 6479 776 535 6480 837 548 6481 833 676 6482 1001 911 6483 905 940 6484 903 793 6485 783 863 6486 838 781 6487 836 549 6488 908 912 6489 932 766 6490 834 768 6491 606 913 6492 832 678 6493 830 656 6494 587 915 6495 831 657 6496 833 676 6497 568 914 6498 830 656 6499 831 657 6500 546 916 6501 829 654 6502 879 655 6503 773 918 6504 837 548 6505 836 549 6506 957 557 6507 842 556 6508 843 886 6509 843 886 6510 841 909 6511 958 920 6512 880 921 6513 847 941 6514 546 916 6515 568 914 6516 848 923 6517 846 922 6518 587 915 6519 850 924 6520 848 923 6521 625 859 6522 849 925 6523 850 924 6524 773 918 6525 852 591 6526 849 925 6527 964 771 6528 688 945 6529 689 926 6530 641 767 6531 845 680 6532 907 788 6533 891 927 6534 907 788 6535 844 790 6536 933 681 6537 845 680 6538 641 767 6539 873 929 6540 693 946 6541 967 679 6542 963 772 6543 851 593 6544 840 887 6545 692 774 6546 873 929 6547 966 930 6548 846 922 6549 880 921 6550 856 917 6551 856 917 6552 879 655 6553 832 678 6554 740 833 6555 878 754 6556 877 831 6557 876 752 6558 874 829 6559 718 812 6560 677 785 6561 699 796 6562 875 759 6563 549 932 6564 677 785 6565 872 805 6566 699 796 6567 718 812 6568 874 829 6569 707 802 6570 876 752 6571 878 754 6572 879 655 6573 857 651 6574 607 658 6575 857 651 6576 869 590 6577 619 659 6578 869 590 6579 866 588 6580 616 660 6581 866 588 6582 864 586 6583 614 661 6584 864 586 6585 862 584 6586 612 662 6587 862 584 6588 860 582 6589 610 663 6590 860 582 6591 858 580 6592 608 664 6593 858 580 6594 870 578 6595 620 665 6596 870 578 6597 867 576 6598 617 666 6599 867 576 6600 865 574 6601 615 667 6602 865 574 6603 863 572 6604 613 668 6605 863 572 6606 861 570 6607 611 669 6608 861 570 6609 859 568 6610 609 670 6611 859 568 6612 871 566 6613 621 671 6614 871 566 6615 868 564 6616 618 672 6617 868 564 6618 855 562 6619 605 673 6620 855 562 6621 854 560 6622 604 674 6623 854 560 6624 853 559 6625 603 764 6626 644 686 6627 834 768 6628 906 715 6629 736 512 6630 905 940 6631 904 933 6632 834 768 6633 641 767 6634 891 927 6635 655 684 6636 658 683 6637 892 934 6638 656 687 6639 644 686 6640 881 778 6641 646 694 6642 648 693 6643 893 736 6644 658 683 6645 646 694 6646 884 729 6647 650 698 6648 652 697 6649 894 740 6650 648 693 6651 650 698 6652 885 733 6653 654 702 6654 657 701 6655 895 744 6656 652 697 6657 654 702 6658 886 737 6659 645 706 6660 647 705 6661 896 751 6662 642 689 6663 1010 691 6664 1012 936 6665 657 701 6666 645 706 6667 887 741 6668 649 710 6669 651 709 6670 898 938 6671 1029 690 6672 642 689 6673 883 937 6674 647 705 6675 649 710 6676 889 745 6677 653 713 6678 656 687 6679 882 724 6680 651 709 6681 653 713 6682 890 762 6683 713 820 6684 903 793 6685 905 940 6686 847 941 6687 933 681 6688 909 928 6689 550 650 6690 829 654 6691 932 766 6692 738 753 6693 931 513 6694 930 835 6695 713 820 6696 929 511 6697 927 813 6698 927 813 6699 928 797 6700 705 791 6701 928 797 6702 926 787 6703 683 769 6704 926 787 6705 1027 786 6706 643 942 6707 829 654 6708 546 916 6709 909 928 6710 549 932 6711 547 558 6712 913 755 6713 557 585 6714 559 587 6715 925 712 6716 559 587 6717 562 589 6718 912 685 6719 553 581 6720 555 583 6721 923 708 6722 555 583 6723 557 585 6724 924 714 6725 563 577 6726 551 579 6727 921 704 6728 551 579 6729 553 581 6730 922 711 6731 558 573 6732 560 575 6733 919 700 6734 560 575 6735 563 577 6736 920 707 6737 554 569 6738 556 571 6739 917 696 6740 556 571 6741 558 573 6742 918 703 6743 564 565 6744 552 567 6745 915 692 6746 552 567 6747 554 569 6748 916 699 6749 548 561 6750 561 563 6751 910 682 6752 547 558 6753 548 561 6754 914 688 6755 562 589 6756 550 650 6757 908 912 6758 561 563 6759 564 565 6760 911 695 6761 710 931 6762 929 511 6763 931 513 6764 687 943 6765 937 962 6766 938 944 6767 901 810 6768 902 792 6769 993 811 6770 689 926 6771 939 949 6772 940 948 6773 688 945 6774 938 944 6775 939 949 6776 691 777 6777 941 956 6778 942 950 6779 806 951 6780 943 955 6781 936 952 6782 524 954 6783 934 964 6784 943 955 6785 690 858 6786 940 948 6787 941 956 6788 873 929 6789 692 774 6790 942 950 6791 938 944 6792 949 966 6793 950 957 6794 941 956 6795 952 959 6796 953 958 6797 940 948 6798 951 968 6799 952 959 6800 969 780 6801 900 779 6802 685 960 6803 936 952 6804 947 967 6805 948 961 6806 942 950 6807 953 958 6808 954 963 6809 934 964 6810 945 970 6811 955 965 6812 937 962 6813 948 961 6814 949 966 6815 943 955 6816 955 965 6817 947 967 6818 939 949 6819 950 957 6820 951 968 6821 959 775 6822 966 930 6823 880 921 6824 687 943 6825 963 772 6826 956 555 6827 966 930 6828 967 679 6829 847 941 6830 852 591 6831 964 771 6832 961 857 6833 965 919 6834 958 920 6835 810 969 6836 806 951 6837 957 557 6838 965 919 6839 849 925 6840 961 857 6841 962 776 6842 850 924 6843 962 776 6844 960 773 6845 848 923 6846 960 773 6847 959 775 6848 688 945 6849 964 771 6850 963 772 6851 686 953 6852 956 555 6853 957 557 6854 686 953 6855 936 952 6856 937 962 6857 945 970 6858 934 964 6859 524 954 6860 900 779 6861 944 947 6862 935 971 6863 845 680 6864 967 679 6865 969 780 6866 944 947 6867 954 963 6868 946 972 6869 898 938 6870 890 762 6871 670 763 6872 970 973 6873 518 977 6874 519 974 6875 974 976 6876 517 1025 6877 518 977 6878 977 978 6879 514 991 6880 515 979 6881 519 974 6882 520 984 6883 973 981 6884 975 980 6885 515 979 6886 516 982 6887 520 984 6888 521 989 6889 976 985 6890 522 986 6891 523 1509 6892 979 987 6893 521 989 6894 522 986 6895 1021 988 6896 978 990 6897 513 1476 6898 514 991 6899 984 728 6900 980 727 6901 978 990 6902 981 749 6903 974 976 6904 970 973 6905 988 992 6906 985 995 6907 971 975 6908 1022 993 6909 1002 994 6910 976 985 6911 1002 994 6912 988 992 6913 973 981 6914 985 995 6915 986 750 6916 970 973 6917 982 996 6918 972 983 6919 974 976 6920 982 996 6921 983 997 6922 975 980 6923 983 997 6924 984 728 6925 977 978 6926 992 998 6927 994 1001 6928 1018 999 6929 991 794 6930 993 811 6931 994 1001 6932 1023 822 6933 1000 1004 6934 996 1002 6935 1000 1004 6936 1001 911 6937 995 795 6938 905 940 6939 1001 911 6940 997 1005 6941 1001 911 6942 1000 1004 6943 998 1006 6944 994 1001 6945 990 1008 6946 1016 1007 6947 993 811 6948 989 720 6949 990 1008 6950 996 1002 6951 992 998 6952 1017 1000 6953 995 795 6954 991 794 6955 992 998 6956 990 1008 6957 989 720 6958 999 719 6959 1011 935 6960 892 934 6961 987 732 6962 1006 1011 6963 1004 1014 6964 985 995 6965 1008 939 6966 883 937 6967 1003 1012 6968 1005 1013 6969 897 1015 6970 1004 1014 6971 888 770 6972 1005 1013 6973 1006 1011 6974 1007 756 6975 1029 690 6976 1008 939 6977 999 719 6978 1006 1011 6979 988 992 6980 897 1015 6981 1008 939 6982 1009 748 6983 897 1015 6984 1005 1013 6985 1028 757 6986 643 942 6987 1028 757 6988 1005 1013 6989 883 937 6990 1012 936 6991 1014 1016 6992 1012 936 6993 1011 935 6994 1013 1010 6995 1010 691 6996 655 684 6997 1011 935 6998 1014 1016 6999 982 996 7000 981 749 7001 1004 1014 7002 1009 748 7003 986 750 7004 684 1017 7005 1016 1007 7006 1026 1018 7007 696 1020 7008 1019 1003 7009 1017 1000 7010 1018 999 7011 1016 1007 7012 684 1017 7013 737 1023 7014 1023 822 7015 1019 1003 7016 1017 1000 7017 1018 999 7018 701 1022 7019 660 1024 7020 1022 993 7021 1021 988 7022 1016 1007 7023 990 1008 7024 1024 1009 7025 1000 1004 7026 1023 822 7027 1020 824 7028 1025 1019 7029 1026 1018 7030 1022 993 7031 1026 1018 7032 1024 1009 7033 1002 994 7034 1013 1010 7035 984 728 7036 983 997 7037 972 983 7038 516 982 7039 517 1025 7040 1418 1026 7041 1420 1330 7042 1228 1027 7043 1236 1029 7044 1235 1032 7045 1268 1030 7046 1235 1032 7047 1239 1056 7048 1259 1033 7049 1238 1034 7050 1237 1040 7051 1266 1035 7052 1241 1037 7053 1240 1050 7054 1256 1038 7055 1237 1040 7056 1241 1037 7057 1260 1039 7058 1242 1041 7059 1058 1048 7060 1261 1042 7061 1243 1044 7062 1257 1055 7063 1265 1045 7064 1248 1047 7065 1060 1066 7066 1058 1048 7067 1267 1049 7068 1190 1062 7069 1244 1046 7070 1240 1050 7071 1246 1057 7072 1271 1051 7073 1245 1043 7074 1261 1042 7075 1262 1052 7076 1243 1044 7077 1234 1061 7078 1269 1054 7079 1239 1056 7080 1238 1034 7081 1255 1036 7082 1246 1057 7083 1247 1053 7084 1262 1052 7085 1233 1058 7086 1232 1353 7087 1258 1059 7088 1234 1061 7089 1233 1058 7090 1263 1060 7091 1190 1062 7092 1267 1049 7093 1327 1063 7094 1249 1065 7095 1176 1260 7096 1060 1066 7097 1196 1067 7098 1198 1302 7099 1211 1068 7100 1332 1070 7101 1330 1419 7102 1443 1071 7103 1342 1073 7104 1064 1423 7105 1062 1074 7106 1343 1075 7107 1062 1074 7108 1063 1076 7109 1344 1077 7110 1063 1076 7111 1076 1078 7112 1357 1079 7113 1076 1078 7114 1079 1080 7115 1360 1081 7116 1079 1080 7117 1067 1082 7118 1348 1083 7119 1067 1082 7120 1069 1084 7121 1350 1085 7122 1069 1084 7123 1071 1086 7124 1352 1087 7125 1071 1086 7126 1073 1088 7127 1354 1089 7128 1073 1088 7129 1075 1090 7130 1356 1091 7131 1075 1090 7132 1078 1092 7133 1359 1093 7134 1078 1092 7135 1066 1094 7136 1347 1095 7137 1066 1094 7138 1068 1096 7139 1349 1097 7140 1068 1096 7141 1070 1098 7142 1351 1099 7143 1070 1098 7144 1072 1100 7145 1353 1101 7146 1072 1100 7147 1074 1102 7148 1355 1103 7149 1074 1102 7150 1077 1104 7151 1191 1106 7152 1264 1358 7153 1341 1107 7154 1115 1109 7155 1096 1113 7156 1084 1110 7157 1112 1112 7158 1093 1115 7159 1096 1113 7160 1110 1114 7161 1091 1117 7162 1093 1115 7163 1108 1116 7164 1089 1119 7165 1091 1117 7166 1106 1118 7167 1087 1121 7168 1089 1119 7169 1104 1120 7170 1085 1123 7171 1087 1121 7172 1116 1122 7173 1097 1125 7174 1085 1123 7175 1113 1124 7176 1094 1127 7177 1097 1125 7178 1111 1126 7179 1092 1129 7180 1094 1127 7181 1109 1128 7182 1090 1131 7183 1092 1129 7184 1107 1130 7185 1088 1133 7186 1090 1131 7187 1105 1132 7188 1086 1135 7189 1088 1133 7190 1117 1134 7191 1098 1137 7192 1086 1135 7193 1114 1136 7194 1095 1139 7195 1098 1137 7196 1101 1138 7197 1082 1141 7198 1095 1139 7199 1100 1140 7200 1081 1143 7201 1082 1141 7202 1099 1142 7203 1080 1189 7204 1081 1143 7205 1195 1144 7206 1197 1167 7207 1208 1145 7208 1137 1147 7209 1099 1142 7210 1100 1140 7211 1138 1148 7212 1100 1140 7213 1101 1138 7214 1139 1149 7215 1101 1138 7216 1114 1136 7217 1152 1150 7218 1114 1136 7219 1117 1134 7220 1155 1151 7221 1117 1134 7222 1105 1132 7223 1143 1152 7224 1105 1132 7225 1107 1130 7226 1145 1153 7227 1107 1130 7228 1109 1128 7229 1147 1154 7230 1109 1128 7231 1111 1126 7232 1149 1155 7233 1111 1126 7234 1113 1124 7235 1151 1156 7236 1113 1124 7237 1116 1122 7238 1154 1157 7239 1116 1122 7240 1104 1120 7241 1142 1158 7242 1104 1120 7243 1106 1118 7244 1144 1159 7245 1106 1118 7246 1108 1116 7247 1146 1160 7248 1108 1116 7249 1110 1114 7250 1148 1161 7251 1110 1114 7252 1112 1112 7253 1150 1162 7254 1112 1112 7255 1115 1109 7256 1153 1163 7257 1115 1109 7258 1103 1111 7259 1358 1105 7260 1077 1104 7261 1065 1165 7262 1197 1167 7263 1193 1192 7264 1214 1168 7265 1346 1166 7266 1065 1165 7267 1320 1169 7268 1103 1111 7269 1084 1110 7270 1321 1171 7271 1096 1113 7272 1134 1174 7273 1122 1173 7274 1093 1115 7275 1131 1175 7276 1134 1174 7277 1091 1117 7278 1129 1176 7279 1131 1175 7280 1089 1119 7281 1127 1177 7282 1129 1176 7283 1087 1121 7284 1125 1178 7285 1127 1177 7286 1085 1123 7287 1123 1179 7288 1125 1178 7289 1097 1125 7290 1135 1180 7291 1123 1179 7292 1094 1127 7293 1132 1181 7294 1135 1180 7295 1092 1129 7296 1130 1182 7297 1132 1181 7298 1090 1131 7299 1128 1183 7300 1130 1182 7301 1088 1133 7302 1126 1184 7303 1128 1183 7304 1086 1135 7305 1124 1185 7306 1126 1184 7307 1098 1137 7308 1136 1186 7309 1124 1185 7310 1095 1139 7311 1133 1187 7312 1136 1186 7313 1082 1141 7314 1120 1188 7315 1133 1187 7316 1081 1143 7317 1119 1190 7318 1120 1188 7319 1080 1189 7320 1118 1267 7321 1119 1190 7322 1141 1164 7323 1103 1111 7324 1322 1172 7325 1060 1066 7326 1137 1147 7327 1138 1148 7328 1193 1192 7329 1196 1067 7330 1213 1069 7331 1084 1110 7332 1122 1173 7333 1323 1193 7334 1399 1197 7335 1170 1207 7336 1173 1198 7337 1401 1200 7338 1171 1229 7339 1159 1201 7340 1404 1208 7341 1161 1211 7342 1163 1209 7343 1400 1199 7344 1173 1198 7345 1161 1211 7346 1406 1212 7347 1165 1215 7348 1167 1213 7349 1405 1210 7350 1163 1209 7351 1165 1215 7352 1408 1216 7353 1169 1219 7354 1172 1217 7355 1407 1214 7356 1167 1213 7357 1169 1219 7358 1410 1220 7359 1160 1223 7360 1162 1221 7361 1409 1218 7362 1172 1217 7363 1160 1223 7364 1412 1224 7365 1164 1227 7366 1166 1225 7367 1411 1222 7368 1162 1221 7369 1164 1227 7370 1414 1228 7371 1168 1230 7372 1171 1229 7373 1413 1226 7374 1166 1225 7375 1168 1230 7376 1395 1231 7377 835 717 7378 659 716 7379 1482 1233 7380 1377 1272 7381 1388 1234 7382 1371 1237 7383 673 726 7384 661 725 7385 980 727 7386 672 722 7387 1498 1236 7388 1373 1240 7389 663 731 7390 665 730 7391 1374 1243 7392 667 735 7393 669 734 7394 1382 1241 7395 665 730 7396 667 735 7397 1375 1245 7398 671 739 7399 674 738 7400 1383 1244 7401 669 734 7402 671 739 7403 1376 1247 7404 662 743 7405 664 742 7406 1384 1246 7407 674 738 7408 662 743 7409 1378 1249 7410 666 747 7411 668 746 7412 1492 1251 7413 1469 1477 7414 1464 1252 7415 1385 1248 7416 664 742 7417 666 747 7418 1365 1254 7419 1367 1327 7420 1229 1255 7421 1137 1147 7422 1060 1066 7423 1176 1260 7424 1099 1142 7425 1137 1147 7426 1180 1261 7427 1364 1263 7428 1195 1144 7429 1209 1146 7430 1080 1189 7431 1099 1142 7432 1178 1262 7433 1379 1266 7434 670 763 7435 673 726 7436 1118 1267 7437 1080 1189 7438 1174 1265 7439 1421 1269 7440 1325 1405 7441 1156 1270 7442 1377 1272 7443 1158 1431 7444 1181 1273 7445 1340 1108 7446 1341 1107 7447 1451 1274 7448 1188 1276 7449 1187 1279 7450 1447 1277 7451 1187 1279 7452 1186 1355 7453 1449 1280 7454 1370 1238 7455 661 725 7456 835 717 7457 1389 1281 7458 1189 1435 7459 1454 1194 7460 1328 1283 7461 1326 1064 7462 1191 1106 7463 1292 1285 7464 1177 1377 7465 1192 1286 7466 1509 1288 7467 1064 1423 7468 1175 1289 7469 968 789 7470 1455 1282 7471 1396 1291 7472 1388 1234 7473 1181 1273 7474 1199 1292 7475 1474 1294 7476 1390 1311 7477 1392 1295 7478 1415 1290 7479 1175 1289 7480 1194 1297 7481 1294 1287 7482 1192 1286 7483 1210 1299 7484 1178 1262 7485 1180 1261 7486 1196 1067 7487 1342 1073 7488 1118 1267 7489 1179 1268 7490 1174 1265 7491 1178 1262 7492 1193 1192 7493 1179 1268 7494 1174 1265 7495 1197 1167 7496 1180 1261 7497 1176 1260 7498 1198 1302 7499 1209 1146 7500 1208 1145 7501 1200 1303 7502 1293 1300 7503 1210 1299 7504 1202 1305 7505 1361 1301 7506 1179 1268 7507 1195 1144 7508 1213 1069 7509 1211 1068 7510 1203 1307 7511 1208 1145 7512 1214 1168 7513 1206 1309 7514 1391 1293 7515 1199 1292 7516 1215 1310 7517 1214 1168 7518 1213 1069 7519 1205 1308 7520 1472 1235 7521 1388 1234 7522 1391 1293 7523 1417 1298 7524 1194 1297 7525 1212 1313 7526 1225 1315 7527 1219 1326 7528 1221 1316 7529 1227 1318 7530 1222 1321 7531 1216 1319 7532 1390 1311 7533 1215 1310 7534 1207 1028 7535 1224 1317 7536 1221 1316 7537 1222 1321 7538 1506 1322 7539 1503 1505 7540 723 823 7541 1418 1026 7542 1416 1314 7543 1212 1313 7544 1226 1320 7545 1216 1319 7546 1217 1323 7547 1254 1325 7548 1253 1333 7549 1219 1326 7550 1363 1264 7551 1209 1146 7552 1201 1304 7553 1367 1327 7554 1366 1422 7555 1220 1328 7556 1252 1329 7557 1254 1325 7558 1225 1315 7559 1200 1303 7560 1226 1320 7561 1231 1324 7562 1420 1330 7563 1419 1430 7564 1223 1331 7565 1205 1308 7566 1224 1317 7567 1227 1318 7568 1206 1309 7569 1227 1318 7570 1226 1320 7571 1203 1307 7572 1225 1315 7573 1224 1317 7574 1295 1306 7575 1281 1332 7576 1254 1325 7577 1281 1332 7578 1296 1379 7579 1253 1333 7580 1211 1068 7581 1250 1334 7582 1252 1329 7583 1198 1302 7584 1251 1335 7585 1250 1334 7586 1176 1260 7587 1249 1065 7588 1251 1335 7589 1292 1285 7590 1249 1065 7591 1248 1047 7592 1247 1053 7593 1246 1057 7594 1279 1337 7595 1238 1034 7596 1239 1056 7597 1276 1339 7598 1234 1061 7599 1243 1044 7600 1278 1341 7601 1289 1343 7602 1245 1043 7603 1247 1053 7604 1246 1057 7605 1240 1050 7606 1277 1344 7607 1287 1345 7608 1242 1041 7609 1245 1043 7610 1236 1029 7611 1232 1353 7612 1272 1346 7613 1243 1044 7614 1244 1046 7615 1288 1348 7616 1291 1336 7617 1248 1047 7618 1242 1041 7619 1241 1037 7620 1237 1040 7621 1275 1349 7622 1240 1050 7623 1241 1037 7624 1286 1350 7625 1239 1056 7626 1235 1032 7627 1273 1351 7628 1237 1040 7629 1238 1034 7630 1285 1340 7631 1235 1032 7632 1236 1029 7633 1284 1347 7634 1233 1058 7635 1234 1061 7636 1283 1342 7637 1232 1353 7638 1233 1058 7639 1282 1352 7640 1288 1348 7641 1244 1046 7642 1190 1062 7643 1186 1355 7644 1185 1418 7645 1448 1356 7646 1265 1045 7647 1153 1163 7648 1141 1164 7649 1269 1054 7650 1148 1161 7651 1150 1162 7652 1258 1059 7653 1144 1159 7654 1146 1160 7655 1268 1030 7656 1154 1157 7657 1142 1158 7658 1149 1155 7659 1151 1156 7660 1259 1033 7661 1260 1039 7662 1145 1153 7663 1147 1154 7664 1271 1051 7665 1155 1151 7666 1143 1152 7667 1261 1042 7668 1139 1149 7669 1152 1150 7670 1327 1063 7671 1324 1191 7672 1140 1357 7673 1257 1055 7674 1150 1162 7675 1153 1163 7676 1263 1060 7677 1146 1160 7678 1148 1161 7679 1270 1031 7680 1142 1158 7681 1144 1159 7682 1151 1156 7683 1154 1157 7684 1268 1030 7685 1147 1154 7686 1149 1155 7687 1255 1036 7688 1256 1038 7689 1143 1152 7690 1145 1153 7691 1262 1052 7692 1152 1150 7693 1155 1151 7694 1058 1048 7695 1138 1148 7696 1139 1149 7697 1232 1353 7698 1236 1029 7699 1270 1031 7700 1040 1359 7701 1288 1348 7702 1274 1354 7703 1272 1346 7704 1282 1352 7705 1050 1361 7706 1282 1352 7707 1283 1342 7708 1045 1363 7709 1273 1351 7710 1284 1347 7711 1051 1364 7712 1275 1349 7713 1285 1340 7714 1052 1366 7715 1276 1339 7716 1273 1351 7717 1047 1365 7718 1277 1344 7719 1286 1350 7720 1053 1369 7721 1286 1350 7722 1275 1349 7723 1046 1367 7724 1059 1371 7725 1291 1336 7726 1287 1345 7727 1278 1341 7728 1288 1348 7729 1040 1359 7730 1284 1347 7731 1272 1346 7732 1041 1362 7733 1054 1372 7734 1287 1345 7735 1289 1343 7736 1279 1337 7737 1277 1344 7738 1043 1370 7739 1055 1374 7740 1289 1343 7741 1290 1338 7742 1283 1342 7743 1278 1341 7744 1049 1373 7745 1285 1340 7746 1276 1339 7747 1042 1368 7748 1290 1338 7749 1279 1337 7750 1057 1375 7751 1177 1377 7752 1292 1285 7753 1291 1336 7754 1230 1378 7755 1218 1510 7756 1296 1379 7757 1202 1305 7758 1230 1378 7759 1281 1332 7760 1250 1334 7761 1293 1300 7762 1295 1306 7763 1251 1335 7764 1294 1287 7765 1293 1300 7766 1249 1065 7767 1292 1285 7768 1294 1287 7769 1319 1380 7770 1328 1283 7771 1280 1284 7772 1044 1381 7773 1280 1284 7774 1332 1070 7775 1340 1108 7776 1330 1419 7777 1280 1284 7778 1054 1372 7779 1302 1400 7780 1318 1384 7781 1046 1367 7782 1315 1388 7783 1316 1385 7784 1059 1371 7785 1318 1384 7786 1317 1383 7787 1053 1369 7788 1316 1385 7789 1310 1386 7790 1047 1365 7791 1314 1390 7792 1313 1387 7793 1052 1366 7794 1312 1391 7795 1315 1388 7796 1045 1363 7797 1308 1395 7798 1311 1389 7799 1051 1364 7800 1305 1397 7801 1314 1390 7802 1042 1368 7803 1313 1387 7804 1312 1391 7805 1050 1361 7806 1311 1389 7807 1306 1392 7808 1057 1375 7809 1309 1394 7810 1307 1393 7811 1043 1370 7812 1310 1386 7813 1309 1394 7814 1049 1373 7815 1298 1402 7816 1308 1395 7817 1056 1376 7818 1307 1393 7819 1303 1396 7820 1041 1362 7821 1306 1392 7822 1305 1397 7823 1048 1360 7824 1304 1399 7825 1299 1398 7826 1319 1380 7827 1329 1403 7828 1304 1399 7829 1055 1374 7830 1303 1396 7831 1302 1400 7832 1331 1401 7833 1300 1511 7834 1044 1381 7835 1040 1359 7836 1299 1398 7837 1298 1402 7838 1044 1381 7839 1300 1511 7840 1329 1403 7841 1048 1360 7842 1274 1354 7843 1328 1283 7844 1267 1049 7845 1141 1164 7846 1324 1191 7847 1392 1295 7848 1394 1425 7849 1484 1404 7850 1274 1354 7851 1190 1062 7852 1326 1064 7853 1397 1202 7854 1159 1201 7855 1325 1405 7856 1321 1171 7857 1323 1193 7858 1121 1406 7859 1324 1191 7860 1322 1172 7861 1102 1408 7862 1322 1172 7863 1321 1171 7864 1083 1407 7865 1368 1170 7866 1320 1169 7867 1061 1409 7868 1326 1064 7869 1327 1063 7870 1264 1358 7871 1333 1382 7872 1332 1070 7873 1444 1072 7874 1445 1412 7875 1331 1401 7876 1333 1382 7877 1061 1409 7878 1336 1429 7879 1369 1413 7880 1335 1414 7881 1337 1415 7882 1083 1407 7883 1337 1415 7884 1339 1416 7885 1102 1408 7886 1339 1416 7887 1338 1417 7888 1140 1357 7889 1338 1417 7890 1341 1107 7891 1264 1358 7892 1185 1418 7893 1184 1434 7894 1451 1274 7895 1396 1291 7896 1334 1196 7897 1156 1270 7898 844 790 7899 1396 1291 7900 1380 1232 7901 1156 1270 7902 1334 1196 7903 1422 1195 7904 1454 1194 7905 1189 1435 7906 1362 1420 7907 1450 1275 7908 1443 1071 7909 1330 1419 7910 1453 1421 7911 1362 1420 7912 1188 1276 7913 1345 1410 7914 1369 1413 7915 1335 1414 7916 1323 1193 7917 1368 1170 7918 1345 1410 7919 1231 1324 7920 1217 1323 7921 1366 1422 7922 1212 1313 7923 1363 1264 7924 1365 1254 7925 1175 1289 7926 1361 1301 7927 1364 1263 7928 1064 1423 7929 1342 1073 7930 1361 1301 7931 1194 1297 7932 1364 1263 7933 1363 1264 7934 1201 1304 7935 1231 1324 7936 1367 1327 7937 1122 1173 7938 1346 1166 7939 1368 1170 7940 1134 1174 7941 1358 1105 7942 1346 1166 7943 1131 1175 7944 1355 1103 7945 1358 1105 7946 1129 1176 7947 1353 1101 7948 1355 1103 7949 1127 1177 7950 1351 1099 7951 1353 1101 7952 1125 1178 7953 1349 1097 7954 1351 1099 7955 1123 1179 7956 1347 1095 7957 1349 1097 7958 1135 1180 7959 1359 1093 7960 1347 1095 7961 1132 1181 7962 1356 1091 7963 1359 1093 7964 1130 1182 7965 1354 1089 7966 1356 1091 7967 1128 1183 7968 1352 1087 7969 1354 1089 7970 1126 1184 7971 1350 1085 7972 1352 1087 7973 1124 1185 7974 1348 1083 7975 1350 1085 7976 1136 1186 7977 1360 1081 7978 1348 1083 7979 1133 1187 7980 1357 1079 7981 1360 1081 7982 1120 1188 7983 1344 1077 7984 1357 1079 7985 1119 1190 7986 1343 1075 7987 1344 1077 7988 1118 1267 7989 1342 1073 7990 1343 1075 7991 1159 1201 7992 1370 1238 7993 1395 1231 7994 1228 1027 7995 1223 1331 7996 1393 1424 7997 1325 1405 7998 1395 1231 7999 1380 1232 8000 1170 1207 8001 1494 1495 8002 1381 1426 8003 1171 1229 8004 1371 1237 8005 1370 1238 8006 1161 1211 8007 1373 1240 8008 1382 1241 8009 1173 1198 8010 1381 1426 8011 1373 1240 8012 1165 1215 8013 1374 1243 8014 1383 1244 8015 1163 1209 8016 1382 1241 8017 1374 1243 8018 1169 1219 8019 1375 1245 8020 1384 1246 8021 1167 1213 8022 1383 1244 8023 1375 1245 8024 1160 1223 8025 1376 1247 8026 1385 1248 8027 1157 1205 8028 1372 1428 8029 1495 1427 8030 1172 1217 8031 1384 1246 8032 1376 1247 8033 1164 1227 8034 1378 1249 8035 1387 1250 8036 1511 1204 8037 1491 1498 8038 1372 1428 8039 1162 1221 8040 1385 1248 8041 1378 1249 8042 1168 1230 8043 1379 1266 8044 1371 1237 8045 1166 1225 8046 1387 1250 8047 1379 1266 8048 1207 1028 8049 1228 1027 8050 1394 1425 8051 1398 1271 8052 1422 1195 8053 1336 1429 8054 1065 1165 8055 1397 1202 8056 1421 1269 8057 1229 1255 8058 1220 1328 8059 1419 1430 8060 1207 1028 8061 1215 1310 8062 1416 1314 8063 1199 1292 8064 1417 1298 8065 1416 1314 8066 1181 1273 8067 1415 1290 8068 1417 1298 8069 1158 1431 8070 1509 1288 8071 1415 1290 8072 1320 1169 8073 1421 1269 8074 1398 1271 8075 1064 1423 8076 1509 1288 8077 1402 1257 8078 1072 1100 8079 1413 1226 8080 1414 1228 8081 1074 1102 8082 1414 1228 8083 1401 1200 8084 1068 1096 8085 1411 1222 8086 1412 1224 8087 1070 1098 8088 1412 1224 8089 1413 1226 8090 1078 1092 8091 1409 1218 8092 1410 1220 8093 1066 1094 8094 1410 1220 8095 1411 1222 8096 1073 1088 8097 1407 1214 8098 1408 1216 8099 1075 1090 8100 1408 1216 8101 1409 1218 8102 1069 1084 8103 1405 1210 8104 1406 1212 8105 1071 1086 8106 1406 1212 8107 1407 1214 8108 1079 1080 8109 1400 1199 8110 1404 1208 8111 1067 1082 8112 1404 1208 8113 1405 1210 8114 1063 1076 8115 1403 1203 8116 1399 1197 8117 1062 1074 8118 1402 1257 8119 1403 1203 8120 1077 1104 8121 1401 1200 8122 1397 1202 8123 1076 1078 8124 1399 1197 8125 1400 1199 8126 1204 1256 8127 1229 1255 8128 1420 1330 8129 1426 1432 8130 1425 1450 8131 1183 1433 8132 1476 1312 8133 1391 1293 8134 1390 1311 8135 1428 1437 8136 1427 1438 8137 1185 1418 8138 1427 1438 8139 1426 1432 8140 1184 1434 8141 1430 1439 8142 1429 1445 8143 1187 1279 8144 1424 1440 8145 1431 1443 8146 1297 1441 8147 1431 1443 8148 1423 1453 8149 1039 1444 8150 1429 1445 8151 1428 1437 8152 1186 1355 8153 1362 1420 8154 1432 1436 8155 1430 1439 8156 1437 1446 8157 1436 1454 8158 1426 1432 8159 1440 1447 8160 1439 1448 8161 1429 1445 8162 1439 1448 8163 1438 1456 8164 1428 1437 8165 1455 1282 8166 968 789 8167 685 960 8168 1435 1449 8169 1434 1455 8170 1424 1440 8171 1441 1451 8172 1440 1447 8173 1430 1439 8174 1442 1452 8175 1433 1458 8176 1423 1453 8177 1436 1454 8178 1435 1449 8179 1425 1450 8180 1434 1455 8181 1442 1452 8182 1431 1443 8183 1438 1456 8184 1437 1446 8185 1427 1438 8186 1369 1413 8187 1453 1421 8188 1446 1278 8189 1183 1433 8190 1182 1442 8191 1443 1071 8192 1336 1429 8193 1454 1194 8194 1453 1421 8195 1448 1356 8196 1451 1274 8197 1341 1107 8198 1301 1457 8199 1445 1412 8200 1452 1411 8201 1452 1411 8202 1444 1072 8203 1297 1441 8204 1449 1280 8205 1448 1356 8206 1338 1417 8207 1447 1277 8208 1449 1280 8209 1339 1416 8210 1446 1278 8211 1447 1277 8212 1337 1415 8213 1450 1275 8214 1451 1274 8215 1184 1434 8216 1444 1072 8217 1443 1071 8218 1182 1442 8219 1425 1450 8220 1424 1440 8221 1182 1442 8222 1039 1444 8223 1423 1453 8224 1433 1458 8225 935 971 8226 1432 1436 8227 1389 1281 8228 1455 1282 8229 1454 1194 8230 1334 1196 8231 946 972 8232 1441 1451 8233 1432 1436 8234 1387 1250 8235 668 746 8236 670 763 8237 1456 1459 8238 1457 1468 8239 1035 1460 8240 1460 1462 8241 1456 1459 8242 1034 1461 8243 1463 1464 8244 1461 1469 8245 1031 1465 8246 1459 1467 8247 1036 1472 8248 1035 1460 8249 1461 1469 8250 1458 1506 8251 1032 1470 8252 1462 1471 8253 1037 1475 8254 1036 1472 8255 979 987 8256 523 1509 8257 1038 1473 8258 1504 1474 8259 1038 1473 8260 1037 1475 8261 978 990 8262 1463 1464 8263 1030 1466 8264 1467 1239 8265 1463 1464 8266 978 990 8267 1456 1459 8268 1460 1462 8269 1464 1252 8270 1471 1478 8271 1459 1467 8272 1457 1468 8273 1505 1480 8274 1504 1474 8275 1462 1471 8276 1485 1481 8277 1462 1471 8278 1459 1467 8279 1468 1479 8280 1457 1468 8281 1456 1459 8282 1460 1462 8283 1458 1506 8284 1465 1482 8285 1465 1482 8286 1458 1506 8287 1461 1469 8288 1466 1483 8289 1461 1469 8290 1463 1464 8291 1501 1484 8292 1477 1487 8293 1475 1485 8294 1477 1487 8295 1476 1312 8296 1474 1294 8297 1479 1488 8298 1483 1490 8299 1506 1322 8300 1478 1296 8301 1484 1404 8302 1483 1490 8303 1394 1425 8304 1393 1424 8305 1480 1491 8306 1484 1404 8307 1480 1491 8308 1481 1492 8309 1499 1493 8310 1473 1494 8311 1477 1487 8312 1473 1494 8313 1472 1235 8314 1476 1312 8315 1500 1486 8316 1475 1485 8317 1479 1488 8318 1475 1485 8319 1474 1294 8320 1478 1296 8321 1473 1494 8322 1507 1504 8323 1482 1233 8324 1494 1495 8325 1496 1502 8326 1470 1242 8327 1489 1496 8328 1471 1478 8329 1468 1479 8330 1491 1498 8331 1492 1251 8332 1486 1253 8333 1488 1499 8334 1489 1496 8335 1487 1497 8336 1377 1272 8337 1482 1233 8338 1489 1496 8339 1490 1259 8340 1386 1500 8341 1491 1498 8342 1482 1233 8343 1485 1481 8344 1471 1478 8345 1386 1500 8346 1487 1497 8347 1492 1251 8348 1386 1500 8349 1490 1259 8350 1510 1258 8351 1158 1431 8352 1377 1272 8353 1488 1499 8354 1372 1428 8355 1486 1253 8356 1497 1501 8357 1495 1427 8358 1497 1501 8359 1496 1502 8360 1493 1206 8361 1495 1427 8362 1494 1495 8363 1464 1252 8364 1465 1482 8365 1497 1501 8366 1487 1497 8367 1468 1479 8368 1469 1477 8369 684 1017 8370 1025 1019 8371 1508 1503 8372 696 1020 8373 722 1021 8374 1500 1486 8375 684 1017 8376 1499 1493 8377 1501 1484 8378 1502 1489 8379 1506 1322 8380 737 1023 8381 701 1022 8382 1501 1484 8383 1500 1486 8384 660 1024 8385 979 987 8386 1504 1474 8387 1499 1493 8388 1508 1503 8389 1507 1504 8390 1483 1490 8391 1481 1492 8392 1503 1505 8393 1025 1019 8394 660 1024 8395 1505 1480 8396 1508 1503 8397 1505 1480 8398 1485 1481 8399 1466 1483 8400 1467 1239 8401 1496 1502 8402 1458 1506 8403 1460 1462 8404 1033 1463 8405</p>
        </triangles>
      </mesh>
    </geometry>
  </library_geometries>
  <library_visual_scenes>
    <visual_scene id="Scene" name="Scene">
      <node id="BMW_E30_M3_BODY_001" name="BMW_E30_M3_BODY.001" type="NODE">
        <matrix sid="transform">1 1.4243e-14 8.74228e-8 0 0 1 -1.62921e-7 0 -8.74228e-8 1.62921e-7 1 0 0 0 0 1</matrix>
        <instance_geometry url="#Plane_005-mesh" name="BMW_E30_M3_BODY.001">
          <bind_material>
            <technique_common>
              <instance_material symbol="capo-material" target="#capo-material">
                <bind_vertex_input semantic="UVMap" input_semantic="TEXCOORD" input_set="0"/>
              </instance_material>
            </technique_common>
          </bind_material>
        </instance_geometry>
      </node>
    </visual_scene>
  </library_visual_scenes>
  <scene>
    <instance_visual_scene url="#Scene"/>
  </scene>
</COLLADA>